# 3ds Max Wavefront OBJ Exporter v0.97b - (c)2007 guruware
# File Created: 15.12.2019 11:05:36

mtllib Chainsaw01.mtl

#
# object Chainsaw01
#

v  0.3255 0.4163 -3.4739
v  0.3255 0.5021 -3.5509
v  0.3255 0.6173 -3.5447
v  0.3255 0.6944 -3.4589
v  0.3255 0.6882 -3.3437
v  0.3255 0.6023 -3.2666
v  0.3255 0.4871 -3.2729
v  0.3255 0.4101 -3.3587
v  0.4399 0.4163 -3.4739
v  0.4399 0.5021 -3.5509
v  0.4399 0.6173 -3.5447
v  0.4399 0.6944 -3.4589
v  0.4399 0.6882 -3.3437
v  0.4399 0.6023 -3.2666
v  0.4399 0.4871 -3.2729
v  0.4399 0.4101 -3.3587
v  0.5073 0.4515 -3.4570
v  0.5073 0.5151 -3.5141
v  0.5424 0.5522 -3.4088
v  0.5073 0.6004 -3.5095
v  0.5073 0.6576 -3.4459
v  0.5073 0.6530 -3.3606
v  0.5073 0.5893 -3.3034
v  0.5073 0.5040 -3.3080
v  0.5073 0.4469 -3.3717
v  0.0836 1.5801 0.8493
v  0.0818 1.4286 0.8978
v  0.2931 1.5801 0.8458
v  0.2854 1.4284 0.8979
v  0.0012 0.8128 -0.2543
v  0.0012 0.6617 -0.1841
v  -0.2062 0.8128 -0.2543
v  -0.2062 0.6617 -0.1841
v  0.0012 0.7316 -0.2903
v  0.0012 0.6822 -0.2665
v  -0.2062 0.6822 -0.2665
v  -0.2062 0.7316 -0.2903
v  -0.1815 1.0050 0.2144
v  -0.2062 0.9816 0.1653
v  0.0012 0.9816 0.1653
v  0.0260 1.0050 0.2144
v  0.0012 0.8306 0.2355
v  0.0260 0.8540 0.2846
v  -0.2062 0.8306 0.2355
v  -0.1815 0.8540 0.2846
v  -0.0320 1.1135 0.3835
v  -0.0624 1.0799 0.3411
v  0.1450 1.0799 0.3411
v  0.1755 1.1135 0.3835
v  0.1450 0.9289 0.4113
v  0.1755 0.9625 0.4537
v  -0.0624 0.9289 0.4113
v  -0.0320 0.9625 0.4537
v  0.2535 1.4906 0.6787
v  0.2297 1.3934 0.5796
v  0.0460 1.4906 0.6787
v  0.0223 1.3934 0.5796
v  0.0460 1.3395 0.7489
v  0.0223 1.2527 0.6610
v  0.2535 1.3395 0.7489
v  0.2297 1.2527 0.6610
v  -1.3639 1.5874 0.4767
v  -1.3631 1.3129 0.5971
v  -1.1437 1.5750 0.4584
v  -1.1449 1.3102 0.6021
v  -1.1437 1.1765 0.0053
v  -1.1437 1.0141 0.3927
v  -1.3638 1.1765 0.0053
v  -1.3638 1.0141 0.3927
v  -1.1367 1.7391 0.8857
v  -1.1417 1.4499 0.9623
v  -1.0150 1.4144 0.8373
v  -1.0100 1.7002 0.7517
v  -0.7263 1.9666 0.9428
v  -0.7254 1.4811 1.0635
v  -0.7229 1.4271 0.8987
v  -0.7239 1.9085 0.7593
v  1.4895 1.5919 0.9812
v  1.4823 1.5359 0.8117
v  1.4686 2.0374 0.8316
v  -0.6153 2.1096 0.8981
v  -0.6128 2.1013 0.7019
v  1.4756 1.9974 0.6570
v  -0.4595 2.3987 0.7890
v  -0.3047 2.5101 0.7415
v  -0.4550 2.3884 0.6048
v  -0.3015 2.5056 0.5572
v  1.4322 2.3313 0.7368
v  1.2811 2.4536 0.7095
v  1.4593 2.3238 0.5470
v  1.3082 2.4460 0.5202
v  -0.9219 1.8169 0.9633
v  -0.8666 1.7640 0.7861
v  -0.8921 1.4266 0.8801
v  -0.9474 1.4751 1.0508
v  0.3579 2.5112 0.7278
v  0.3579 2.5063 0.5438
v  1.3896 1.4822 1.0172
v  1.3624 1.4275 0.8510
v  -1.1437 1.4086 0.2021
v  -1.3638 1.4143 0.2198
v  -1.3638 1.1950 0.4490
v  -1.1434 1.1908 0.4427
v  -1.1437 0.7879 -0.0326
v  -1.1437 0.7505 0.3702
v  -1.3638 0.7505 0.3702
v  -1.3638 0.7879 -0.0326
v  -1.1437 0.6908 0.0581
v  -1.1437 0.6645 0.2332
v  -1.3638 0.6645 0.2332
v  -1.3638 0.6908 0.0581
v  -1.3638 0.9804 -0.0583
v  -1.3638 0.7986 0.3982
v  -1.1437 0.7986 0.3982
v  -1.1437 0.9804 -0.0583
v  -1.2972 1.6750 0.7006
v  -1.1190 1.6516 0.6088
v  -1.1194 1.3679 0.7116
v  -1.2895 1.3896 0.7812
v  0.3457 2.0859 0.8849
v  0.3307 1.8701 0.9509
v  0.3078 1.4824 1.0509
v  0.3551 2.3599 0.7851
v  0.3574 2.4032 0.5808
v  -1.1436 1.3757 0.5675
v  -1.1193 1.4291 0.6894
v  -1.0139 1.4733 0.8187
v  -0.8873 1.4892 0.8623
v  -0.7231 1.4947 0.8791
v  0.0826 1.4985 0.8754
v  0.0460 1.3990 0.7213
v  0.0223 1.3152 0.6270
v  -1.0159 1.4066 0.6551
v  -0.8780 1.4166 0.6948
v  -0.7285 1.4213 0.7101
v  -0.0816 1.4028 0.7193
v  -1.0185 1.3408 0.6872
v  -0.8797 1.3509 0.7270
v  -0.7301 1.3574 0.7465
v  -0.0815 1.3453 0.7509
v  -1.1868 -0.7697 -1.4741
v  -1.1865 -1.4631 -1.7846
v  -1.1877 -1.4659 -0.3637
v  -1.1868 -0.7697 -0.3701
v  -1.1871 -1.0374 -0.2772
v  -1.1870 -1.0285 -0.3701
v  -1.1871 -1.1282 -0.1240
v  -1.1877 -1.3515 -0.1240
v  -1.1877 -1.4461 -0.2677
v  -1.0728 -1.4659 -0.3637
v  -1.0717 -1.4631 -1.7846
v  -1.0720 -0.7697 -0.3701
v  -1.0722 -1.0285 -0.3701
v  -1.0722 -1.0374 -0.2772
v  -1.0722 -1.1282 -0.1240
v  -1.0728 -1.4461 -0.2677
v  -1.0728 -1.3515 -0.1240
v  -1.1874 -1.2363 -0.0966
v  -1.0725 -1.2363 -0.0966
v  -1.0728 -1.4137 -0.1818
v  -1.1877 -1.4137 -0.1818
v  -1.1871 -1.0679 -0.1864
v  -1.0722 -1.0679 -0.1864
v  -1.2348 -0.4458 0.4498
v  -1.0617 -0.5214 0.4498
v  -1.2348 0.3459 0.4498
v  -1.0617 0.4215 0.4498
v  -1.2348 0.3459 0.0918
v  -1.0617 0.4215 0.0918
v  -1.2348 -0.4458 0.0918
v  -1.0617 -0.5214 0.0918
v  -1.2720 -1.2090 -3.1279
v  -1.2720 -1.3422 -3.1279
v  -1.2720 -1.4088 -3.0125
v  -1.2720 -1.1424 -3.0125
v  -1.3715 -1.2090 -3.1279
v  -1.3715 -1.3422 -3.1279
v  -1.3715 -1.4088 -3.0125
v  -1.3715 -1.1424 -3.0125
v  -1.2720 -1.4103 -2.7141
v  -1.3715 -1.4103 -2.7141
v  -1.2720 -1.1174 -2.7141
v  -1.3715 -1.1174 -2.7141
v  -1.4642 0.0608 0.0384
v  -1.4642 -0.0706 -0.0160
v  -1.4642 -0.2021 0.0384
v  -1.4642 -0.2565 0.1699
v  -1.4642 -0.2021 0.3013
v  -1.4642 -0.0706 0.3558
v  -1.4642 0.0608 0.3013
v  -1.4642 0.1152 0.1699
v  -1.5513 0.0067 0.0926
v  -1.5513 -0.0706 0.0606
v  -1.5513 -0.1479 0.0926
v  -1.5513 -0.1800 0.1699
v  -1.5513 -0.1479 0.2472
v  -1.5513 -0.0706 0.2792
v  -1.5513 0.0067 0.2472
v  -1.5513 0.0387 0.1699
v  -1.5877 1.3394 0.1076
v  -1.5877 1.2688 -0.0065
v  -1.5877 1.1618 -0.0873
v  -1.5877 1.0328 -0.1240
v  -1.5877 0.8993 -0.1116
v  -1.5877 0.7792 -0.0518
v  -1.5877 0.6889 0.0473
v  -1.5877 0.6404 0.1723
v  -1.5877 0.6404 0.3064
v  -1.5877 0.6889 0.4315
v  -1.5877 0.7868 0.4868
v  -1.5877 0.9611 0.6085
v  -1.5877 0.9972 0.6191
v  -1.5877 1.1618 0.5660
v  -1.5877 1.2688 0.4852
v  -1.5877 1.3394 0.3712
v  -1.5877 1.3640 0.2394
v  -1.6490 1.2799 0.1308
v  -1.6490 1.2217 0.0370
v  -1.6490 1.1336 -0.0296
v  -1.6490 1.0274 -0.0598
v  -1.6490 0.9174 -0.0496
v  -1.6490 0.8186 -0.0004
v  -1.6490 0.7442 0.0812
v  -1.6490 0.7043 0.1842
v  -1.6490 0.7043 0.2946
v  -1.6490 0.7442 0.3976
v  -1.6490 0.8186 0.4792
v  -1.6490 0.9174 0.5284
v  -1.6490 1.0274 0.5386
v  -1.6490 1.1336 0.5084
v  -1.6490 1.2217 0.4418
v  -1.6490 1.2799 0.3479
v  -1.6490 1.3002 0.2394
v  -1.3648 1.3394 0.1076
v  -1.3646 0.9972 0.6191
v  -1.3648 1.1618 0.5660
v  -1.3648 1.2688 0.4852
v  -1.3648 1.3394 0.3712
v  -1.3648 1.3640 0.2394
v  -1.3648 -0.8509 0.1498
v  -1.3648 0.6079 0.4065
v  -1.5877 -0.8509 0.1498
v  -1.5877 0.6079 0.4065
v  -1.5877 -0.5302 -2.8529
v  -1.3648 -0.5302 -2.8529
v  -1.3648 0.6253 -2.1204
v  -1.5877 -0.0556 -2.3131
v  -1.3648 -0.0556 -2.3131
v  -1.5877 -0.3110 -0.3142
v  -1.3645 -1.4696 -2.7188
v  -1.3648 -1.2684 -1.6550
v  -1.3648 1.1449 -0.4101
v  -1.3645 -1.4750 -1.7369
v  -1.5235 0.6255 -2.1201
v  -1.5877 0.5574 -2.1409
v  -1.5235 1.1449 -0.4101
v  -1.5877 1.0937 -0.3683
v  -1.5877 1.1461 -0.2935
v  -1.5235 1.2015 -0.3296
v  -1.3648 1.2015 -0.3296
v  -1.5236 1.3393 0.1078
v  -1.3648 -0.8509 -1.4275
v  -1.3648 -0.3658 0.4114
v  -1.3648 -0.6036 0.3330
v  -1.5877 -0.6036 0.3330
v  -1.5877 -0.3570 0.4114
v  -1.3644 0.6889 0.4315
v  -1.3644 0.7868 0.4868
v  -1.3645 0.9611 0.6085
v  -1.4983 -1.4082 -1.7100
v  -1.5877 -1.2611 -1.6533
v  -1.4983 -1.4030 -2.7275
v  -1.5877 -1.2610 -2.7468
v  -1.5877 -0.9063 -1.5032
v  -1.5877 -0.8509 -1.4275
v  -1.3648 -0.9057 -1.5034
v  -1.5235 0.8504 -0.6208
v  -1.5235 0.8772 -0.5815
v  -1.5877 0.8209 -0.5429
v  -1.5877 0.7941 -0.5822
v  -1.3648 0.8772 -0.5815
v  -1.3648 0.8504 -0.6208
v  -1.5877 0.2176 0.4084
v  -1.5877 0.2167 -0.2754
v  -1.5877 -0.3563 -0.2844
v  -1.3648 0.2153 0.4085
v  -1.4677 0.2176 0.4084
v  -1.4677 0.2167 -0.2754
v  -1.4677 -0.3563 -0.2844
v  -1.4678 -0.3589 0.4114
v  -1.5877 0.1714 -0.3052
v  -1.4677 -0.3110 -0.3142
v  -1.4677 0.1714 -0.3052
v  -1.0701 0.8150 0.2373
v  -1.0701 0.9474 0.1944
v  -1.0701 0.9476 0.0552
v  -1.0701 0.8152 0.0120
v  -1.0701 0.7332 0.1246
v  -1.1668 0.8150 0.2373
v  -1.1668 0.9474 0.1944
v  -1.1668 0.9476 0.0552
v  -1.1668 0.8152 0.0120
v  -1.1668 0.7332 0.1246
v  -0.7080 1.5295 -0.2021
v  -0.7080 1.4036 -0.2021
v  -0.5898 1.5295 -0.2021
v  -0.5898 1.4036 -0.2021
v  -0.5898 1.4571 -0.8916
v  -0.5898 1.0775 -0.7093
v  -0.7080 1.4571 -0.8916
v  -0.7080 1.0775 -0.7093
v  -0.5898 1.4939 -0.5412
v  -0.5898 1.2726 -0.4899
v  -0.7080 1.2726 -0.4899
v  -0.7080 1.4939 -0.5412
v  -1.0001 0.5052 0.1617
v  -1.0001 0.5975 0.1617
v  -1.0001 0.6436 0.2416
v  -1.0001 0.5975 0.3214
v  -1.0001 0.5052 0.3214
v  -1.0001 0.4591 0.2416
v  -0.3766 0.5052 0.1617
v  -0.3766 0.5975 0.1617
v  -0.3766 0.6436 0.2416
v  -0.3766 0.5975 0.3214
v  -0.3766 0.5052 0.3214
v  -0.3766 0.4591 0.2416
v  -0.3766 0.5514 0.2416
v  0.6063 -0.4635 -3.4123
v  0.5817 -0.3457 -3.5193
v  0.5770 -0.1858 -3.5383
v  0.5941 -0.0449 -3.4620
v  0.6264 0.0231 -3.3196
v  0.6616 -0.0077 -3.1655
v  0.6862 -0.1255 -3.0585
v  0.6909 -0.2854 -3.0395
v  0.6738 -0.4263 -3.1157
v  0.6415 -0.4943 -3.2581
v  0.6891 -0.4590 -3.4302
v  0.6645 -0.3412 -3.5372
v  0.6598 -0.1813 -3.5562
v  0.6769 -0.0404 -3.4800
v  0.7092 0.0276 -3.3376
v  0.7444 -0.0032 -3.1834
v  0.7690 -0.1210 -3.0764
v  0.7737 -0.2809 -3.0574
v  0.7566 -0.4218 -3.1337
v  0.7243 -0.4898 -3.2760
v  0.7167 -0.2311 -3.3068
v  -0.3283 0.7698 -3.5521
v  -0.4010 0.7033 -3.5787
v  -0.5003 0.6790 -3.5884
v  -0.5996 0.7033 -3.5787
v  -0.6723 0.7698 -3.5521
v  -0.6989 0.8606 -3.5158
v  -0.6723 0.9514 -3.4796
v  -0.5996 1.0179 -3.4530
v  -0.5003 1.0422 -3.4433
v  -0.4010 1.0179 -3.4530
v  -0.3283 0.9514 -3.4796
v  -0.3016 0.8606 -3.5158
v  -0.3494 0.8211 -3.6346
v  -0.4132 0.7628 -3.6579
v  -0.5003 0.7415 -3.6664
v  -0.5874 0.7628 -3.6579
v  -0.6512 0.8211 -3.6346
v  -0.6745 0.9008 -3.6028
v  -0.6512 0.9804 -3.5710
v  -0.5874 1.0387 -3.5477
v  -0.5003 1.0600 -3.5392
v  -0.4132 1.0387 -3.5477
v  -0.3494 0.9804 -3.5710
v  -0.3261 0.9008 -3.6028
v  -0.5003 0.9034 -3.6028
v  -0.8002 1.2783 -3.1916
v  -0.6775 1.4047 -2.7626
v  -0.8115 1.2250 -3.2576
v  -0.1991 1.2797 -3.1910
v  -0.1879 1.2264 -3.2570
v  -0.8401 0.9964 -3.4263
v  -0.1596 0.9978 -3.4257
v  -0.8657 0.7276 -3.5875
v  -0.1346 0.7290 -3.5869
v  -0.8591 0.4539 -3.6904
v  -0.1417 0.4554 -3.6899
v  -0.7924 0.1790 -3.6768
v  -0.2084 0.1805 -3.6764
v  -0.3188 1.4061 -2.7621
v  -0.7562 1.3281 -3.2187
v  -0.2430 1.3281 -3.2187
v  -0.6514 1.4440 -2.8155
v  -0.3452 1.4440 -2.8155
v  -0.7659 1.2655 -3.2980
v  -0.2336 1.2655 -3.2980
v  -0.7903 1.0302 -3.4726
v  -0.2094 1.0302 -3.4726
v  -0.8122 0.7552 -3.6372
v  -0.1881 0.7552 -3.6372
v  -0.8065 0.4685 -3.7437
v  -0.1942 0.4685 -3.7437
v  -0.7497 0.2224 -3.7372
v  -0.2512 0.2224 -3.7372
v  -0.7101 1.4317 -2.8578
v  -0.7462 1.3912 -2.8078
v  -0.2506 1.3926 -2.8072
v  -0.2870 1.4317 -2.8578
v  -0.8020 0.2805 -3.7429
v  -0.8537 0.2549 -3.6853
v  -0.1471 0.2564 -3.6849
v  -0.1988 0.2805 -3.7429
v  0.3815 0.9601 -2.2499
v  0.3699 1.3524 -2.6171
v  0.3846 0.6850 -1.9737
v  0.3768 1.0332 -2.3080
v  0.2387 1.4383 -2.5882
v  0.3679 1.3553 -2.6842
v  0.2387 1.4449 -2.6530
v  0.3399 1.2150 -3.1538
v  0.2144 1.2838 -3.1954
v  0.3364 1.1653 -3.2151
v  0.2106 1.2305 -3.2614
v  0.3243 0.9652 -3.3636
v  0.1722 1.0019 -3.4302
v  0.1166 0.7103 -3.6004
v  0.2994 0.4621 -3.6551
v  0.0651 0.4594 -3.6943
v  0.3011 0.3099 -3.6719
v  0.0365 0.2854 -3.6950
v  0.2947 -0.8358 -3.5643
v  0.3794 0.5331 -2.3681
v  0.3486 0.5142 -3.0783
v  0.3505 0.4858 -2.9985
v  0.3819 0.6282 -2.1226
v  -1.3646 0.9492 -2.2390
v  -1.3529 1.3526 -2.6167
v  -1.3599 1.0954 -2.3612
v  -1.2153 1.4383 -2.5882
v  -1.3510 1.3547 -2.6842
v  -1.2153 1.4449 -2.6530
v  -1.3230 1.2150 -3.1538
v  -1.1974 1.2838 -3.1954
v  -1.3195 1.1653 -3.2151
v  -1.1937 1.2305 -3.2614
v  -1.3074 0.9652 -3.3636
v  -1.1553 1.0019 -3.4302
v  -1.2936 0.6964 -3.5276
v  -1.1112 0.7330 -3.5914
v  -1.2825 0.4621 -3.6551
v  -1.0482 0.4594 -3.6943
v  -1.2808 0.2920 -3.6837
v  -1.2153 1.3781 -2.5157
v  -1.2147 1.1288 -2.3005
v  -1.0196 0.2854 -3.6950
v  -1.2796 0.1508 -3.7331
v  -1.2812 -0.8358 -3.5643
v  -1.2841 -0.8376 -3.6238
v  -1.3625 0.6084 -2.2908
v  -1.3290 0.4519 -3.0392
v  -1.2997 0.3559 -3.4426
v  -1.5032 0.6086 -2.2909
v  -1.4116 0.4518 -3.0393
v  -1.3663 0.3557 -3.4419
v  -1.3413 0.2899 -3.6810
v  -1.3367 0.1508 -3.7331
v  -1.3475 -0.8376 -3.6238
v  -1.3489 0.5389 -2.6538
v  -1.4593 0.5389 -2.6538
v  -1.5007 0.5108 -2.3023
v  -1.4607 0.4702 -2.6391
v  -1.3655 0.2938 -3.4421
v  -1.3462 0.2163 -3.6054
v  -1.3429 0.1161 -3.6450
v  -1.3525 -0.8274 -3.5594
v  -1.4118 0.3986 -3.0324
v  -1.2822 -1.0910 -3.5543
v  -1.3488 -1.0910 -3.5641
v  -1.3585 -1.0618 -3.5018
v  -1.2822 -1.2885 -3.3897
v  -1.3592 -1.2885 -3.3927
v  -1.3708 -1.2252 -3.3745
v  -1.2822 -1.2786 -3.3367
v  -1.3649 -1.2787 -3.3412
v  -1.2822 -1.1723 -3.2326
v  -1.3833 -1.1711 -3.2338
v  -1.3832 -1.1224 -3.2720
v  -1.2822 -1.0785 -3.1125
v  -1.4008 -1.0785 -3.1134
v  -1.4049 -1.0078 -3.0821
v  -1.2822 -1.0239 -2.8305
v  -1.4355 -1.0241 -2.8311
v  -1.4256 -0.9706 -2.9091
v  -1.3470 -0.5268 -2.9037
v  -1.4268 -0.5269 -2.9037
v  -1.4167 -0.4991 -2.9845
v  -1.3619 -0.0145 -2.3511
v  -1.4958 -0.0164 -2.3517
v  -1.4868 0.0205 -2.4123
v  -1.3650 0.5253 -2.2060
v  -1.5120 0.5250 -2.2055
v  -1.5034 0.4860 -2.2785
v  -1.5827 -0.9718 -2.9132
v  -1.5827 -0.4991 -2.9879
v  -1.5827 0.0177 -2.4145
v  -1.5827 -0.2573 -2.7275
v  -1.4496 -0.2559 -2.7247
v  -1.4592 -0.2876 -2.6447
v  -1.3576 -0.2858 -2.6439
v  -1.5827 -0.7094 -2.9516
v  -1.4210 -0.7089 -2.9478
v  -1.4310 -0.7003 -2.8728
v  -1.2820 -0.5268 -2.9037
v  -1.5879 0.0743 -3.1334
v  -1.5879 0.1313 -2.8396
v  -1.5879 0.2140 -2.5093
v  -1.3627 0.2542 -2.2789
v  -1.5039 0.2531 -2.2789
v  -1.4950 0.2661 -2.3468
v  -1.5827 0.2633 -2.3495
v  -1.4854 -1.1127 -3.2684
v  0.0052 -0.8384 -3.5669
v  -0.9651 -0.8400 -3.5685
v  0.2387 1.3781 -2.5157
v  0.2387 1.0699 -2.2504
v  0.2387 0.9786 -2.1728
v  0.2387 0.6958 -1.7681
v  0.3711 1.3304 -2.5626
v  -1.2141 0.9786 -2.1728
v  -1.2146 0.6958 -1.7701
v  -1.3546 1.3217 -2.5634
v  -0.9588 1.9005 -0.4205
v  -0.7737 1.9005 -0.4205
v  -0.9588 1.9005 -0.0636
v  -0.7737 1.9005 -0.0636
v  -0.9588 1.9958 -0.0636
v  -0.7737 1.9958 -0.0636
v  -0.9588 1.9958 -0.4205
v  -0.7737 1.9958 -0.4205
v  -0.9588 2.0251 -0.2110
v  -0.7737 2.0251 -0.2110
v  -0.7737 2.0251 -0.2889
v  -0.9588 2.0251 -0.2889
v  -0.9588 2.0692 -0.2330
v  -0.7737 2.0692 -0.2330
v  -0.7737 2.0692 -0.2686
v  -0.9588 2.0692 -0.2686
v  1.2740 0.8017 -0.5298
v  1.4147 0.8231 -0.6013
v  1.5659 0.8317 -0.5520
v  1.6391 0.8226 -0.4108
v  1.5913 0.8011 -0.2603
v  1.4505 0.7798 -0.1888
v  1.2993 0.7712 -0.2381
v  1.2262 0.7802 -0.3793
v  1.2368 -0.7645 -0.7625
v  1.3675 -0.7848 -0.8362
v  1.5196 -0.8020 -0.7975
v  1.5992 -0.8178 -0.6620
v  1.5597 -0.8230 -0.5092
v  1.4242 -0.8144 -0.4286
v  1.2698 -0.7972 -0.4673
v  1.1973 -0.7696 -0.6098
v  0.8921 1.4800 -0.4328
v  0.9557 1.6156 -0.4983
v  1.0246 1.7341 -0.4277
v  1.0522 1.7761 -0.2579
v  1.0268 1.7100 -0.1122
v  0.9588 1.5815 -0.0609
v  0.8943 1.4559 -0.1314
v  0.8667 1.4139 -0.2825
v  0.3219 1.6285 -0.4274
v  0.3249 1.7808 -0.4741
v  0.3246 1.9216 -0.3995
v  0.3212 1.9683 -0.2453
v  0.3166 1.8937 -0.0851
v  0.3136 1.7414 -0.0384
v  0.3139 1.6007 -0.1131
v  0.3173 1.5539 -0.2653
v  -0.3422 1.6285 -0.4274
v  -0.3410 1.7808 -0.4741
v  -0.3412 1.9216 -0.3995
v  -0.3434 1.9683 -0.2453
v  -0.3464 1.8937 -0.0851
v  -0.3483 1.7414 -0.0384
v  -0.3482 1.6007 -0.1131
v  -0.3459 1.5539 -0.2653
v  0.6818 1.8690 -0.4100
v  0.6941 1.9144 -0.2458
v  0.6788 1.8424 -0.0935
v  0.6448 1.6952 -0.0443
v  0.6120 1.5590 -0.1173
v  0.5997 1.5136 -0.2697
v  0.6151 1.5856 -0.4338
v  0.6490 1.7328 -0.4830
v  1.4910 1.1919 -0.4893
v  1.5527 1.1829 -0.3518
v  1.5077 1.1616 -0.1969
v  1.3718 1.1037 -0.1324
v  1.2364 1.0584 -0.1890
v  1.1735 1.0523 -0.3336
v  1.2197 1.0888 -0.4814
v  1.3481 1.1466 -0.5459
v  1.1418 -0.9303 -0.7600
v  1.2531 -1.0079 -0.8291
v  1.3671 -1.1057 -0.7891
v  1.4158 -1.1684 -0.6505
v  1.3819 -1.1481 -0.4945
v  1.2852 -1.0566 -0.4245
v  1.1754 -0.9673 -0.4607
v  1.1079 -0.9099 -0.6040
v  0.9400 -1.0354 -0.7096
v  1.0060 -1.1597 -0.7744
v  1.0761 -1.2949 -0.7264
v  1.1091 -1.3618 -0.5818
v  1.0857 -1.3212 -0.4253
v  1.0197 -1.1969 -0.3607
v  0.9496 -1.0617 -0.3968
v  0.9166 -0.9948 -0.5532
v  0.1686 -1.0850 -0.5662
v  0.1686 -1.1836 -0.6263
v  0.1686 -1.2925 -0.5860
v  0.1686 -1.3461 -0.4548
v  0.1686 -1.3130 -0.3191
v  0.1686 -1.2125 -0.2689
v  0.1686 -1.1055 -0.2994
v  0.1686 -1.0519 -0.4269
v  1.4588 -0.4761 -0.3959
v  1.6004 -0.4643 -0.4678
v  1.6490 -0.4443 -0.6306
v  1.5762 -0.4278 -0.7589
v  1.4247 -0.4243 -0.8075
v  1.2962 -0.4361 -0.7267
v  1.2476 -0.4561 -0.5763
v  1.3204 -0.4726 -0.4356
v  -0.4274 1.5191 -0.4277
v  -0.4274 1.9169 -0.5306
v  -0.4319 1.9800 -0.3665
v  -0.4336 1.9788 -0.1897
v  -0.4305 1.9374 0.0492
v  -0.4274 1.7404 0.1577
v  -0.4106 1.5339 -0.0405
v  -0.4274 1.4194 -0.1934
v  -1.0408 1.9541 0.0256
v  -1.0395 1.9516 -0.5094
v  -1.0526 2.0781 -0.2519
v  -0.8682 1.9490 0.0688
v  -0.8682 1.9496 -0.5559
v  -1.0131 1.6547 -0.0726
v  -1.0101 1.6233 -0.1157
v  -0.8682 1.5867 -0.0509
v  -0.8682 1.5564 -0.0941
v  -1.0097 1.6239 -0.3813
v  -1.0125 1.6555 -0.4234
v  -0.8682 1.5584 -0.4094
v  -0.8682 1.5896 -0.4514
v  -0.9999 1.9523 0.0406
v  -1.0049 2.0812 -0.2513
v  -0.9942 1.9508 -0.5258
v  -0.8697 1.7361 0.1648
v  -0.8117 1.7735 0.2069
v  -0.8295 0.5435 0.5761
v  -0.8939 0.5521 0.5182
v  -0.4855 1.7735 0.2069
v  -0.4033 0.5521 0.5182
v  -0.4677 0.5435 0.5761
v  -0.4855 1.3819 -0.2377
v  -0.4677 0.5143 -0.0481
v  -0.4033 0.5269 0.0124
v  -0.8117 1.3819 -0.2377
v  -0.8697 1.4194 -0.1934
v  -0.8939 0.5269 0.0124
v  -0.8295 0.5143 -0.0481
v  -0.4093 0.8526 0.4544
v  -0.4093 0.6613 -0.0160
v  -0.4722 0.6429 -0.0788
v  -0.8250 0.6429 -0.0788
v  -0.8879 0.6613 -0.0160
v  -0.8879 0.8526 0.4544
v  -0.8250 0.8710 0.5172
v  -0.4722 0.8710 0.5172
v  -0.4274 1.5049 0.2509
v  -0.4274 1.2744 -0.1051
v  -0.4855 1.2580 -0.1645
v  -0.8117 1.2580 -0.1645
v  -0.8697 1.2744 -0.1051
v  -0.8697 1.5049 0.2509
v  -0.8117 1.5213 0.3103
v  -0.4855 1.5213 0.3103
v  -0.8082 1.9155 0.1240
v  -0.4890 1.9214 0.1270
v  -0.4274 1.8832 0.0971
v  -0.4274 1.4944 -0.3048
v  -0.4855 1.4440 -0.3337
v  -0.8117 1.4440 -0.3337
v  -0.8697 1.4944 -0.3048
v  -0.4895 1.9490 0.0688
v  -0.4875 1.9518 -0.5339
v  -0.8051 1.9490 0.0688
v  -0.8084 1.9518 -0.5563
v  -0.4895 1.9848 -0.1897
v  -0.8051 1.9848 -0.1897
v  -0.8682 1.9848 -0.1897
v  -0.9973 1.9847 -0.1897
v  -0.4274 1.3794 0.0556
v  -0.4093 0.7551 0.2718
v  -0.5040 1.4599 -0.7168
v  -0.7932 1.4599 -0.7168
v  -0.4524 1.5171 -0.7168
v  -0.8448 1.5171 -0.7168
v  -0.5040 1.9405 -0.7072
v  -0.7932 1.9405 -0.7072
v  -0.4524 1.8995 -0.7071
v  -0.8448 1.8995 -0.7071
v  -0.8685 1.9140 -0.5435
v  -1.0005 1.9659 0.0120
v  -0.4895 1.9805 -0.3665
v  -0.8051 1.9805 -0.3665
v  -0.8682 1.9805 -0.3665
v  -0.9956 1.9805 -0.3665
v  -0.8697 1.5125 -0.4274
v  -0.8117 1.4610 -0.4274
v  -0.4855 1.4608 -0.4385
v  -0.8687 1.8760 0.0939
v  -0.8686 1.5290 -0.0240
v  -0.8594 1.7061 -0.7146
v  -0.8682 1.5575 -0.2532
v  -0.8682 1.9118 0.0551
v  -0.8697 1.3443 0.1053
v  -0.4378 1.7059 -0.7146
v  -0.4274 1.7615 -0.5346
v  -0.4274 1.6383 -0.5165
v  -0.5497 1.1400 -1.9280
v  -0.7475 1.1400 -1.9280
v  -0.4667 1.2185 -1.9603
v  -0.8305 1.2187 -1.9603
v  -0.5252 1.5499 -2.1115
v  -0.7720 1.5499 -2.1115
v  -0.4812 1.5134 -2.0927
v  -0.8160 1.5134 -2.0927
v  -0.8377 1.3260 -2.0095
v  -0.4595 1.3261 -2.0095
v  -0.5667 1.0999 -2.1528
v  -0.7305 1.0999 -2.1528
v  -0.4980 1.1640 -2.1994
v  -0.7992 1.1640 -2.1996
v  -0.5375 1.4308 -2.4344
v  -0.7596 1.4308 -2.4344
v  -0.4980 1.3987 -2.4055
v  -0.7992 1.3987 -2.4055
v  -0.7992 1.2409 -2.2691
v  -0.4980 1.2411 -2.2692
v  -0.7933 1.9264 -0.8245
v  -0.8449 1.8858 -0.8243
v  -0.8714 1.6909 -0.8352
v  -0.8449 1.4998 -0.8403
v  -0.7873 1.4409 -0.8403
v  -0.5099 1.4409 -0.8403
v  -0.4523 1.4997 -0.8403
v  -0.4258 1.6909 -0.8352
v  -0.4523 1.8858 -0.8243
v  -0.5038 1.9264 -0.8245
v  -0.7922 1.7701 -1.4652
v  -0.8434 1.7314 -1.4552
v  -0.8697 1.5101 -1.3893
v  -0.8428 1.3415 -1.3322
v  -0.7541 1.2606 -1.3143
v  -0.5430 1.2606 -1.3143
v  -0.4544 1.3415 -1.3322
v  -0.4274 1.5101 -1.3893
v  -0.4538 1.7314 -1.4552
v  -0.5049 1.7701 -1.4652
v  -0.5439 0.9780 -2.1734
v  -0.7550 0.9780 -2.1734
v  -0.4860 1.0784 -2.2584
v  -0.8112 1.0784 -2.2584
v  -0.5059 1.4383 -2.5870
v  -0.7905 1.4383 -2.5870
v  -0.4693 1.3786 -2.5155
v  -0.8285 1.3786 -2.5155
v  -0.8423 1.1754 -2.3398
v  -0.4553 1.1758 -2.3399
v  -0.5892 1.6566 -0.6092
v  -0.6026 1.9682 -0.6108
v  -0.7087 1.6566 -0.6092
v  -0.6952 1.9682 -0.6108
v  -0.7087 1.6070 -1.7542
v  -0.6952 1.9092 -1.7576
v  -0.5892 1.6070 -1.7542
v  -0.6026 1.9092 -1.7576
v  -0.6952 2.0131 -0.8785
v  -0.6026 2.0131 -0.8785
v  -0.6952 1.9661 -1.6829
v  -0.6026 1.9661 -1.6829
v  -0.6494 1.4449 -2.6530
v  -0.6439 1.2838 -3.1954
v  -0.7659 1.4140 -2.5587
v  -0.5276 1.4141 -2.5590
v  0.2947 -1.0633 -3.4977
v  0.0052 -1.0659 -3.5003
v  -1.2822 -1.0633 -3.4977
v  -0.9651 -1.0675 -3.5019
v  0.2947 -1.2825 -3.3367
v  0.0052 -1.2851 -3.3394
v  -0.9365 -1.2867 -3.3410
v  0.2947 -1.3988 -3.0389
v  0.0052 -1.4702 -3.0415
v  -1.2822 -1.4661 -3.0389
v  -0.8766 -1.4704 -3.0431
v  0.2947 -1.4047 -2.4077
v  0.0023 -1.4724 -2.4053
v  -1.2819 -1.4694 -2.7188
v  -0.8295 -1.4755 -2.4049
v  0.3819 0.1547 -3.7272
v  0.8555 0.0539 -2.8660
v  0.8555 -0.6604 -2.6287
v  0.3953 -1.4752 -2.4057
v  0.3011 0.1547 -3.7272
v  0.3022 -1.4761 -2.4057
v  0.3864 0.3099 -3.6719
v  0.4090 0.5144 -3.0775
v  0.4089 0.4858 -2.9987
v  0.4091 0.0540 -2.8715
v  0.3399 -0.0151 -2.8540
v  0.4141 0.1575 -3.6420
v  0.6855 -0.7755 -3.3630
v  0.6955 0.1256 -3.4479
v  0.4177 -1.3912 -2.4084
v  0.3819 -1.0794 -3.5572
v  0.3819 -0.8384 -3.6215
v  0.3011 -0.8389 -3.6215
v  0.3011 -1.0805 -3.5594
v  0.3819 -1.3345 -3.3651
v  0.3834 -1.4745 -3.0479
v  0.3011 -1.3319 -3.3655
v  0.3011 -1.4744 -3.0508
v  0.4141 -0.8140 -3.5260
v  0.4141 -1.0333 -3.4603
v  0.4196 -1.3881 -2.9975
v  0.4141 -1.2694 -3.2753
v  0.5331 -1.3561 -2.4178
v  0.5491 -1.2998 -3.0165
v  0.5368 -1.3515 -2.9310
v  0.6556 -0.9011 -3.3170
v  0.6897 -1.0666 -2.4978
v  0.4141 0.2434 -3.6089
v  0.4180 0.3513 -3.1778
v  0.4179 0.3151 -3.1239
v  0.4175 0.0538 -2.9805
v  0.7146 0.1934 -3.3994
v  0.7978 0.2408 -3.1069
v  0.8243 0.0538 -2.9805
v  0.8127 -0.8011 -2.5851
v  0.8555 -0.3924 -2.7203
v  0.6937 0.0351 -3.4428
v  0.6833 -0.5124 -3.3916
v  0.7558 -0.4541 -3.1042
v  0.7650 0.0394 -3.1824
v  0.7165 0.0732 -3.3682
v  0.5841 -0.0073 -3.5080
v  0.4685 -0.1701 -3.5654
v  0.4716 -0.3588 -3.5408
v  0.5771 -0.4998 -3.4372
v  0.7133 -0.5350 -3.2672
v  0.7883 -0.2882 -3.0232
v  0.7958 -0.0955 -3.0484
v  0.6541 0.0732 -3.3689
v  0.6439 -0.5073 -3.4179
v  0.6733 -0.5350 -3.2738
v  0.7080 -0.4541 -3.1082
v  0.7256 -0.2882 -3.0236
v  0.7214 -0.0955 -3.0459
v  0.6932 0.0394 -3.1805
v  0.6407 -0.4998 -3.4396
v  0.6194 -0.3588 -3.5637
v  0.6143 -0.1701 -3.5878
v  0.6273 -0.0073 -3.5067
v  0.6346 0.0145 -3.4758
v  0.3154 0.7923 -3.4691
v  0.3315 0.7895 -3.3207
v  0.0900 0.5673 -3.6537
v  0.3010 0.4960 -3.6366
v  0.3011 0.3443 -3.5462
v  0.3028 0.4198 -3.6189
v  0.3496 0.4860 -3.1789
v  0.3463 0.6882 -3.2017
v  0.3887 0.7103 -3.6004
v  0.3887 0.5673 -3.6537
v  0.3887 0.7923 -3.4691
v  0.3887 0.7895 -3.3207
v  0.3916 0.4198 -3.6189
v  0.3887 0.6882 -3.2017
v  0.4074 0.4860 -3.1788
v  0.3940 0.3455 -3.5479
v  0.7843 0.2582 -3.1546
v  0.4154 0.2838 -3.4744
v  0.3887 0.6833 -3.5644
v  0.3887 0.5670 -3.6077
v  0.3887 0.7500 -3.4576
v  0.3887 0.7477 -3.3370
v  0.3916 0.4472 -3.5794
v  0.3887 0.6654 -3.2403
v  0.3971 0.3663 -3.4984
v  0.3470 0.6833 -3.5644
v  0.3469 0.5670 -3.6077
v  0.3470 0.5973 -3.4084
v  0.3469 0.7500 -3.4576
v  0.3469 0.7477 -3.3370
v  0.3469 0.4472 -3.5794
v  0.3469 0.6654 -3.2403
v  0.3496 0.3663 -3.4984
v  0.3478 0.3590 -3.3018
v  0.4045 0.3609 -3.3018
v  0.3518 0.3331 -3.4212
v  0.4046 0.3350 -3.4151
v  0.6212 -1.0657 -0.2887
v  0.6212 -1.2020 -0.2442
v  0.6212 -1.3344 -0.2994
v  0.6212 -1.3865 -0.4560
v  0.6212 -1.3270 -0.6101
v  0.6212 -1.1905 -0.6666
v  0.6212 -1.0587 -0.6063
v  0.6212 -1.0065 -0.4479
v  0.5793 -1.0939 -0.3217
v  0.5793 -1.2017 -0.2868
v  0.5793 -1.3061 -0.3309
v  0.5793 -1.3468 -0.4557
v  0.5793 -1.2992 -0.5783
v  0.5793 -1.1912 -0.6228
v  0.5793 -1.0873 -0.5741
v  0.5793 -1.0466 -0.4477
v  0.2635 -0.7822 -0.0400
v  0.2835 -0.6704 -0.1518
v  0.2916 -0.5133 -0.1769
v  0.2847 -0.3709 -0.1058
v  0.2654 -0.2975 0.0343
v  0.2410 -0.3213 0.1900
v  0.2210 -0.4331 0.3017
v  0.2129 -0.5902 0.3268
v  0.2198 -0.7327 0.2558
v  0.2391 -0.8060 0.1156
v  0.3908 -0.7857 -0.0206
v  0.4109 -0.6739 -0.1324
v  0.4190 -0.5168 -0.1575
v  0.4120 -0.3743 -0.0864
v  0.3927 -0.3010 0.0537
v  0.3684 -0.3248 0.2093
v  0.3483 -0.4366 0.3211
v  0.3402 -0.5937 0.3462
v  0.3472 -0.7361 0.2751
v  0.3665 -0.8095 0.1350
v  0.3796 -0.5552 0.0944
v  -1.0992 -1.4037 -0.1095
v  0.2371 -1.3343 -0.2047
v  -1.0942 -1.0010 0.2317
v  0.2371 -0.8922 0.1756
v  -1.0942 -0.6837 0.4903
v  0.2371 -0.6355 0.3756
v  -1.0942 -0.5603 0.5237
v  0.2371 -0.5121 0.4090
v  -1.0942 0.4213 0.5331
v  0.2371 0.4263 0.3951
v  -1.0948 0.5909 0.4532
v  0.2371 0.5236 0.3193
v  -1.0938 0.6964 -0.1353
v  0.2371 0.7549 -1.5999
v  -1.0942 0.7180 -0.5539
v  0.2371 0.7612 -1.1001
v  -0.8196 -1.4037 -0.1095
v  -0.8196 -1.0095 0.2341
v  -0.8196 -0.6837 0.4983
v  -0.8196 -0.5603 0.5316
v  -0.9303 0.6962 -0.1353
v  0.2371 0.5801 0.1698
v  0.2371 0.7128 -0.5391
v  -0.0006 -1.3820 -0.1555
v  -0.0006 -0.9878 0.1826
v  -0.0006 -0.6462 0.4390
v  -0.0006 -0.5228 0.4723
v  -0.0008 0.4394 0.4537
v  -0.0008 0.5296 0.3826
v  -0.0008 0.5860 0.2026
v  -0.0008 0.6747 -0.1469
v  -0.0008 0.7252 -0.5517
v  0.0007 0.7446 0.1379
v  0.0007 0.8570 -0.2726
v  0.2371 0.7032 0.1101
v  0.2371 0.8159 -0.2787
v  0.0007 0.8496 -0.4267
v  0.2371 0.8085 -0.4327
v  0.2371 0.7670 -0.0277
v  0.0007 0.8084 0.0002
v  -0.0008 0.6433 -0.0068
v  0.3497 -0.8755 -0.0741
v  0.3136 -0.2818 0.0507
v  0.2802 -0.3061 0.2201
v  0.3415 -0.3588 -0.1017
v  0.3497 -0.5185 -0.1811
v  0.3497 -0.6820 -0.1608
v  0.2529 -0.4055 0.3274
v  -1.0992 -1.4777 -0.2442
v  -0.8196 -1.4777 -0.2442
v  -0.0006 -1.4628 -0.2688
v  0.2371 -1.3988 -0.3106
v  -1.1001 -1.4750 -1.7386
v  0.2942 -1.4046 -2.3421
v  0.8704 0.2665 -0.4465
v  0.8704 0.3131 -0.5043
v  0.8704 0.3832 -0.7534
v  0.8704 0.4573 -1.2212
v  0.8704 0.4867 -1.7682
v  0.2387 0.7510 -1.7682
v  0.8704 -0.5717 -0.4523
v  0.8704 -0.6582 -0.5110
v  0.8704 -0.6908 -0.7229
v  0.8704 -0.6908 -1.3348
v  0.8704 0.0576 -2.2584
v  0.8704 -0.6908 -1.9497
v  0.8704 -0.6908 -2.5559
v  0.8704 0.0576 -2.8008
v  0.8704 0.0078 -0.4391
v  0.8704 -0.1431 -0.7481
v  0.8704 -0.0780 -1.2769
v  0.8704 -0.3081 -0.4461
v  0.2722 -1.4046 -1.8377
v  -0.0006 -1.4717 -1.8219
v  -0.8189 -1.4777 -1.7390
v  0.2504 -1.4046 -1.3070
v  -0.0006 -1.4717 -1.2988
v  -0.8189 -1.4777 -1.2940
v  -1.0992 -1.4777 -1.2940
v  0.2371 -1.4046 -0.8667
v  -0.0006 -1.4717 -0.8667
v  -0.8189 -1.4777 -0.8667
v  -1.0992 -1.4777 -0.8667
v  0.5301 -1.3528 -2.3562
v  0.5025 -1.3498 -1.8414
v  0.4735 -1.3414 -1.3060
v  0.2365 0.1275 0.4158
v  0.2365 -0.3093 0.4094
v  0.8704 0.2037 -0.4345
v  -0.0007 0.1291 0.4790
v  -0.8196 0.1328 0.5320
v  -1.0942 0.1328 0.5304
v  -0.0006 -0.3145 0.4745
v  -0.8196 -0.3389 0.5337
v  -1.0942 -0.3532 0.5258
v  0.5000 -0.8755 -0.0741
v  0.5000 -0.9553 -0.0858
v  0.3497 -0.9553 -0.0858
v  0.5202 -0.9853 -0.1718
v  0.3497 -0.9853 -0.1718
v  0.6108 -0.9909 -0.5288
v  0.3497 -0.9909 -0.5288
v  0.6032 -1.0625 -0.6428
v  0.3497 -1.0625 -0.6428
v  0.4604 -1.3369 -0.8744
v  0.8704 -0.6907 -0.5978
v  0.5901 -0.6822 -0.1578
v  0.6467 -0.5185 -0.1811
v  0.6076 -0.3588 -0.1017
v  0.5081 -0.2818 0.0507
v  0.3835 -0.3061 0.2201
v  0.2944 -0.4055 0.3274
v  0.7089 -0.9540 -0.9314
v  0.7107 -0.9184 -0.6908
v  0.7065 -0.8933 -0.5656
v  0.6946 -0.8481 -0.3940
v  0.6852 -0.8068 -0.2984
v  0.6852 -0.7236 -0.2632
v  0.6961 -0.6404 -0.2691
v  0.7253 -0.5503 -0.2764
v  0.2371 -1.1889 -0.0626
v  0.2371 -1.0397 0.0556
v  0.4315 0.4867 -1.7682
v  0.4204 0.0576 -2.2584
v  0.4244 0.7301 -1.7682
v  0.4233 0.6808 -1.9737
v  0.4178 0.5272 -2.3681
v  0.3941 0.3093 -2.8828
v  0.4177 0.7346 -1.6070
v  0.3980 0.7285 -1.1033
v  0.3794 0.6804 -0.4984
v  0.3794 0.6525 -0.3528
v  0.4091 0.0576 -2.8008
v  0.3712 0.5984 -0.1130
v  0.3712 0.5460 0.0785
v  0.3712 0.7345 -0.2998
v  0.3712 0.7303 -0.4203
v  0.3712 0.6804 -0.0658
v  0.3712 0.6252 0.0408
v  0.8704 0.3542 -0.6322
v  0.8704 0.4236 -0.9688
v  0.3428 0.3088 -2.8803
v  0.5022 1.1714 -2.1260
v  0.5022 1.1664 -2.0000
v  0.7778 1.1714 -2.1260
v  0.7778 1.1664 -2.0000
v  0.7778 0.4941 -2.8659
v  0.7778 0.3681 -2.8709
v  0.5022 0.4941 -2.8659
v  0.5022 0.3681 -2.8709
v  0.7778 1.0932 -1.8909
v  0.7778 0.2542 -2.8000
v  0.5022 1.0932 -1.8909
v  0.5022 0.2542 -2.8000
v  0.7967 0.7889 -2.2141
v  0.7967 0.7810 -2.4236
v  0.7967 0.8450 -2.4856
v  0.4834 0.8450 -2.4856
v  0.4834 0.7810 -2.4236
v  0.4834 0.7889 -2.2141
v  0.7967 0.5794 -2.4437
v  0.4834 0.5794 -2.4437
v  0.5152 0.2833 -1.9258
v  0.5152 0.2263 -1.9898
v  0.7613 0.2854 -1.9258
v  0.7613 0.2265 -1.9899
v  0.7771 0.5488 -2.1575
v  0.7771 0.4904 -2.2241
v  0.5003 0.4898 -2.2240
v  0.5003 0.5484 -2.1567
v  0.7883 0.6504 -2.2240
v  0.7883 0.5708 -2.3167
v  0.4902 0.5704 -2.3167
v  0.4902 0.6503 -2.2235
v  0.5886 0.2070 -2.7692
v  0.6921 0.2070 -2.7692
v  0.5815 0.5376 -2.4049
v  0.6992 0.5376 -2.4049
v  0.6921 1.0579 -1.8431
v  0.5886 1.0579 -1.8431
v  0.6992 0.7472 -2.1752
v  0.5815 0.7472 -2.1752
v  0.5833 0.6641 -2.1854
v  0.6958 0.6639 -2.1856
v  0.6958 0.5344 -2.3314
v  0.5833 0.5343 -2.3317
v  0.5913 0.2050 -2.0113
v  0.6848 0.2051 -2.0113
v  0.6914 0.4699 -2.2450
v  0.5865 0.4693 -2.2447
v  0.6848 0.3038 -1.9042
v  0.5913 0.3031 -1.9042
v  0.5865 0.5736 -2.1357
v  0.6914 0.5749 -2.1368
v  0.7040 -0.9856 -1.3230
v  0.7212 -0.9908 -1.8850
v  0.7269 -0.9936 -2.4589
v  0.7966 -0.0146 -2.7776
v  0.3491 -0.0147 -2.7784
v  0.7817 -0.0150 -2.8473
v  0.8014 -0.6728 -2.5609
v  0.7859 -0.3877 -2.7216
v  0.7865 -0.6716 -2.6259
v  0.7486 -0.7707 -2.5941
v  0.6681 -0.9521 -2.4706
v  0.6261 -1.0345 -2.5084
v  0.4862 -1.2900 -2.4363
v  0.4854 -1.2900 -2.3737
v  0.4046 -1.3310 -2.4249
v  0.2955 -1.3466 -2.3577
v  0.2947 -1.3466 -2.4207
v  0.3905 -1.3302 -2.3614
v  0.4212 0.6232 -2.1217
v  -1.2820 -0.5302 -2.8529
v  -0.9303 0.6770 0.2703
v  -0.9304 0.5909 0.4532
v  -0.9311 0.4213 0.5331
v  -0.3622 0.6957 -0.1353
v  -0.3622 0.5965 0.2366
v  -0.3622 0.5400 0.4163
v  -0.3622 0.4498 0.4872
v  -0.8196 0.3378 0.5336
v  -0.3618 0.3362 0.5298
v  -0.9309 0.3386 0.5327
v  -0.9305 0.3392 -0.0624
v  -0.3621 0.3392 -0.0624
v  -0.3654 0.1314 0.5348
v  -0.3585 -0.3300 0.5306
v  -0.3611 -0.5469 0.5287
v  -0.3618 -0.6703 0.4954
v  -0.3621 -1.0017 0.2319
v  -0.3588 -1.3958 -0.1106
v  -0.4033 0.5395 0.3088
v  -0.8879 0.7497 0.2516
v  -0.8939 0.5395 0.3088
v  -0.8295 0.3725 0.5214
v  -0.4677 0.3725 0.5214
v  -0.4033 0.4296 0.4744
v  -0.4033 0.3630 0.3162
v  -0.4677 0.3395 0.1118
v  -0.8295 0.3395 0.1118
v  -0.8939 0.3947 0.1540
v  -0.8939 0.3630 0.3162
v  -0.8939 0.4296 0.4744
v  -0.4033 0.3947 0.1540
v  -0.0007 0.3211 0.4809
v  -0.3588 -1.4713 -0.2446
v  -0.8295 0.3066 0.3164
v  -0.4677 0.3066 0.3164
v  -1.0230 0.6962 -0.1353
v  -1.0237 0.5909 0.4532
v  -0.6613 0.6958 -1.7701
v  0.3816 0.6989 -2.0572
v  0.3822 0.7525 -2.1564
v  0.2388 0.7867 -2.1019
v  0.2363 0.7441 -2.0282
v  -0.6393 0.7859 -2.1016
v  -0.6422 0.7443 -2.0289
v  -1.3646 0.7519 -2.1552
v  -1.3646 0.6987 -2.0580
v  -1.2118 0.7865 -2.1018
v  -1.2110 0.7442 -2.0284
v  0.2369 0.3072 0.4176
v  0.2371 0.7154 -0.8675
v  -1.0942 0.7154 -0.8676
v  0.2371 0.6665 -1.7672
v  -1.0942 0.6665 -1.7673
v  -1.5663 0.4079 -2.3247
v  -1.5861 0.3176 -2.3320
v  -1.5516 0.3862 -2.5924
v  -1.5886 0.2968 -2.5514
v  -1.5220 0.2382 -3.2705
v  -1.5886 0.1626 -3.1728
v  -1.5310 0.3229 -2.9445
v  -1.5887 0.2363 -2.8787
v  -1.5220 0.1719 -3.3893
v  -1.5892 0.1176 -3.2547
v  -1.5887 0.0638 -3.2730
v  -1.5226 0.0791 -3.4300
v  -1.5260 -0.7247 -3.3462
v  -1.5871 -0.6393 -3.1993
v  -1.5282 -0.9046 -3.2924
v  -1.5870 -0.8129 -3.1534
v  -1.5332 -1.0522 -3.2047
v  -1.5827 -1.0028 -3.0582
v  -1.5646 0.4057 -2.3001
v  -1.5661 -1.0335 -3.1578
v  -1.5663 -0.8688 -3.2424
v  -1.5652 -0.6978 -3.2939
v  -1.5636 0.0702 -3.3748
v  -1.5634 0.1509 -3.3371
v  -1.5632 0.2100 -3.2238
v  -1.5680 0.2942 -2.9119
v  -1.5787 0.3578 -2.5766
v  -1.5856 0.3727 -2.3297
v  -1.5809 0.3708 -2.3127
v  -1.0942 0.7022 -1.1824
v  0.2371 0.7022 -1.1823
v  1.2012 1.3823 -0.0892
v  1.0988 1.2912 -0.1539
v  1.0528 1.2645 -0.3020
v  1.0901 1.3177 -0.4469
v  1.1888 1.4197 -0.5149
v  1.2988 1.5108 -0.4503
v  1.3439 1.5276 -0.2955
v  1.3075 1.4843 -0.1460
v  -0.4187 1.1715 0.3680
v  -0.4187 1.0830 0.1734
v  -0.4187 0.9769 -0.0506
v  -0.4790 0.9595 -0.1116
v  -0.8181 0.9595 -0.1116
v  -0.8785 0.9769 -0.0506
v  -0.8785 1.0558 0.1763
v  -0.8785 1.1715 0.3680
v  -0.8181 1.1889 0.4291
v  -0.4790 1.1889 0.4291
v  -1.0230 0.6770 0.2703
v  -1.0896 0.9775 0.1951
v  -1.0172 0.9775 0.1951
v  -1.0899 0.8897 0.2948
v  -1.0175 0.8897 0.2948
v  -1.0933 0.8996 -0.0443
v  -1.0922 0.9787 0.0525
v  -1.0218 0.9782 0.0530
v  -1.0230 0.8991 -0.0432
v  -1.0953 0.6547 0.1645
v  -1.3648 -0.8509 0.0352
v  -1.5877 -0.8509 0.0422
v  -1.3648 -0.3658 0.2387
v  -1.3648 0.2153 0.2357
v  -1.3648 -0.6036 0.1602
v  -1.3648 0.5832 0.2337
v  -1.1009 -0.3658 0.2387
v  -1.1009 0.2153 0.2357
v  -1.1009 -0.6036 0.1602
v  -1.1009 0.5832 0.2337
v  -1.2148 0.6649 -1.7696
v  -1.3647 0.6357 -2.0575
v  -1.3670 0.7180 -0.5539
v  -1.3670 0.7154 -0.8676
v  -1.3670 0.7022 -1.1824
v  -1.3647 0.6665 -1.7673
v  -1.3647 0.6802 -1.7595
v  -1.3647 0.7653 -1.1902
v  -1.3648 0.5057 -2.1543
v  -1.3665 0.6964 -0.1353
v  -1.3680 0.6547 0.1645
v  -1.0942 -0.9866 -0.2085
v  -1.0942 -0.8707 -0.2094
v  -1.5547 -0.8707 -0.2094
v  -1.5247 -0.9341 -0.2085
v  -1.0942 -0.8732 0.1503
v  -1.5547 -0.8735 0.1503
v  -1.5247 -0.9331 0.1503
v  -1.0942 -0.9857 0.1503
v  -1.0992 -1.2769 -0.2392
v  -1.0992 -1.2739 -1.0804
v  -1.1005 -1.2698 -1.6555
v  -1.3648 -0.8006 -1.4275
v  -1.3648 -0.8006 0.0352
v  -1.0962 -0.8006 -1.4275
v  -1.0962 -0.8006 0.0352
v  -1.3133 -0.9872 0.1503
v  -1.3133 -0.9881 -0.2085
v  -1.0985 -0.9057 -1.5028
v  -1.1868 -0.7697 -1.0961
v  -1.1870 -1.4644 -1.0867
v  -1.1869 -1.4640 -1.3292
v  -1.1868 -0.7697 -1.3480
v  -1.2644 -0.7697 -1.1627
v  -1.2646 -1.4644 -1.1585
v  -1.2644 -0.7697 -1.2762
v  -1.2644 -1.4640 -1.2678
v  1.3696 1.6008 0.7962
v  1.3716 2.0021 0.6623
v  1.3611 2.2755 0.5681
v  1.2650 2.3550 0.5508
v  -0.3404 2.3286 0.6015
v  -0.5375 1.8643 0.7740
v  -0.2423 2.4072 0.5994
v  -0.5891 1.6808 0.8260
v  1.3056 1.5574 0.8120
v  1.2981 1.6017 0.9509
v  0.3009 1.5860 0.9874
v  1.2387 1.5682 0.9618
v  1.2901 2.1077 0.7953
v  0.3567 2.2046 0.8171
v  1.2012 2.1683 0.7815
v  -0.2858 2.1471 0.8439
v  -0.4196 1.8668 0.9122
v  -0.1949 2.2072 0.8313
v  0.1069 1.5861 0.9874
v  -0.4865 1.6787 0.9649
v  -0.4277 1.5956 0.9866
v  -0.5082 1.5975 0.8477
v  -1.2567 -0.1893 5.2761
v  -1.2567 -0.1258 5.4046
v  -1.2567 -0.2111 5.1338
v  -1.2567 -0.0270 5.5065
v  -1.2567 0.0975 5.5719
v  -1.2567 0.2355 5.5945
v  -1.2567 0.3735 5.5719
v  -1.2567 0.4979 5.5065
v  -1.2567 0.5967 5.4046
v  -1.2567 0.6602 5.2761
v  -1.2567 0.6820 5.1338
v  -1.2567 -0.3849 2.5323
v  -1.2567 0.5431 2.4870
v  -1.2567 -0.5275 -0.3159
v  -1.2567 0.3241 -0.3159
v  -1.3371 -0.1893 5.2761
v  -1.3371 -0.1258 5.4046
v  -1.3371 -0.2111 5.1338
v  -1.3371 -0.0270 5.5065
v  -1.3371 0.0975 5.5719
v  -1.3371 0.2355 5.5945
v  -1.3371 0.3735 5.5719
v  -1.3371 0.4979 5.5065
v  -1.3371 0.5967 5.4046
v  -1.3371 0.6602 5.2761
v  -1.3371 0.6820 5.1338
v  -1.3371 0.5431 2.4870
v  -1.3371 -0.3849 2.5323
v  -1.3371 0.3241 -0.3159
v  -1.3371 -0.5275 -0.3159
v  -1.2788 -0.2874 5.1383
v  -1.2788 -0.2617 5.3063
v  -1.2788 -0.1868 5.4579
v  -1.2788 -0.0702 5.5782
v  -1.2788 0.0767 5.6554
v  -1.2788 0.2395 5.6820
v  -1.2788 0.4023 5.6554
v  -1.2788 0.5492 5.5782
v  -1.2788 0.6658 5.4579
v  -1.2788 0.7407 5.3063
v  -1.2788 0.7665 5.1383
v  -1.3149 -0.2874 5.1383
v  -1.3149 -0.2617 5.3063
v  -1.3149 -0.1868 5.4579
v  -1.3149 -0.0702 5.5782
v  -1.3149 0.0767 5.6554
v  -1.3149 0.2395 5.6820
v  -1.3149 0.4023 5.6554
v  -1.3149 0.5492 5.5782
v  -1.3149 0.6658 5.4579
v  -1.3149 0.7407 5.3063
v  -1.3149 0.7665 5.1383
v  -1.2788 -0.6147 -0.3165
v  -1.3149 -0.6147 -0.3165
v  -1.2788 0.4088 -0.3165
v  -1.3149 0.4088 -0.3165
v  -1.3149 0.6227 2.4841
v  -1.3149 -0.4699 2.5309
v  -1.2788 -0.4699 2.5309
v  -1.2788 0.6227 2.4841
v  -1.2567 -0.1893 5.2761
v  -1.2567 -0.1258 5.4046
v  -1.2567 -0.2111 5.1338
v  -1.2567 -0.0270 5.5065
v  -1.2567 0.0975 5.5719
v  -1.2567 0.2355 5.5945
v  -1.2567 0.3735 5.5719
v  -1.2567 0.4979 5.5065
v  -1.2567 0.5967 5.4046
v  -1.2567 0.6602 5.2761
v  -1.2567 0.6820 5.1338
v  -1.2567 -0.3849 2.5323
v  -1.2567 0.5431 2.4870
v  -1.2567 -0.5275 -0.3159
v  -1.2567 0.3241 -0.3159
v  -1.3371 -0.1893 5.2761
v  -1.3371 -0.1258 5.4046
v  -1.3371 -0.2111 5.1338
v  -1.3371 -0.0270 5.5065
v  -1.3371 0.0975 5.5719
v  -1.3371 0.2355 5.5945
v  -1.3371 0.3735 5.5719
v  -1.3371 0.4979 5.5065
v  -1.3371 0.5967 5.4046
v  -1.3371 0.6602 5.2761
v  -1.3371 0.6820 5.1338
v  -1.3371 0.5431 2.4870
v  -1.3371 -0.3849 2.5323
v  -1.3371 0.3241 -0.3159
v  -1.3371 -0.5275 -0.3159
# 1435 vertices

vn 0.2449 -0.3223 -0.9144
vn 0.2449 -0.8745 -0.4187
vn 0.0000 -0.9020 -0.4318
vn 0.0000 -0.3324 -0.9431
vn 0.2449 0.4187 -0.8745
vn 0.2449 -0.3223 -0.9144
vn 0.0000 -0.3324 -0.9431
vn 0.0000 0.4318 -0.9020
vn 0.2449 0.9144 -0.3223
vn 0.2449 0.4187 -0.8745
vn 0.0000 0.4318 -0.9020
vn 0.0000 0.9431 -0.3324
vn 0.2449 0.8745 0.4187
vn 0.2449 0.9144 -0.3223
vn 0.0000 0.9431 -0.3324
vn 0.0000 0.9020 0.4318
vn 0.2449 0.3223 0.9144
vn 0.2449 0.8745 0.4187
vn 0.0000 0.9020 0.4318
vn 0.0000 0.3324 0.9431
vn 0.2449 -0.4187 0.8745
vn 0.2449 0.3223 0.9144
vn 0.0000 0.3324 0.9431
vn 0.0000 -0.4318 0.9020
vn 0.2449 -0.9144 0.3223
vn 0.2449 -0.4187 0.8745
vn 0.0000 -0.4318 0.9020
vn 0.0000 -0.9431 0.3324
vn 0.2449 -0.8745 -0.4187
vn 0.2449 -0.9144 0.3223
vn 0.0000 -0.9431 0.3324
vn 0.0000 -0.9020 -0.4318
vn 0.7387 -0.6080 -0.2911
vn 0.7387 -0.2241 -0.6357
vn 1.0000 -0.0000 0.0000
vn 0.7387 -0.2241 -0.6357
vn 0.7387 0.2911 -0.6080
vn 1.0000 -0.0000 0.0000
vn 0.7387 0.2911 -0.6080
vn 0.7387 0.6357 -0.2241
vn 1.0000 -0.0000 0.0000
vn 0.7387 0.6357 -0.2241
vn 0.7387 0.6080 0.2911
vn 1.0000 -0.0000 0.0000
vn 0.7387 0.6080 0.2911
vn 0.7387 0.2241 0.6357
vn 1.0000 -0.0000 0.0000
vn 0.7387 0.2241 0.6357
vn 0.7387 -0.2911 0.6080
vn 1.0000 -0.0000 0.0000
vn 0.7387 -0.2911 0.6080
vn 0.7387 -0.6357 0.2241
vn 1.0000 -0.0000 0.0000
vn 0.7387 -0.6357 0.2241
vn 0.7387 -0.6080 -0.2911
vn 1.0000 -0.0000 0.0000
vn 0.7387 -0.2241 -0.6357
vn 0.7387 -0.6080 -0.2911
vn 0.2449 -0.8745 -0.4187
vn 0.2449 -0.3223 -0.9144
vn 0.7387 0.2911 -0.6080
vn 0.7387 -0.2241 -0.6357
vn 0.2449 -0.3223 -0.9144
vn 0.2449 0.4187 -0.8745
vn 0.7387 0.6357 -0.2241
vn 0.7387 0.2911 -0.6080
vn 0.2449 0.4187 -0.8745
vn 0.2449 0.9144 -0.3223
vn 0.7387 0.6080 0.2911
vn 0.7387 0.6357 -0.2241
vn 0.2449 0.9144 -0.3223
vn 0.2449 0.8745 0.4187
vn 0.7387 0.2241 0.6357
vn 0.7387 0.6080 0.2911
vn 0.2449 0.8745 0.4187
vn 0.2449 0.3223 0.9144
vn 0.7387 -0.2911 0.6080
vn 0.7387 0.2241 0.6357
vn 0.2449 0.3223 0.9144
vn 0.2449 -0.4187 0.8745
vn 0.7387 -0.6357 0.2241
vn 0.7387 -0.2911 0.6080
vn 0.2449 -0.4187 0.8745
vn 0.2449 -0.9144 0.3223
vn 0.7387 -0.6080 -0.2911
vn 0.7387 -0.6357 0.2241
vn 0.2449 -0.9144 0.3223
vn 0.2449 -0.8745 -0.4187
vn 1.0000 0.0000 -0.0000
vn 1.0000 0.0000 -0.0000
vn 1.0000 0.0000 -0.0000
vn 1.0000 0.0000 -0.0000
vn 1.0000 0.0000 -0.0000
vn 1.0000 0.0000 -0.0000
vn 1.0000 0.0000 -0.0000
vn 1.0000 0.0000 -0.0000
vn 1.0000 0.0000 -0.0000
vn 1.0000 0.0000 -0.0000
vn 1.0000 0.0000 -0.0000
vn 1.0000 0.0000 -0.0000
vn 1.0000 0.0000 -0.0000
vn 1.0000 0.0000 -0.0000
vn 1.0000 0.0000 -0.0000
vn 1.0000 0.0000 -0.0000
vn 1.0000 0.0000 -0.0000
vn 1.0000 0.0000 -0.0000
vn 1.0000 0.0000 -0.0000
vn 1.0000 0.0000 -0.0000
vn 1.0000 0.0000 -0.0000
vn 1.0000 0.0000 -0.0000
vn 1.0000 0.0000 -0.0000
vn 1.0000 0.0000 -0.0000
vn 1.0000 0.0000 -0.0000
vn 1.0000 0.0000 -0.0000
vn 1.0000 0.0000 -0.0000
vn -1.0000 0.0000 -0.0000
vn -1.0000 0.0000 -0.0000
vn -1.0000 0.0000 -0.0000
vn -1.0000 0.0000 -0.0000
vn -1.0000 0.0000 -0.0000
vn -1.0000 0.0000 -0.0000
vn -1.0000 0.0000 -0.0000
vn -1.0000 0.0000 -0.0000
vn -1.0000 0.0000 -0.0000
vn -1.0000 0.0000 -0.0000
vn -1.0000 0.0000 -0.0000
vn -1.0000 0.0000 -0.0000
vn -1.0000 0.0000 -0.0000
vn -1.0000 0.0000 -0.0000
vn -1.0000 0.0000 -0.0000
vn -1.0000 0.0000 -0.0000
vn -1.0000 0.0000 -0.0000
vn -1.0000 0.0000 -0.0000
vn -1.0000 0.0000 -0.0000
vn -1.0000 0.0000 -0.0000
vn -1.0000 0.0000 -0.0000
vn -1.0000 0.0000 -0.0000
vn -1.0000 0.0000 -0.0000
vn -1.0000 0.0000 -0.0000
vn -1.0000 0.0000 -0.0000
vn -1.0000 0.0000 -0.0000
vn -1.0000 0.0000 -0.0000
vn 1.0000 0.0000 -0.0000
vn 1.0000 0.0000 -0.0000
vn 1.0000 0.0000 -0.0000
vn 1.0000 0.0000 -0.0000
vn -1.0000 0.0000 -0.0000
vn -1.0000 0.0000 -0.0000
vn -1.0000 0.0000 -0.0000
vn -1.0000 0.0000 -0.0000
vn -1.0000 0.0000 -0.0000
vn -1.0000 0.0000 -0.0000
vn -1.0000 0.0000 -0.0000
vn -1.0000 0.0000 -0.0000
vn 1.0000 0.0000 -0.0000
vn 1.0000 0.0000 -0.0000
vn 1.0000 0.0000 -0.0000
vn 1.0000 0.0000 -0.0000
vn 0.0000 -0.4345 -0.9007
vn 0.0000 -0.4345 -0.9007
vn 0.0000 -0.4345 -0.9007
vn 0.0000 -0.4345 -0.9007
vn 1.0000 0.0000 -0.0000
vn 1.0000 0.0000 -0.0000
vn 1.0000 0.0000 -0.0000
vn 1.0000 0.0000 -0.0000
vn 0.0000 -0.9705 -0.2413
vn 0.0000 -0.9705 -0.2413
vn 0.0000 -0.9976 0.0694
vn 0.0000 -0.9976 0.0694
vn -1.0000 0.0000 -0.0000
vn -1.0000 0.0000 -0.0000
vn -1.0000 0.0000 -0.0000
vn -1.0000 0.0000 -0.0000
vn 0.0000 0.4056 -0.9141
vn 0.0000 0.4056 -0.9141
vn 0.0000 0.7194 -0.6946
vn 0.0000 0.7194 -0.6946
vn -0.9767 0.0906 0.1948
vn -0.8520 0.2207 0.4748
vn -0.8483 0.2232 0.4802
vn -0.9779 0.0881 0.1895
vn 0.0000 0.8757 -0.4829
vn 0.0000 0.9141 -0.4056
vn 0.0000 0.9175 -0.3976
vn 0.0000 0.8904 -0.4551
vn 0.8520 -0.2207 -0.4748
vn 0.9767 -0.0906 -0.1948
vn 0.9779 -0.0881 -0.1895
vn 0.8483 -0.2232 -0.4802
vn 0.0000 -0.8904 0.4551
vn 0.0000 -0.9175 0.3976
vn 0.0000 -0.9141 0.4056
vn 0.0000 -0.8757 0.4829
vn -0.8192 0.2418 0.5201
vn -0.9236 0.1616 0.3476
vn -0.9519 0.1312 0.2771
vn -0.8272 0.2369 0.5095
vn 0.0000 0.6600 -0.7512
vn 0.0000 0.8086 -0.5884
vn 0.0000 0.8379 -0.5458
vn 0.0000 0.7061 -0.7081
vn 0.9232 -0.1636 -0.3478
vn 0.8192 -0.2418 -0.5201
vn 0.8272 -0.2369 -0.5095
vn 0.9502 -0.1313 -0.2825
vn 0.0000 -0.7085 0.7057
vn 0.0000 -0.8379 0.5458
vn 0.0000 -0.8086 0.5884
vn 0.0000 -0.6645 0.7473
vn 1.0000 0.0000 -0.0000
vn 1.0000 0.0000 -0.0000
vn 0.9779 -0.0881 -0.1895
vn 0.9767 -0.0906 -0.1948
vn -0.9767 0.0906 0.1948
vn -0.9779 0.0881 0.1895
vn -1.0000 0.0000 -0.0000
vn -1.0000 0.0000 -0.0000
vn 0.0000 -0.9976 0.0694
vn 0.0000 -0.9141 0.4056
vn 0.0000 -0.9175 0.3976
vn 0.0000 -0.9976 0.0694
vn 0.0000 0.9141 -0.4056
vn 0.0000 0.7194 -0.6946
vn 0.0000 0.7194 -0.6946
vn 0.0000 0.9175 -0.3976
vn 0.0000 0.8086 -0.5884
vn 0.0000 0.8757 -0.4829
vn 0.0000 0.8904 -0.4551
vn 0.0000 0.8379 -0.5458
vn 0.8520 -0.2207 -0.4748
vn 0.8483 -0.2232 -0.4802
vn 0.8272 -0.2369 -0.5095
vn 0.8192 -0.2418 -0.5201
vn 0.0000 -0.8757 0.4829
vn 0.0000 -0.8086 0.5884
vn 0.0000 -0.8379 0.5458
vn 0.0000 -0.8904 0.4551
vn -0.8192 0.2418 0.5201
vn -0.8272 0.2369 0.5095
vn -0.8483 0.2232 0.4802
vn -0.8520 0.2207 0.4748
vn 0.0000 0.6393 -0.7689
vn -0.0017 0.7975 -0.6034
vn 0.0000 0.8159 -0.5782
vn 0.0000 0.6541 -0.7564
vn 0.9817 -0.0900 -0.1677
vn 0.9843 -0.0886 -0.1530
vn 0.9839 -0.0830 -0.1584
vn 0.9811 -0.0815 -0.1754
vn 0.0000 -0.6557 0.7550
vn -0.0003 -0.7994 0.6008
vn -0.0132 -0.7879 0.6156
vn -0.0046 -0.6567 0.7541
vn 0.0062 0.9844 -0.1758
vn 0.0000 0.8159 -0.5782
vn -0.0017 0.7975 -0.6034
vn 0.0044 0.9806 -0.1961
vn 0.9817 -0.0900 -0.1677
vn 0.9811 -0.0815 -0.1754
vn 0.9813 -0.0939 -0.1678
vn 0.9834 -0.1012 -0.1507
vn -0.0003 -0.7994 0.6008
vn 0.0059 -0.9221 0.3870
vn -0.0050 -0.9139 0.4058
vn -0.0132 -0.7879 0.6156
vn 0.0000 0.6541 -0.7564
vn 0.0000 0.6600 -0.7512
vn 0.0000 0.7061 -0.7081
vn 0.0000 0.6393 -0.7689
vn -0.9851 0.0802 0.1524
vn -0.9847 0.0860 0.1516
vn -0.9519 0.1312 0.2771
vn -0.9236 0.1616 0.3476
vn 0.0000 -0.7085 0.7057
vn 0.0000 -0.6645 0.7473
vn 0.0000 -0.6557 0.7550
vn -0.0046 -0.6567 0.7541
vn 0.9232 -0.1636 -0.3478
vn 0.9502 -0.1313 -0.2825
vn 0.9839 -0.0830 -0.1584
vn 0.9843 -0.0886 -0.1530
vn 0.9968 -0.0319 -0.0733
vn 0.9977 -0.0394 -0.0560
vn 1.0000 -0.0001 0.0004
vn -0.0000 -0.9789 0.2046
vn -0.0000 -0.8850 -0.4656
vn -0.0000 -0.8850 -0.4656
vn 0.0000 -0.9789 0.2046
vn -0.9864 0.0647 0.1512
vn -0.9872 0.0435 0.1531
vn -1.0000 -0.0001 0.0008
vn -1.0000 0.0014 0.0012
vn -0.0007 -0.5598 0.8286
vn -0.0427 -0.8533 0.5197
vn -0.0000 -0.8487 0.5288
vn 0.0126 -0.5694 0.8220
vn -0.0207 0.8774 -0.4793
vn -0.0246 0.7523 -0.6583
vn -0.0275 0.7624 -0.6465
vn 0.0106 0.8829 -0.4695
vn -0.8861 0.1236 0.4467
vn -0.8857 0.1105 0.4509
vn -0.9872 0.0435 0.1531
vn -0.9864 0.0647 0.1512
vn -0.0887 -0.8975 0.4319
vn 0.0284 -0.9378 0.3460
vn -0.0000 -0.8487 0.5288
vn -0.0427 -0.8533 0.5197
vn -0.0317 0.9358 -0.3510
vn -0.0713 0.9243 -0.3749
vn -0.0207 0.8774 -0.4793
vn 0.0106 0.8829 -0.4695
vn -0.2546 0.2526 0.9335
vn -0.1982 0.2506 0.9476
vn -0.5924 0.2212 0.7747
vn -0.6258 0.2033 0.7530
vn -0.0321 -0.9364 0.3495
vn -0.0041 -0.9597 0.2810
vn 0.0139 -0.9581 0.2861
vn -0.0267 -0.9341 0.3561
vn -0.4171 0.8155 -0.4013
vn -0.4876 0.8011 -0.3471
vn -0.1342 0.9258 -0.3533
vn -0.0963 0.9280 -0.3598
vn 0.0426 0.2994 0.9532
vn 0.0237 0.2483 0.9684
vn 0.0299 0.2864 0.9576
vn 0.0099 -0.9498 0.3128
vn 0.0095 -0.9504 0.3110
vn 0.0095 -0.9438 0.3305
vn 0.0059 -0.9221 0.3870
vn 0.0296 0.9992 -0.0263
vn 0.0306 0.9992 -0.0268
vn -0.2890 0.9567 -0.0353
vn -0.3373 0.9410 -0.0290
vn -0.8620 0.5016 -0.0729
vn -0.8782 0.4771 -0.0341
vn -0.7803 0.6025 -0.1674
vn -0.7364 0.6297 -0.2475
vn 0.0380 0.3143 0.9486
vn 0.0319 0.2722 0.9617
vn 0.0555 0.3148 0.9475
vn 0.0555 0.3148 0.9475
vn 0.0319 0.2722 0.9617
vn 0.0426 0.2994 0.9532
vn 0.9985 0.0514 0.0193
vn 0.9964 0.0734 0.0432
vn 0.9996 0.0128 -0.0270
vn 0.9991 0.0002 -0.0427
vn 0.3680 -0.3858 -0.8460
vn 0.0294 -0.2822 -0.9589
vn -0.0259 -0.2985 -0.9540
vn 0.0521 0.3066 0.9504
vn 0.0353 0.2590 0.9652
vn 0.0356 0.3510 0.9357
vn 0.0363 0.3472 0.9371
vn -0.7839 0.6193 -0.0445
vn -0.7449 0.6649 -0.0551
vn -0.8782 0.4771 -0.0341
vn -0.8620 0.5016 -0.0729
vn 0.3680 -0.3858 -0.8460
vn -0.0259 -0.2985 -0.9540
vn -0.1422 -0.2538 -0.9568
vn 0.1864 -0.4324 -0.8822
vn 0.9872 0.1271 0.0958
vn 0.9775 0.1637 0.1330
vn 0.9964 0.0734 0.0432
vn 0.9985 0.0514 0.0193
vn -0.2890 0.9567 -0.0353
vn -0.7449 0.6649 -0.0551
vn -0.7839 0.6193 -0.0445
vn -0.3373 0.9410 -0.0290
vn 0.6215 0.7813 0.0576
vn 0.3753 0.9268 0.0167
vn 0.3447 0.9386 0.0121
vn 0.6216 0.7812 0.0577
vn -0.7364 0.6297 -0.2475
vn -0.7803 0.6025 -0.1674
vn -0.4876 0.8011 -0.3471
vn -0.4171 0.8155 -0.4013
vn -0.0079 -0.9327 0.3606
vn 0.0050 -0.9500 0.3123
vn -0.0041 -0.9597 0.2810
vn -0.0321 -0.9364 0.3495
vn -0.0288 0.2448 0.9692
vn -0.0108 0.2554 0.9668
vn -0.1982 0.2506 0.9476
vn -0.2546 0.2526 0.9335
vn 0.3447 0.9386 0.0121
vn 0.3753 0.9268 0.0167
vn 0.0306 0.9992 -0.0268
vn 0.0296 0.9992 -0.0263
vn 0.7200 -0.6772 0.1517
vn 0.6921 -0.6936 0.1996
vn 0.7240 -0.6745 0.1444
vn 0.7508 -0.6541 0.0925
vn -0.0246 0.7523 -0.6583
vn 0.0000 0.4868 -0.8735
vn -0.0087 0.4921 -0.8705
vn -0.0275 0.7624 -0.6465
vn -1.0000 0.0014 0.0012
vn -1.0000 -0.0001 0.0008
vn -1.0000 -0.0000 -0.0000
vn -1.0000 -0.0001 -0.0000
vn 0.0061 -0.1318 0.9913
vn 0.0000 -0.1247 0.9922
vn -0.0007 -0.5598 0.8286
vn 0.0126 -0.5694 0.8220
vn 1.0000 -0.0002 -0.0005
vn 1.0000 0.0000 -0.0000
vn 1.0000 -0.0001 0.0004
vn 1.0000 0.0025 0.0010
vn -0.3554 -0.2890 -0.8889
vn -0.0465 -0.3080 -0.9503
vn -0.0385 -0.3027 -0.9523
vn -0.0356 -0.3016 -0.9528
vn -0.3554 -0.2890 -0.8889
vn -0.5089 -0.2909 -0.8102
vn -0.0618 -0.3186 -0.9459
vn -0.0465 -0.3080 -0.9503
vn -0.5089 -0.2909 -0.8102
vn -0.2666 -0.4231 -0.8660
vn -0.0563 -0.3063 -0.9503
vn -0.0618 -0.3186 -0.9459
vn 1.0000 0.0000 -0.0000
vn 1.0000 0.0000 -0.0000
vn 1.0000 0.0000 -0.0000
vn 1.0000 -0.0002 -0.0005
vn 0.0000 -0.2487 0.9686
vn 0.0000 -0.2487 0.9686
vn 0.0000 -0.1247 0.9922
vn 0.0061 -0.1318 0.9913
vn -1.0000 0.0000 -0.0000
vn -1.0000 0.0000 -0.0000
vn -1.0000 -0.0001 -0.0000
vn -1.0000 -0.0000 -0.0000
vn 0.0000 0.0904 -0.9959
vn -0.0000 0.0904 -0.9959
vn -0.0087 0.4921 -0.8705
vn 0.0000 0.4868 -0.8735
vn 1.0000 0.0000 -0.0000
vn 1.0000 0.0000 -0.0000
vn 1.0000 0.0000 -0.0000
vn 1.0000 0.0000 -0.0000
vn -0.0000 -0.9789 0.2046
vn 0.0000 -0.9789 0.2046
vn 0.0000 -0.6954 0.7186
vn 0.0000 -0.6954 0.7186
vn -1.0000 0.0000 -0.0000
vn -1.0000 0.0000 -0.0000
vn -1.0000 0.0000 -0.0000
vn -1.0000 0.0000 -0.0000
vn -0.0000 -0.8850 -0.4656
vn -0.0000 -0.8850 -0.4656
vn -0.0000 -0.4278 -0.9039
vn -0.0000 -0.4278 -0.9039
vn -1.0000 0.0000 -0.0000
vn -1.0000 0.0000 -0.0000
vn -1.0000 0.0000 -0.0000
vn -1.0000 0.0000 -0.0000
vn 0.0000 -0.6954 0.7186
vn 0.0000 -0.6954 0.7186
vn 0.0000 -0.2487 0.9686
vn 0.0000 -0.2487 0.9686
vn 1.0000 0.0000 -0.0000
vn 1.0000 0.0000 -0.0000
vn 1.0000 0.0000 -0.0000
vn 1.0000 0.0000 -0.0000
vn -0.0000 -0.4278 -0.9039
vn -0.0000 -0.4278 -0.9039
vn -0.0000 0.0904 -0.9959
vn 0.0000 0.0904 -0.9959
vn -0.0963 0.9280 -0.3598
vn -0.1342 0.9258 -0.3533
vn -0.0713 0.9243 -0.3749
vn -0.0317 0.9358 -0.3510
vn -0.0267 -0.9341 0.3561
vn 0.0139 -0.9581 0.2861
vn 0.0284 -0.9378 0.3460
vn -0.0887 -0.8975 0.4319
vn -0.6258 0.2033 0.7530
vn -0.5924 0.2212 0.7747
vn -0.8857 0.1105 0.4509
vn -0.8861 0.1236 0.4467
vn 0.0356 0.3510 0.9357
vn 0.0187 0.3694 0.9291
vn 0.0204 0.3489 0.9369
vn 0.0363 0.3472 0.9371
vn 0.0380 0.3143 0.9486
vn 0.0204 0.3044 0.9523
vn -0.0108 0.2554 0.9668
vn 0.0319 0.2722 0.9617
vn 0.0237 0.2483 0.9684
vn 0.0319 0.2722 0.9617
vn -0.0108 0.2554 0.9668
vn -0.0288 0.2448 0.9692
vn 0.0050 -0.9500 0.3123
vn -0.0079 -0.9327 0.3606
vn -0.0050 -0.9139 0.4058
vn 0.0059 -0.9221 0.3870
vn 0.0095 -0.9438 0.3305
vn 0.0050 -0.9500 0.3123
vn -0.0050 -0.9139 0.4058
vn 0.0363 0.3472 0.9371
vn 0.0204 0.3489 0.9369
vn 0.0204 0.3044 0.9523
vn 0.0380 0.3143 0.9486
vn 0.0380 0.3143 0.9486
vn 0.0555 0.3148 0.9475
vn 0.0521 0.3066 0.9504
vn 0.0363 0.3472 0.9371
vn 0.1864 -0.4324 -0.8822
vn -0.1422 -0.2538 -0.9568
vn 0.0143 -0.3186 -0.9478
vn 0.1430 -0.5139 -0.8458
vn -0.0419 -0.5680 -0.8220
vn -0.0372 -0.3414 -0.9392
vn -0.0564 -0.2953 -0.9537
vn -0.1321 -0.4877 -0.8630
vn 0.9968 -0.0319 -0.0733
vn 0.9206 -0.1273 -0.3692
vn 0.9180 -0.1439 -0.3696
vn 0.9977 -0.0394 -0.0560
vn 0.9206 -0.1273 -0.3692
vn 0.5743 -0.2423 -0.7820
vn 0.6025 -0.2430 -0.7602
vn 0.9180 -0.1439 -0.3696
vn 0.5743 -0.2423 -0.7820
vn 0.1798 -0.2773 -0.9438
vn 0.2326 -0.2749 -0.9329
vn 0.6025 -0.2430 -0.7602
vn 0.1798 -0.2773 -0.9438
vn 0.0294 -0.2822 -0.9589
vn 0.0512 -0.2753 -0.9600
vn 0.2326 -0.2749 -0.9329
vn 0.3680 -0.3858 -0.8460
vn 0.2144 -0.3286 -0.9198
vn 0.0512 -0.2753 -0.9600
vn 0.0294 -0.2822 -0.9589
vn -0.9810 0.0731 0.1796
vn -0.9813 0.0691 0.1798
vn -0.9816 0.0817 0.1726
vn -0.9808 0.0821 0.1766
vn -0.9847 0.0860 0.1516
vn -0.9808 0.0821 0.1766
vn -0.9816 0.0817 0.1726
vn -0.9851 0.0892 0.1473
vn -0.9519 0.1312 0.2771
vn -0.9847 0.0860 0.1516
vn -0.9851 0.0892 0.1473
vn 0.0590 0.9202 -0.3870
vn 0.0615 0.9098 -0.4105
vn 0.0682 0.9163 -0.3946
vn 0.0411 0.9216 -0.3859
vn 0.0235 0.9203 -0.3906
vn 0.0590 0.9202 -0.3870
vn 0.0411 0.9216 -0.3859
vn 0.0155 0.9176 -0.3971
vn 0.0209 0.9171 -0.3982
vn 0.0235 0.9203 -0.3906
vn 0.0155 0.9176 -0.3971
vn 0.0181 0.9120 -0.4099
vn 0.0130 0.8345 -0.5508
vn 0.0089 0.8483 -0.5294
vn 0.0328 0.7973 -0.6026
vn 0.0130 0.8345 -0.5508
vn 0.0209 0.9171 -0.3982
vn 0.0181 0.9120 -0.4099
vn 0.0089 0.8483 -0.5294
vn 0.0130 0.8345 -0.5508
vn 0.0328 0.7973 -0.6026
vn 0.0322 0.7430 -0.6686
vn 0.4336 -0.4111 -0.8019
vn 0.5772 -0.3906 -0.7171
vn 0.5792 -0.3861 -0.7179
vn 0.4406 -0.4077 -0.7998
vn 0.2064 -0.4355 -0.8762
vn 0.4336 -0.4111 -0.8019
vn 0.4406 -0.4077 -0.7998
vn 0.2036 -0.4434 -0.8729
vn 0.0548 -0.4879 -0.8712
vn 0.2064 -0.4355 -0.8762
vn 0.2036 -0.4434 -0.8729
vn 0.0506 -0.4952 -0.8673
vn -0.0013 -0.4819 -0.8762
vn 0.0548 -0.4879 -0.8712
vn 0.0506 -0.4952 -0.8673
vn -0.0011 -0.4809 -0.8768
vn -0.7645 -0.3092 -0.5656
vn -0.7651 -0.3101 -0.5643
vn -0.7649 -0.3098 -0.5648
vn -0.7643 -0.3089 -0.5660
vn 1.0000 -0.0067 0.0015
vn 1.0000 0.0025 0.0010
vn 1.0000 -0.0001 0.0004
vn 0.9977 -0.0394 -0.0560
vn 0.0319 0.2722 0.9617
vn 0.0237 0.2483 0.9684
vn 0.0426 0.2994 0.9532
vn -0.0468 -0.8996 0.4341
vn -0.0081 -0.9063 0.4226
vn -0.0079 -0.9327 0.3606
vn -0.0321 -0.9364 0.3495
vn -0.0321 -0.9364 0.3495
vn -0.0267 -0.9341 0.3561
vn -0.0733 -0.8950 0.4400
vn -0.0468 -0.8996 0.4341
vn -0.0427 -0.8533 0.5197
vn -0.0733 -0.8950 0.4400
vn -0.0267 -0.9341 0.3561
vn -0.0887 -0.8975 0.4319
vn -0.0050 -0.9139 0.4058
vn -0.0079 -0.9327 0.3606
vn -0.0081 -0.9063 0.4226
vn -0.0222 -0.8311 0.5556
vn -0.0132 -0.7879 0.6156
vn -0.0050 -0.9139 0.4058
vn -0.0222 -0.8311 0.5556
vn -0.0046 -0.6567 0.7541
vn -0.0132 -0.7879 0.6156
vn -0.0222 -0.8311 0.5556
vn -1.0000 0.0007 -0.0004
vn -1.0000 0.0003 -0.0009
vn -1.0000 0.0012 -0.0003
vn -1.0000 0.0013 0.0000
vn -1.0000 0.0007 -0.0004
vn -1.0000 0.0013 0.0000
vn -1.0000 0.0008 0.0000
vn -1.0000 0.0015 -0.0004
vn -1.0000 0.0019 -0.0009
vn -1.0000 0.0018 0.0006
vn -1.0000 0.0015 0.0001
vn -1.0000 0.0015 0.0001
vn -1.0000 0.0013 0.0000
vn -1.0000 0.0012 -0.0003
vn -1.0000 0.0015 -0.0004
vn 0.0000 -0.9949 0.1004
vn -0.0024 -1.0000 -0.0015
vn -0.0000 -0.9949 0.1004
vn 0.0000 -0.0001 1.0000
vn 0.0000 -0.0001 1.0000
vn 0.0000 -0.0001 1.0000
vn 0.0000 -0.0001 1.0000
vn 0.0000 0.9781 0.2080
vn 0.0000 0.9955 0.0949
vn 0.0000 0.9955 0.0949
vn 0.0000 0.9781 0.2080
vn 0.0000 0.8547 0.5191
vn 0.0000 0.9781 0.2080
vn 0.0000 0.9781 0.2080
vn 0.0000 0.8547 0.5191
vn -0.0000 -0.9949 0.1004
vn 0.0000 -0.9605 0.2784
vn 0.0000 -0.9605 0.2784
vn 0.0000 -0.9949 0.1004
vn 0.0000 0.0078 1.0000
vn 0.0000 0.5018 0.8650
vn 0.0000 0.5014 0.8652
vn 0.0000 0.0070 1.0000
vn 0.0000 -0.9605 0.2784
vn 0.0000 -0.8301 0.5576
vn 0.0000 -0.8301 0.5576
vn 0.0000 -0.9605 0.2784
vn 0.0000 -0.4716 0.8818
vn 0.0000 -0.4712 0.8820
vn 0.0000 0.0078 1.0000
vn 0.0000 0.0070 1.0000
vn 0.0000 -0.8301 0.5576
vn 0.0000 -0.4712 0.8820
vn 0.0000 -0.4716 0.8818
vn 0.0000 -0.8301 0.5576
vn -1.0000 0.0019 -0.0009
vn -1.0000 0.0035 -0.0038
vn -1.0000 0.0020 -0.0001
vn -1.0000 0.0018 0.0006
vn -1.0000 0.0018 0.0006
vn -1.0000 0.0020 -0.0001
vn -1.0000 0.0037 0.0035
vn 0.0000 0.5014 0.8652
vn 0.0000 0.5018 0.8650
vn 0.0000 0.8547 0.5191
vn 0.0000 0.8547 0.5191
vn 0.0000 -0.0000 1.0000
vn 0.0000 -0.0000 1.0000
vn 0.0000 -0.0000 1.0000
vn 0.0000 -0.0000 1.0000
vn -0.4003 0.9164 0.0000
vn -0.4003 0.9164 0.0000
vn -0.4003 0.9164 0.0000
vn -0.4003 0.9164 0.0000
vn -0.4003 -0.9164 -0.0000
vn -0.4003 -0.9164 -0.0000
vn -0.4003 -0.9164 -0.0000
vn -0.4003 -0.9164 -0.0000
vn -1.0000 0.0000 -0.0000
vn -1.0000 0.0000 -0.0000
vn -1.0000 0.0000 -0.0000
vn -1.0000 0.0000 -0.0000
vn 0.0000 0.0000 -1.0000
vn 0.0000 0.0000 -1.0000
vn 0.0000 0.0000 -1.0000
vn 0.0000 0.0000 -1.0000
vn 0.0000 -0.9653 -0.2612
vn 0.0000 -0.8660 -0.5000
vn 0.0000 -0.8660 -0.5000
vn 0.0000 -0.9653 -0.2612
vn 0.0000 0.8660 -0.5000
vn 0.0000 0.9543 -0.2989
vn 0.0000 0.9543 -0.2989
vn 0.0000 0.8660 -0.5000
vn -1.0000 0.0000 -0.0000
vn -1.0000 0.0000 -0.0000
vn -1.0000 0.0000 -0.0000
vn -1.0000 0.0000 -0.0000
vn -1.0000 0.0000 -0.0000
vn -1.0000 0.0000 -0.0000
vn 0.0000 -1.0000 -0.0049
vn 0.0000 -1.0000 -0.0049
vn 0.0000 -0.9653 -0.2612
vn 0.0000 -0.9653 -0.2612
vn 0.0000 0.9965 -0.0835
vn 0.0000 0.9965 -0.0835
vn 0.0000 0.9543 -0.2989
vn 0.0000 0.9543 -0.2989
vn -1.0000 0.0000 -0.0000
vn -1.0000 0.0000 -0.0000
vn -1.0000 0.0000 -0.0000
vn -1.0000 0.0000 -0.0000
vn -0.6604 0.0000 -0.7509
vn -0.6604 0.5310 -0.5310
vn -0.6604 0.5310 -0.5310
vn -0.6604 0.0000 -0.7509
vn -0.6604 -0.5310 -0.5310
vn -0.6604 0.0000 -0.7509
vn -0.6604 0.0000 -0.7509
vn -0.6604 -0.5310 -0.5310
vn -0.6604 -0.7509 -0.0000
vn -0.6604 -0.5310 -0.5310
vn -0.6604 -0.5310 -0.5310
vn -0.6604 -0.7509 0.0000
vn -0.6604 -0.5310 0.5310
vn -0.6604 -0.7509 -0.0000
vn -0.6604 -0.7509 0.0000
vn -0.6604 -0.5310 0.5310
vn -0.6604 0.0000 0.7509
vn -0.6604 -0.5310 0.5310
vn -0.6604 -0.5310 0.5310
vn -0.6604 0.0000 0.7509
vn -0.6604 0.5310 0.5310
vn -0.6604 0.0000 0.7509
vn -0.6604 0.0000 0.7509
vn -0.6604 0.5310 0.5310
vn -0.6604 0.7509 0.0000
vn -0.6604 0.5310 0.5310
vn -0.6604 0.5310 0.5310
vn -0.6604 0.7509 -0.0000
vn -0.6604 0.5310 -0.5310
vn -0.6604 0.7509 0.0000
vn -0.6604 0.7509 -0.0000
vn -0.6604 0.5310 -0.5310
vn -1.0000 0.0000 -0.0000
vn -1.0000 0.0000 -0.0000
vn -1.0000 0.0000 -0.0000
vn -1.0000 0.0000 -0.0000
vn -1.0000 0.0000 -0.0000
vn -1.0000 0.0000 -0.0000
vn -1.0000 0.0000 -0.0000
vn -1.0000 0.0000 -0.0000
vn -1.0000 0.0000 -0.0000
vn -1.0000 0.0000 -0.0000
vn -1.0000 0.0000 -0.0000
vn -1.0000 0.0000 -0.0000
vn -1.0000 0.0000 -0.0000
vn -1.0000 0.0000 -0.0000
vn -1.0000 0.0000 -0.0000
vn -1.0000 0.0000 -0.0000
vn -1.0000 0.0000 -0.0000
vn -1.0000 0.0000 -0.0000
vn -0.9122 0.3820 -0.1479
vn -0.4113 0.8715 -0.2670
vn -0.9426 0.2466 -0.2250
vn -0.9124 0.3026 -0.2755
vn -0.9124 0.3026 -0.2755
vn -0.9426 0.2466 -0.2250
vn -0.9428 0.1484 -0.2984
vn -0.9127 0.1824 -0.3657
vn -0.9127 0.1824 -0.3657
vn -0.9428 0.1484 -0.2984
vn -0.9431 0.0305 -0.3312
vn -0.9130 0.0380 -0.4061
vn -0.9130 0.0380 -0.4061
vn -0.9431 0.0305 -0.3312
vn -0.9433 -0.0910 -0.3193
vn -0.9134 -0.1111 -0.3917
vn -0.9134 -0.1111 -0.3917
vn -0.9433 -0.0910 -0.3193
vn -0.9435 -0.1998 -0.2643
vn -0.9137 -0.2447 -0.3245
vn -0.9137 -0.2447 -0.3245
vn -0.9435 -0.1998 -0.2643
vn -0.9437 -0.2814 -0.1741
vn -0.9139 -0.3450 -0.2138
vn -0.9139 -0.3450 -0.2138
vn -0.9437 -0.2814 -0.1741
vn -0.9437 -0.3251 -0.0607
vn -0.9140 -0.3987 -0.0746
vn -0.9140 -0.3987 -0.0746
vn -0.9437 -0.3251 -0.0607
vn -0.9437 -0.3251 0.0607
vn -0.9140 -0.3987 0.0746
vn -0.9140 -0.3987 0.0746
vn -0.9437 -0.3251 0.0607
vn -0.5007 -0.4721 0.7255
vn -0.8986 -0.3436 0.2728
vn -0.8986 -0.3436 0.2728
vn -0.5007 -0.4721 0.7255
vn -0.2466 -0.5588 0.7918
vn -0.8174 -0.3644 0.4462
vn -0.8174 -0.3644 0.4462
vn -0.2466 -0.5588 0.7918
vn -0.3555 -0.3732 0.8569
vn -0.9054 -0.1548 0.3953
vn -0.9054 -0.1548 0.3953
vn -0.3555 -0.3732 0.8569
vn -0.3973 0.0129 0.9176
vn -0.9270 0.0593 0.3704
vn -0.9270 0.0593 0.3704
vn -0.3973 0.0129 0.9176
vn -0.3816 0.4229 0.8219
vn -0.9127 0.1824 0.3657
vn -0.9127 0.1824 0.3657
vn -0.3816 0.4229 0.8219
vn -0.3769 0.6844 0.6241
vn -0.9124 0.3026 0.2755
vn -0.9124 0.3026 0.2755
vn -0.3769 0.6844 0.6241
vn -0.3765 0.8638 0.3347
vn -0.9122 0.3820 0.1479
vn -0.9122 0.3820 0.1479
vn -0.3765 0.8638 0.3347
vn -0.3763 0.9265 -0.0001
vn -0.9122 0.4098 -0.0000
vn -0.9122 0.4098 -0.0000
vn -0.3763 0.9265 -0.0001
vn -0.4113 0.8715 -0.2670
vn -0.9122 0.3820 -0.1479
vn -0.9122 0.3820 -0.1479
vn -0.9124 0.3026 -0.2755
vn -0.9270 0.0593 0.3704
vn -0.9124 0.3026 -0.2755
vn -0.9127 0.1824 -0.3657
vn -0.9270 0.0593 0.3704
vn -0.9127 0.1824 -0.3657
vn -0.9130 0.0380 -0.4061
vn -0.9270 0.0593 0.3704
vn -0.9130 0.0380 -0.4061
vn -0.9134 -0.1111 -0.3917
vn -0.9270 0.0593 0.3704
vn -0.9134 -0.1111 -0.3917
vn -0.9137 -0.2447 -0.3245
vn -0.9270 0.0593 0.3704
vn -0.9137 -0.2447 -0.3245
vn -0.9139 -0.3450 -0.2138
vn -0.9270 0.0593 0.3704
vn -0.9139 -0.3450 -0.2138
vn -0.9140 -0.3987 -0.0746
vn -0.9270 0.0593 0.3704
vn -0.9140 -0.3987 -0.0746
vn -0.9140 -0.3987 0.0746
vn -0.9270 0.0593 0.3704
vn -0.9140 -0.3987 0.0746
vn -0.8986 -0.3436 0.2728
vn -0.9270 0.0593 0.3704
vn -0.8986 -0.3436 0.2728
vn -0.8174 -0.3644 0.4462
vn -0.9270 0.0593 0.3704
vn -0.8174 -0.3644 0.4462
vn -0.9054 -0.1548 0.3953
vn -0.9270 0.0593 0.3704
vn -0.9127 0.1824 0.3657
vn -0.9124 0.3026 0.2755
vn -0.9270 0.0593 0.3704
vn -0.9124 0.3026 0.2755
vn -0.9122 0.3820 0.1479
vn -0.9270 0.0593 0.3704
vn -0.9122 0.3820 0.1479
vn -0.9122 0.4098 -0.0000
vn -0.9270 0.0593 0.3704
vn -0.9122 0.4098 -0.0000
vn -0.9122 0.3820 -0.1479
vn -0.9270 0.0593 0.3704
vn 0.0000 0.0132 0.9999
vn 0.0000 0.4611 0.8874
vn -0.3816 0.4229 0.8219
vn -0.3973 0.0129 0.9176
vn 0.0000 0.4611 0.8874
vn 0.0000 0.7390 0.6737
vn -0.3769 0.6844 0.6241
vn -0.3816 0.4229 0.8219
vn 0.0000 0.7390 0.6737
vn 0.0000 0.9325 0.3612
vn -0.3765 0.8638 0.3347
vn -0.3769 0.6844 0.6241
vn 0.0000 0.9325 0.3612
vn -0.0002 1.0000 -0.0001
vn -0.3763 0.9265 -0.0001
vn -0.3765 0.8638 0.3347
vn -0.4113 0.8715 -0.2670
vn -0.3763 0.9265 -0.0001
vn 0.0005 0.9701 -0.2427
vn -0.6720 -0.3372 0.6593
vn -0.8149 -0.3449 0.4659
vn 0.0000 -0.5951 0.8037
vn -0.0031 -0.4568 0.8895
vn 0.0000 0.5335 -0.8458
vn 0.0000 0.7510 -0.6603
vn 0.0000 0.7510 -0.6603
vn 0.0006 0.5333 -0.8459
vn 0.0000 -1.0000 -0.0000
vn 0.0000 -1.0000 -0.0000
vn 0.0010 -0.9508 0.3097
vn -0.0001 -0.9516 0.3072
vn 0.0041 0.2768 -0.9609
vn 0.0047 0.2714 -0.9624
vn 0.0036 0.2763 -0.9611
vn 0.0036 0.2763 -0.9611
vn 0.0047 0.2714 -0.9624
vn 0.0006 0.5333 -0.8459
vn 0.0006 0.5333 -0.8459
vn 0.0047 0.2714 -0.9624
vn 0.0000 0.5335 -0.8458
vn -0.7063 0.0035 0.7079
vn -0.0005 0.0049 1.0000
vn -0.7429 -0.0983 0.6621
vn -0.0039 -0.3772 0.9261
vn -0.0009 -0.3769 0.9263
vn -0.0005 -0.5563 0.8310
vn 0.0023 -0.6206 0.7841
vn -0.0028 -0.1415 -0.9899
vn -0.0096 -0.1431 -0.9897
vn -0.0015 -0.1417 -0.9899
vn 0.0000 -0.1414 -0.9900
vn -0.0009 -0.3769 0.9263
vn -0.0007 -0.3654 0.9309
vn 0.0049 -0.3685 0.9296
vn -0.2323 -0.9726 -0.0052
vn -0.2425 -0.9701 -0.0054
vn -0.7078 -0.7064 -0.0023
vn -0.6821 -0.7313 -0.0037
vn -0.9454 0.3009 -0.1251
vn -0.9562 0.2892 -0.0439
vn -1.0000 0.0000 -0.0000
vn -1.0000 -0.0000 -0.0000
vn -0.9197 0.3390 -0.1981
vn -0.3624 0.8246 -0.4345
vn -0.3721 0.6446 -0.6679
vn -0.9091 0.2846 -0.3043
vn -0.3624 0.8246 -0.4345
vn -0.0001 0.8965 -0.4431
vn 0.0000 0.6917 -0.7222
vn -0.3721 0.6446 -0.6679
vn -0.4113 0.8715 -0.2670
vn 0.0005 0.9701 -0.2427
vn -0.3624 0.8246 -0.4345
vn -0.9197 0.3390 -0.1981
vn 0.0005 0.9701 -0.2427
vn -0.0006 0.9701 -0.2428
vn -0.0001 0.8965 -0.4431
vn -0.3624 0.8246 -0.4345
vn 0.0005 0.9701 -0.2427
vn -0.0002 1.0000 -0.0001
vn -0.0006 0.9701 -0.2428
vn 0.0005 0.9701 -0.2427
vn -0.3763 0.9265 -0.0001
vn -0.0002 1.0000 -0.0001
vn -0.0031 -0.4568 0.8895
vn -0.0109 -0.1627 0.9866
vn -0.0070 -0.2029 0.9792
vn -0.9426 0.2466 -0.2250
vn -0.4113 0.8715 -0.2670
vn -0.9197 0.3390 -0.1981
vn -0.9428 0.1484 -0.2984
vn -0.9426 0.2466 -0.2250
vn -0.9197 0.3390 -0.1981
vn -0.9197 0.3390 -0.1981
vn -0.9091 0.2846 -0.3043
vn -0.9431 0.0305 -0.3312
vn -0.9428 0.1484 -0.2984
vn -0.9091 0.2846 -0.3043
vn -0.9440 0.2337 -0.2328
vn -0.9433 -0.0910 -0.3193
vn -0.9431 0.0305 -0.3312
vn -1.0000 -0.0000 -0.0000
vn -1.0000 0.0000 -0.0000
vn -0.9454 0.3009 -0.1251
vn -0.9435 -0.1998 -0.2643
vn -0.9433 -0.0910 -0.3193
vn -0.9440 0.2337 -0.2328
vn 0.0041 0.2768 -0.9609
vn 0.0036 0.2763 -0.9611
vn -0.0020 0.2950 -0.9555
vn 0.0000 -0.3961 0.9182
vn 0.0000 -0.5328 0.8462
vn -0.2466 -0.5588 0.7918
vn -0.5007 -0.4721 0.7255
vn 0.0000 -0.5328 0.8462
vn 0.0000 -0.4325 0.9016
vn -0.3555 -0.3732 0.8569
vn -0.2466 -0.5588 0.7918
vn 0.0000 -0.4325 0.9016
vn 0.0000 0.0132 0.9999
vn -0.3973 0.0129 0.9176
vn -0.3555 -0.3732 0.8569
vn -0.7429 -0.0983 0.6621
vn 0.0000 -0.1470 0.9891
vn 0.0000 -0.3961 0.9182
vn -0.5007 -0.4721 0.7255
vn -0.9437 -0.3251 0.0607
vn -0.7429 -0.0983 0.6621
vn -0.5007 -0.4721 0.7255
vn -0.9437 -0.3251 -0.0607
vn -0.7429 -0.0983 0.6621
vn -0.9437 -0.3251 0.0607
vn -0.0044 -0.1376 -0.9905
vn -0.0096 -0.1431 -0.9897
vn -0.0028 -0.1415 -0.9899
vn -0.9672 -0.2540 -0.0012
vn -0.6821 -0.7313 -0.0037
vn -0.7078 -0.7064 -0.0023
vn -0.9779 -0.2092 -0.0000
vn -0.0007 -0.3654 0.9309
vn -0.0009 -0.3769 0.9263
vn -0.0039 -0.3772 0.9261
vn -0.9672 -0.2540 -0.0012
vn -0.9779 -0.2092 -0.0000
vn -1.0000 0.0000 0.0000
vn -1.0000 0.0000 0.0000
vn -1.0000 0.0000 -0.0000
vn -1.0000 0.0000 0.0000
vn -1.0000 0.0000 0.0000
vn -1.0000 -0.0000 -0.0000
vn -0.0005 -0.5563 0.8310
vn -0.0001 -0.9516 0.3072
vn 0.0010 -0.9508 0.3097
vn 0.0023 -0.6206 0.7841
vn -1.0000 0.0000 -0.0000
vn -1.0000 -0.0000 -0.0000
vn -1.0000 -0.0000 -0.0000
vn 0.0000 0.6968 -0.7173
vn 0.0000 0.9311 -0.3648
vn -0.4106 0.8529 -0.3225
vn -0.4104 0.6294 -0.6599
vn -0.9454 0.3009 -0.1251
vn -0.9440 0.2337 -0.2328
vn -0.4104 0.6294 -0.6599
vn -0.4106 0.8529 -0.3225
vn -0.9454 0.3009 -0.1251
vn -0.4106 0.8529 -0.3225
vn -0.4190 0.8976 -0.1370
vn -0.9562 0.2892 -0.0439
vn -0.9091 0.2846 -0.3043
vn -0.3721 0.6446 -0.6679
vn -0.4104 0.6294 -0.6599
vn -0.9440 0.2337 -0.2328
vn -0.4106 0.8529 -0.3225
vn 0.0000 0.9311 -0.3648
vn 0.0000 0.9890 -0.1478
vn -0.3721 0.6446 -0.6679
vn 0.0000 0.6917 -0.7222
vn 0.0000 0.6968 -0.7173
vn -0.4104 0.6294 -0.6599
vn -0.9454 0.3009 -0.1251
vn -0.9437 -0.2814 -0.1741
vn -0.9435 -0.1998 -0.2643
vn -0.9440 0.2337 -0.2328
vn 1.0000 -0.0089 0.0034
vn 1.0000 -0.0018 0.0004
vn 1.0000 -0.0086 -0.0023
vn 1.0000 -0.0018 0.0004
vn 1.0000 0.0004 -0.0002
vn 1.0000 0.0005 -0.0002
vn 1.0000 -0.0039 -0.0055
vn 1.0000 0.0011 0.0002
vn 1.0000 0.0005 -0.0002
vn 1.0000 0.0004 -0.0002
vn 1.0000 0.0005 -0.0001
vn 1.0000 0.0005 -0.0001
vn 1.0000 0.0005 0.0000
vn 1.0000 0.0015 0.0007
vn 1.0000 0.0011 0.0002
vn 1.0000 0.0013 0.0008
vn 1.0000 0.0015 0.0007
vn 1.0000 0.0005 0.0000
vn 1.0000 0.0000 -0.0000
vn 1.0000 0.0000 -0.0000
vn 1.0000 0.0013 0.0008
vn 1.0000 0.0000 -0.0000
vn -0.9437 -0.3251 -0.0607
vn -0.7063 0.0035 0.7079
vn -0.7429 -0.0983 0.6621
vn -0.9437 -0.3251 -0.0607
vn -0.9437 -0.2814 -0.1741
vn -1.0000 0.0000 -0.0000
vn -0.7063 0.0035 0.7079
vn 0.0000 -1.0000 0.0012
vn 0.0000 -1.0000 0.0012
vn 0.0000 -1.0000 0.0012
vn 0.0000 -1.0000 0.0012
vn 0.0144 0.9999 0.0013
vn 0.0000 1.0000 0.0038
vn 0.0018 1.0000 0.0035
vn 0.0162 0.9999 0.0010
vn 0.0000 0.2780 0.9606
vn 0.0000 -0.2959 0.9552
vn 0.0000 -0.2959 0.9552
vn 0.0000 0.2780 0.9606
vn -0.0109 -0.1627 0.9866
vn -0.0006 0.0050 1.0000
vn -0.0005 0.0049 1.0000
vn -0.0070 -0.2029 0.9792
vn -0.9454 0.3009 -0.1251
vn -1.0000 0.0000 -0.0000
vn -0.9437 -0.2814 -0.1741
vn -1.0000 0.0000 -0.0000
vn -1.0000 0.0001 -0.0001
vn -1.0000 0.0001 -0.0001
vn -1.0000 -0.0000 0.0000
vn -0.0006 0.0050 1.0000
vn 0.0000 -0.1470 0.9891
vn -0.7429 -0.0983 0.6621
vn -0.0005 0.0049 1.0000
vn -0.6318 -0.2367 0.7381
vn -0.6720 -0.3372 0.6593
vn -0.0031 -0.4568 0.8895
vn -0.0070 -0.2029 0.9792
vn 0.0000 0.2780 0.9606
vn 0.0000 0.2780 0.9606
vn 0.0000 0.5498 0.8353
vn 0.0000 0.5498 0.8353
vn -1.0000 0.0000 -0.0000
vn -1.0000 0.0000 -0.0000
vn -1.0000 0.0000 -0.0000
vn -1.0000 -0.0000 0.0000
vn 0.0000 -0.2959 0.9552
vn 0.0000 -0.2959 0.9552
vn 0.0000 -0.5498 0.8353
vn 0.0000 -0.5498 0.8353
vn -0.9454 0.3009 -0.1251
vn -1.0000 0.0000 -0.0000
vn -1.0000 0.0000 -0.0000
vn -1.0000 -0.0000 -0.0000
vn -1.0000 -0.0000 -0.0000
vn -1.0000 -0.0000 0.0000
vn -1.0000 -0.0000 -0.0000
vn -0.6720 -0.3372 0.6593
vn -1.0000 -0.0000 0.0000
vn -0.8149 -0.3449 0.4659
vn -0.6318 -0.2367 0.7381
vn -1.0000 -0.0000 0.0000
vn -0.6720 -0.3372 0.6593
vn 0.0000 0.3081 0.9513
vn 0.0000 0.3081 0.9513
vn 0.0000 0.3081 0.9513
vn 0.0000 0.3081 0.9513
vn 0.0000 1.0000 0.0009
vn 0.0000 1.0000 0.0009
vn 0.0000 1.0000 0.0009
vn 0.0000 1.0000 0.0009
vn 0.0000 0.3099 -0.9508
vn 0.0000 0.3099 -0.9508
vn 0.0000 0.3099 -0.9508
vn 0.0000 0.3099 -0.9508
vn 0.0000 -0.8085 -0.5885
vn 0.0000 -0.8085 -0.5885
vn 0.0000 -0.8085 -0.5885
vn 0.0000 -0.8085 -0.5885
vn 0.0000 -0.8096 0.5870
vn 0.0000 -0.8096 0.5870
vn 0.0000 -0.8096 0.5870
vn 0.0000 -0.8096 0.5870
vn 0.0000 -0.0000 1.0000
vn 0.0000 -0.0000 1.0000
vn 0.0000 -0.0000 1.0000
vn 0.0000 -0.0000 1.0000
vn 1.0000 0.0000 -0.0000
vn 1.0000 0.0000 -0.0000
vn 1.0000 0.0000 -0.0000
vn 1.0000 0.0000 -0.0000
vn 0.0000 -0.4328 -0.9015
vn 0.0000 -0.4328 -0.9015
vn 0.0000 -0.4328 -0.9015
vn 0.0000 -0.4328 -0.9015
vn -1.0000 0.0000 -0.0000
vn -1.0000 0.0000 -0.0000
vn -1.0000 0.0000 -0.0000
vn -1.0000 0.0000 -0.0000
vn 0.0000 -0.7473 0.6645
vn 0.0000 -0.8381 0.5455
vn 0.0000 -0.8381 0.5455
vn 0.0000 -0.7473 0.6645
vn 1.0000 0.0000 -0.0000
vn 1.0000 0.0000 -0.0000
vn 1.0000 0.0000 -0.0000
vn 1.0000 0.0000 -0.0000
vn 0.0000 -0.8381 0.5455
vn 0.0000 -0.9101 0.4143
vn 0.0000 -0.9101 0.4143
vn 0.0000 -0.8381 0.5455
vn -1.0000 0.0000 -0.0000
vn -1.0000 0.0000 -0.0000
vn -1.0000 0.0000 -0.0000
vn -1.0000 0.0000 -0.0000
vn 0.0000 0.0000 -1.0000
vn 0.0000 0.0000 -1.0000
vn 0.0000 0.0000 -1.0000
vn 0.0000 0.0000 -1.0000
vn 0.0000 0.8660 -0.5000
vn 0.0000 0.8660 -0.5000
vn 0.0000 0.8660 -0.5000
vn 0.0000 0.8660 -0.5000
vn 0.0000 0.8660 0.5000
vn 0.0000 0.8660 0.5000
vn 0.0000 0.8660 0.5000
vn 0.0000 0.8660 0.5000
vn 0.0000 -0.0000 1.0000
vn 0.0000 -0.0000 1.0000
vn 0.0000 -0.0000 1.0000
vn 0.0000 -0.0000 1.0000
vn 0.0000 -0.8660 0.5000
vn 0.0000 -0.8660 0.5000
vn 0.0000 -0.8660 0.5000
vn 0.0000 -0.8660 0.5000
vn 0.0000 -0.8660 -0.5000
vn 0.0000 -0.8660 -0.5000
vn 0.0000 -0.8660 -0.5000
vn 0.0000 -0.8660 -0.5000
vn 1.0000 0.0000 -0.0000
vn 1.0000 0.0000 0.0000
vn 1.0000 0.0000 0.0000
vn 1.0000 0.0000 0.0000
vn 1.0000 0.0000 0.0000
vn 1.0000 0.0000 0.0000
vn 1.0000 0.0000 0.0000
vn 1.0000 0.0000 -0.0000
vn 1.0000 0.0000 0.0000
vn 1.0000 0.0000 -0.0000
vn 1.0000 -0.0000 0.0000
vn 1.0000 0.0000 0.0000
vn 1.0000 -0.0000 0.0000
vn 1.0000 -0.0000 0.0000
vn 1.0000 0.0000 0.0000
vn 1.0000 -0.0000 0.0000
vn 1.0000 0.0000 -0.0000
vn 1.0000 0.0000 0.0000
vn -0.1711 -0.4145 -0.8938
vn -0.0580 -0.8718 -0.4864
vn -0.0568 -0.8747 -0.4813
vn -0.1688 -0.4294 -0.8872
vn -0.2178 0.2012 -0.9550
vn -0.1711 -0.4145 -0.8938
vn -0.1688 -0.4294 -0.8872
vn -0.2175 0.1811 -0.9591
vn -0.1811 0.7368 -0.6514
vn -0.2178 0.2012 -0.9550
vn -0.2175 0.1811 -0.9591
vn -0.1831 0.7254 -0.6635
vn -0.0763 0.9917 -0.1038
vn -0.1811 0.7368 -0.6514
vn -0.1831 0.7254 -0.6635
vn -0.0777 0.9909 -0.1102
vn 0.0568 0.8747 0.4813
vn -0.0763 0.9917 -0.1038
vn -0.0777 0.9909 -0.1102
vn 0.0580 0.8718 0.4864
vn 0.1688 0.4294 0.8872
vn 0.0568 0.8747 0.4813
vn 0.0580 0.8718 0.4864
vn 0.1711 0.4145 0.8938
vn 0.2175 -0.1811 0.9591
vn 0.1688 0.4294 0.8872
vn 0.1711 0.4145 0.8938
vn 0.2178 -0.2012 0.9550
vn 0.1831 -0.7254 0.6635
vn 0.2175 -0.1811 0.9591
vn 0.2178 -0.2012 0.9550
vn 0.1811 -0.7368 0.6514
vn 0.0777 -0.9909 0.1102
vn 0.1831 -0.7254 0.6635
vn 0.1811 -0.7368 0.6514
vn 0.0763 -0.9917 0.1038
vn -0.0580 -0.8718 -0.4864
vn 0.0777 -0.9909 0.1102
vn 0.0763 -0.9917 0.1038
vn -0.0568 -0.8747 -0.4813
vn 0.9750 0.0021 -0.2222
vn 0.9750 0.0021 -0.2222
vn 0.9750 0.0021 -0.2222
vn 0.9750 0.0021 -0.2222
vn 0.9750 0.0021 -0.2222
vn 0.9750 0.0021 -0.2222
vn 0.9750 0.0021 -0.2222
vn 0.9750 0.0021 -0.2222
vn 0.9750 0.0021 -0.2222
vn 0.9750 0.0021 -0.2222
vn 0.9750 0.0021 -0.2222
vn 0.9750 0.0021 -0.2222
vn 0.9750 0.0021 -0.2222
vn 0.9750 0.0021 -0.2222
vn 0.9750 0.0021 -0.2222
vn 0.9750 0.0021 -0.2222
vn 0.9750 0.0021 -0.2222
vn 0.9750 0.0021 -0.2222
vn 0.9750 0.0021 -0.2222
vn 0.9750 0.0021 -0.2222
vn 0.9750 0.0021 -0.2222
vn 0.9750 0.0021 -0.2222
vn 0.9750 0.0021 -0.2222
vn 0.9750 0.0021 -0.2222
vn 0.9750 0.0021 -0.2222
vn 0.9750 0.0021 -0.2222
vn 0.9750 0.0021 -0.2222
vn 0.9750 0.0021 -0.2222
vn 0.9750 0.0021 -0.2222
vn 0.9750 0.0021 -0.2222
vn 0.4775 -0.6655 -0.5737
vn 0.8344 -0.3456 -0.4294
vn 0.8277 -0.3558 -0.4340
vn 0.4714 -0.6686 -0.5751
vn -0.0000 -0.7804 -0.6253
vn 0.4775 -0.6655 -0.5737
vn 0.4714 -0.6686 -0.5751
vn -0.0000 -0.7804 -0.6253
vn -0.4775 -0.6655 -0.5737
vn -0.0000 -0.7804 -0.6253
vn -0.0000 -0.7804 -0.6253
vn -0.4714 -0.6686 -0.5751
vn -0.8344 -0.3456 -0.4294
vn -0.4775 -0.6655 -0.5737
vn -0.4714 -0.6686 -0.5751
vn -0.8277 -0.3558 -0.4340
vn -0.9689 0.0999 -0.2264
vn -0.8344 -0.3456 -0.4294
vn -0.8277 -0.3558 -0.4340
vn -0.9687 0.0848 -0.2333
vn -0.8374 0.5462 -0.0209
vn -0.9689 0.0999 -0.2264
vn -0.9687 0.0848 -0.2333
vn -0.8450 0.5341 -0.0265
vn -0.4805 0.8676 0.1285
vn -0.8374 0.5462 -0.0209
vn -0.8450 0.5341 -0.0265
vn -0.4884 0.8634 0.1265
vn 0.0000 0.9832 0.1825
vn -0.4805 0.8676 0.1285
vn -0.4884 0.8634 0.1265
vn 0.0000 0.9832 0.1825
vn 0.4805 0.8676 0.1285
vn 0.0000 0.9832 0.1825
vn 0.0000 0.9832 0.1825
vn 0.4884 0.8634 0.1265
vn 0.8374 0.5462 -0.0209
vn 0.4805 0.8676 0.1285
vn 0.4884 0.8634 0.1265
vn 0.8450 0.5341 -0.0265
vn 0.9689 0.0999 -0.2264
vn 0.8374 0.5462 -0.0209
vn 0.8450 0.5341 -0.0265
vn 0.9687 0.0848 -0.2333
vn 0.8344 -0.3456 -0.4294
vn 0.9689 0.0999 -0.2264
vn 0.9687 0.0848 -0.2333
vn 0.8277 -0.3558 -0.4340
vn 0.0049 0.3683 -0.9297
vn 0.0028 0.3664 -0.9305
vn -0.0000 0.3710 -0.9286
vn 0.0028 0.3664 -0.9305
vn 0.0000 0.3657 -0.9307
vn -0.0000 0.3710 -0.9286
vn 0.0000 0.3657 -0.9307
vn -0.0028 0.3664 -0.9305
vn -0.0000 0.3710 -0.9286
vn -0.0028 0.3664 -0.9305
vn -0.0049 0.3683 -0.9297
vn -0.0000 0.3710 -0.9286
vn -0.0049 0.3683 -0.9297
vn -0.0057 0.3709 -0.9286
vn -0.0000 0.3710 -0.9286
vn -0.0057 0.3709 -0.9286
vn -0.0050 0.3736 -0.9276
vn -0.0000 0.3710 -0.9286
vn -0.0050 0.3736 -0.9276
vn -0.0029 0.3756 -0.9268
vn -0.0000 0.3710 -0.9286
vn -0.0029 0.3756 -0.9268
vn -0.0000 0.3764 -0.9265
vn -0.0000 0.3710 -0.9286
vn -0.0000 0.3764 -0.9265
vn 0.0029 0.3756 -0.9268
vn -0.0000 0.3710 -0.9286
vn 0.0029 0.3756 -0.9268
vn 0.0050 0.3736 -0.9276
vn -0.0000 0.3710 -0.9286
vn 0.0050 0.3736 -0.9276
vn 0.0057 0.3709 -0.9286
vn -0.0000 0.3710 -0.9286
vn 0.0057 0.3709 -0.9286
vn 0.0049 0.3683 -0.9297
vn -0.0000 0.3710 -0.9286
vn -0.1264 0.9720 0.1981
vn 0.1289 0.9735 0.1889
vn 0.4217 0.9059 -0.0388
vn -0.4273 0.9034 -0.0363
vn -0.4180 0.8272 -0.3756
vn 0.4166 0.8256 -0.3806
vn 0.4207 0.6581 -0.6244
vn -0.4194 0.6588 -0.6245
vn -0.4194 0.6588 -0.6245
vn 0.4207 0.6581 -0.6244
vn 0.4115 0.5331 -0.7393
vn -0.4101 0.5337 -0.7396
vn -0.4101 0.5337 -0.7396
vn 0.4115 0.5331 -0.7393
vn 0.3980 0.4079 -0.8217
vn -0.3971 0.4069 -0.8226
vn -0.3971 0.4069 -0.8226
vn 0.3980 0.4079 -0.8217
vn 0.3795 0.1557 -0.9120
vn -0.3802 0.1540 -0.9120
vn -0.3802 0.1540 -0.9120
vn 0.3795 0.1557 -0.9120
vn 0.4104 -0.1879 -0.8923
vn -0.4114 -0.1807 -0.8934
vn -0.1264 0.9720 0.1981
vn -0.4273 0.9034 -0.0363
vn -0.6129 0.7670 0.1898
vn -0.2456 0.8330 0.4958
vn 0.1289 0.9735 0.1889
vn -0.1264 0.9720 0.1981
vn -0.2456 0.8330 0.4958
vn 0.2436 0.8485 0.4698
vn 0.4217 0.9059 -0.0388
vn 0.1289 0.9735 0.1889
vn 0.2436 0.8485 0.4698
vn 0.5944 0.7843 0.1776
vn -0.4180 0.8272 -0.3756
vn -0.4194 0.6588 -0.6245
vn -0.7836 0.4836 -0.3899
vn -0.7861 0.5863 -0.1957
vn 0.4207 0.6581 -0.6244
vn 0.4166 0.8256 -0.3806
vn 0.7774 0.5925 -0.2112
vn 0.7738 0.4921 -0.3987
vn -0.4194 0.6588 -0.6245
vn -0.4101 0.5337 -0.7396
vn -0.7564 0.4128 -0.5074
vn -0.7836 0.4836 -0.3899
vn 0.4115 0.5331 -0.7393
vn 0.4207 0.6581 -0.6244
vn 0.7738 0.4921 -0.3987
vn 0.7496 0.4161 -0.5148
vn -0.4101 0.5337 -0.7396
vn -0.3971 0.4069 -0.8226
vn -0.7297 0.3091 -0.6099
vn -0.7564 0.4128 -0.5074
vn 0.3980 0.4079 -0.8217
vn 0.4115 0.5331 -0.7393
vn 0.7496 0.4161 -0.5148
vn 0.7270 0.3145 -0.6104
vn -0.3971 0.4069 -0.8226
vn -0.3802 0.1540 -0.9120
vn -0.7215 0.0920 -0.6862
vn -0.7297 0.3091 -0.6099
vn 0.3795 0.1557 -0.9120
vn 0.3980 0.4079 -0.8217
vn 0.7270 0.3145 -0.6104
vn 0.7279 0.0991 -0.6785
vn -0.1463 -0.5035 -0.8515
vn 0.1488 -0.5108 -0.8467
vn 0.3113 -0.6720 -0.6719
vn -0.3043 -0.6649 -0.6822
vn -0.3802 0.1540 -0.9120
vn -0.4114 -0.1807 -0.8934
vn -0.6393 -0.2918 -0.7114
vn -0.7215 0.0920 -0.6862
vn 0.4104 -0.1879 -0.8923
vn 0.3795 0.1557 -0.9120
vn 0.7279 0.0991 -0.6785
vn 0.6479 -0.2971 -0.7014
vn -0.4273 0.9034 -0.0363
vn -0.4180 0.8272 -0.3756
vn -0.7861 0.5863 -0.1957
vn -0.6129 0.7670 0.1898
vn 0.7774 0.5925 -0.2112
vn 0.4166 0.8256 -0.3806
vn 0.4217 0.9059 -0.0388
vn 0.5944 0.7843 0.1776
vn -0.4273 0.9034 -0.0363
vn 0.4217 0.9059 -0.0388
vn 0.4166 0.8256 -0.3806
vn -0.4180 0.8272 -0.3756
vn -0.4114 -0.1807 -0.8934
vn -0.1463 -0.5035 -0.8515
vn -0.3043 -0.6649 -0.6822
vn -0.6393 -0.2918 -0.7114
vn 0.3113 -0.6720 -0.6719
vn 0.1488 -0.5108 -0.8467
vn 0.4104 -0.1879 -0.8923
vn 0.6479 -0.2971 -0.7014
vn -0.4114 -0.1807 -0.8934
vn 0.4104 -0.1879 -0.8923
vn 0.1488 -0.5108 -0.8467
vn -0.1463 -0.5035 -0.8515
vn 0.2799 0.9560 -0.0879
vn 0.2831 0.8857 0.3679
vn 0.5309 0.8182 0.2208
vn 0.5387 0.8291 -0.1498
vn 0.5365 0.7389 -0.4076
vn 0.2722 0.8458 -0.4588
vn 0.2799 0.9560 -0.0879
vn 0.5387 0.8291 -0.1498
vn 0.5269 0.5668 -0.6334
vn 0.2695 0.6575 -0.7037
vn 0.2722 0.8458 -0.4588
vn 0.5365 0.7389 -0.4076
vn 0.4575 0.4680 -0.7560
vn 0.2203 0.5170 -0.8271
vn 0.2695 0.6575 -0.7037
vn 0.5269 0.5668 -0.6334
vn 0.1595 0.8156 -0.5562
vn 0.0513 0.4639 -0.8844
vn 0.2203 0.5170 -0.8271
vn 0.4575 0.4680 -0.7560
vn 0.1867 0.2745 -0.9433
vn 0.0644 0.1786 -0.9818
vn 0.0385 0.3187 -0.9471
vn 0.0681 -0.0332 -0.9971
vn 0.2484 0.7028 0.6666
vn 0.4459 0.7364 0.5087
vn 0.5309 0.8182 0.2208
vn 0.2831 0.8857 0.3679
vn 0.1160 -0.0109 -0.9932
vn 0.0407 -0.0548 -0.9977
vn 0.0644 0.1786 -0.9818
vn 0.1867 0.2745 -0.9433
vn 0.9991 -0.0043 -0.0412
vn 0.9994 -0.0002 -0.0353
vn 0.9994 -0.0220 -0.0275
vn 0.9992 -0.0039 -0.0395
vn 0.9992 -0.0039 -0.0395
vn 0.9994 -0.0220 -0.0275
vn 0.9998 0.0040 -0.0179
vn 0.9981 0.0076 -0.0614
vn 0.9988 0.0049 -0.0487
vn 0.9963 0.0073 -0.0851
vn 0.9959 0.0023 -0.0909
vn 0.9996 -0.0056 -0.0282
vn 0.9997 -0.0015 -0.0240
vn 0.9991 -0.0043 -0.0412
vn 0.9992 -0.0039 -0.0395
vn 0.9999 -0.0034 -0.0143
vn 0.9994 -0.0002 -0.0353
vn 0.9991 -0.0043 -0.0412
vn 0.9815 -0.0761 -0.1758
vn 0.9990 0.0322 -0.0305
vn 0.9995 0.0227 -0.0202
vn 0.9996 0.0187 -0.0209
vn -0.2700 0.9588 -0.0883
vn -0.5221 0.8390 -0.1535
vn -0.5318 0.8070 0.2568
vn -0.2726 0.8886 0.3690
vn -0.5352 0.7411 -0.4054
vn -0.5221 0.8390 -0.1535
vn -0.2700 0.9588 -0.0883
vn -0.2731 0.8462 -0.4575
vn -0.2731 0.8462 -0.4575
vn -0.2700 0.9588 -0.0883
vn 0.0000 0.9955 -0.0945
vn 0.0000 0.8852 -0.4652
vn -0.5269 0.5668 -0.6334
vn -0.5352 0.7411 -0.4054
vn -0.2731 0.8462 -0.4575
vn -0.2695 0.6575 -0.7037
vn -0.2731 0.8462 -0.4575
vn 0.0000 0.8852 -0.4652
vn -0.2695 0.6575 -0.7037
vn -0.2695 0.6575 -0.7037
vn 0.0000 0.8852 -0.4652
vn 0.2695 0.6575 -0.7037
vn 0.2695 0.6575 -0.7037
vn 0.0000 0.8852 -0.4652
vn 0.2722 0.8458 -0.4588
vn -0.4575 0.4680 -0.7560
vn -0.5269 0.5668 -0.6334
vn -0.2695 0.6575 -0.7037
vn -0.2205 0.5226 -0.8236
vn -0.2695 0.6575 -0.7037
vn 0.2695 0.6575 -0.7037
vn 0.2203 0.5170 -0.8271
vn -0.2205 0.5226 -0.8236
vn -0.3858 0.4335 -0.8144
vn -0.4575 0.4680 -0.7560
vn -0.2205 0.5226 -0.8236
vn -0.1646 0.4311 -0.8872
vn -0.2205 0.5226 -0.8236
vn 0.2203 0.5170 -0.8271
vn 0.0513 0.4639 -0.8844
vn -0.1646 0.4311 -0.8872
vn -0.2029 0.2697 -0.9413
vn -0.3858 0.4335 -0.8144
vn -0.1646 0.4311 -0.8872
vn -0.0569 0.1864 -0.9808
vn 0.0385 0.3187 -0.9471
vn -0.1646 0.4311 -0.8872
vn 0.0513 0.4639 -0.8844
vn -0.4296 0.5911 0.6827
vn -0.2163 0.6348 0.7418
vn -0.2473 0.7015 0.6684
vn -0.4688 0.6907 0.5507
vn -0.0813 -0.0022 -0.9967
vn -0.2029 0.2697 -0.9413
vn -0.0569 0.1864 -0.9808
vn -0.0200 -0.0546 -0.9983
vn -0.0569 0.1864 -0.9808
vn 0.0644 0.1786 -0.9818
vn 0.0407 -0.0548 -0.9977
vn -0.0200 -0.0546 -0.9983
vn -0.0181 -0.1964 -0.9804
vn -0.0813 -0.0022 -0.9967
vn -0.0200 -0.0546 -0.9983
vn -0.0068 -0.1975 -0.9803
vn 0.0000 0.9792 -0.2031
vn 0.0009 0.9821 -0.1885
vn 0.0007 0.9821 -0.1885
vn 0.0000 0.9788 -0.2046
vn -0.0067 0.1168 -0.9931
vn -0.0537 0.3485 -0.9358
vn -0.0411 0.3443 -0.9380
vn 0.0000 0.1126 -0.9936
vn 0.0113 -0.1854 -0.9826
vn -0.0067 0.1168 -0.9931
vn 0.0000 0.1126 -0.9936
vn 0.0000 -0.1879 -0.9822
vn 0.9998 -0.0018 0.0205
vn 0.9990 -0.0055 -0.0439
vn 0.9989 -0.0055 -0.0460
vn 0.9996 -0.0013 0.0296
vn -0.9995 -0.0036 -0.0327
vn -0.9991 -0.0024 -0.0422
vn -0.9990 -0.0031 -0.0435
vn -0.9997 0.0034 -0.0242
vn -0.9971 -0.0025 -0.0759
vn -0.9969 -0.0024 -0.0782
vn -0.9967 -0.0016 -0.0807
vn -0.9981 -0.0015 -0.0620
vn -0.9971 -0.0025 -0.0759
vn -0.9980 -0.0037 -0.0625
vn -0.9983 -0.0009 -0.0583
vn -0.9991 -0.0024 -0.0422
vn -0.9983 -0.0009 -0.0583
vn -0.9980 -0.0037 -0.0625
vn -0.9990 -0.0031 -0.0435
vn -0.0013 0.9741 -0.2262
vn -0.0016 0.9742 -0.2257
vn 0.0000 0.9792 -0.2031
vn 0.0000 0.9788 -0.2046
vn -0.9967 -0.0016 -0.0807
vn -0.9950 0.0072 -0.0997
vn -0.9967 0.0001 -0.0816
vn -0.9971 -0.0025 -0.0759
vn -0.0382 0.9628 -0.2675
vn -0.0451 0.9619 -0.2697
vn -0.0082 0.9695 -0.2448
vn -0.0051 0.9694 -0.2453
vn -0.0051 0.9694 -0.2453
vn -0.0082 0.9695 -0.2448
vn -0.0016 0.9742 -0.2257
vn -0.0013 0.9741 -0.2262
vn -0.9996 -0.0022 -0.0293
vn -0.9991 -0.0024 -0.0422
vn -0.9995 -0.0036 -0.0327
vn -0.9993 -0.0096 -0.0367
vn -0.9182 0.3633 -0.1575
vn -0.9791 0.1987 -0.0427
vn -0.9932 -0.0102 -0.1160
vn -0.9927 -0.0055 -0.1207
vn -0.9449 0.0355 -0.3255
vn -0.9503 0.1415 -0.2772
vn -0.9964 -0.0182 -0.0823
vn -0.9974 -0.0021 -0.0721
vn -0.9396 -0.0512 -0.3385
vn -0.9449 0.0355 -0.3255
vn -0.9974 -0.0021 -0.0721
vn -0.9971 -0.0050 -0.0763
vn -0.9012 0.3550 -0.2486
vn -0.8965 0.4024 -0.1854
vn -0.9933 -0.0117 -0.1151
vn -0.9941 -0.0160 -0.1075
vn -0.8965 0.4024 -0.1854
vn -0.9182 0.3633 -0.1575
vn -0.9927 -0.0055 -0.1207
vn -0.9933 -0.0117 -0.1151
vn -0.9503 0.1415 -0.2772
vn -0.9012 0.3550 -0.2486
vn -0.9941 -0.0160 -0.1075
vn -0.9964 -0.0182 -0.0823
vn 0.1184 -0.4553 -0.8824
vn 0.1224 -0.4404 -0.8894
vn 0.0113 -0.1854 -0.9826
vn 0.0000 -0.1879 -0.9822
vn -0.9908 -0.0338 -0.1307
vn -0.9396 -0.1160 -0.3220
vn -0.9396 -0.0512 -0.3385
vn -0.9971 -0.0050 -0.0763
vn 0.0420 -0.6531 -0.7561
vn 0.0285 -0.6559 -0.7543
vn 0.1224 -0.4404 -0.8894
vn 0.1184 -0.4553 -0.8824
vn -0.9817 -0.1286 -0.1402
vn -0.9578 -0.1741 -0.2285
vn -0.9396 -0.1160 -0.3220
vn -0.9908 -0.0338 -0.1307
vn -0.0238 -0.8772 0.4795
vn -0.0202 -0.8760 0.4819
vn -0.0078 -0.9825 0.1861
vn -0.0070 -0.9827 0.1851
vn -0.9578 -0.1741 -0.2285
vn -0.9817 -0.1286 -0.1402
vn -0.9878 -0.1449 -0.0567
vn -0.0200 -0.7481 0.6633
vn -0.0141 -0.7534 0.6574
vn -0.0202 -0.8760 0.4819
vn -0.0238 -0.8772 0.4795
vn -0.9946 -0.0706 -0.0755
vn -0.9952 -0.0549 -0.0815
vn -0.9578 -0.1741 -0.2285
vn -0.9878 -0.1449 -0.0567
vn -0.0056 -0.9116 0.4110
vn -0.0029 -0.9185 0.3954
vn -0.0141 -0.7534 0.6574
vn -0.0200 -0.7481 0.6633
vn -0.9939 -0.0142 -0.1095
vn -0.9930 -0.0036 -0.1183
vn -0.9952 -0.0549 -0.0815
vn -0.9946 -0.0706 -0.0755
vn -0.0000 -0.9819 0.1895
vn 0.0005 -0.9819 0.1893
vn -0.0029 -0.9185 0.3954
vn -0.0056 -0.9116 0.4110
vn -0.9922 0.0007 -0.1244
vn -0.9922 0.0027 -0.1244
vn -0.9930 -0.0036 -0.1183
vn -0.9939 -0.0142 -0.1095
vn -0.0001 0.1756 0.9845
vn -0.0002 0.1757 0.9845
vn 0.0455 0.1374 0.9895
vn 0.0143 0.1574 0.9874
vn -0.9922 -0.0006 -0.1247
vn -0.9923 -0.0012 -0.1237
vn -0.9914 -0.0009 -0.1308
vn -0.9913 -0.0008 -0.1315
vn 0.0034 -0.5156 0.8568
vn 0.0037 -0.5094 0.8605
vn 0.0073 -0.7337 0.6794
vn 0.0069 -0.7337 0.6795
vn -0.9903 0.0129 -0.1382
vn -0.9903 0.0141 -0.1382
vn -0.9926 -0.0033 -0.1217
vn -0.9927 -0.0039 -0.1209
vn 0.0012 -0.2600 0.9656
vn 0.0018 -0.2603 0.9655
vn 0.0037 -0.5094 0.8605
vn 0.0034 -0.5156 0.8568
vn -0.9916 0.0037 -0.1297
vn -0.9918 0.0024 -0.1278
vn -0.9903 0.0141 -0.1382
vn -0.9903 0.0129 -0.1382
vn 0.0006 0.7145 0.6997
vn 0.0005 0.7145 0.6996
vn 0.0005 0.7145 0.6997
vn 0.0006 0.7144 0.6997
vn -0.9932 -0.0102 -0.1160
vn -0.9791 0.1987 -0.0427
vn -0.9873 0.1547 0.0357
vn -0.9933 -0.0057 -0.1151
vn -0.9396 -0.1160 -0.3220
vn -0.9578 -0.1741 -0.2285
vn -0.8413 -0.2017 -0.5016
vn 0.0009 -0.9778 0.2098
vn -0.0017 -0.9666 0.2563
vn -0.0455 -0.9435 0.3283
vn 0.0015 -0.9776 0.2103
vn -0.0217 0.1714 0.9850
vn -0.0242 0.1581 0.9871
vn -0.0229 0.1590 0.9870
vn -0.0204 0.1724 0.9848
vn -0.0056 -0.5309 0.8474
vn -0.0081 -0.7411 0.6713
vn -0.0063 -0.7404 0.6722
vn -0.0050 -0.5290 0.8486
vn -0.0193 -0.2822 0.9592
vn -0.0056 -0.5309 0.8474
vn -0.0050 -0.5290 0.8486
vn -0.0139 -0.2865 0.9580
vn -0.0081 -0.7411 0.6713
vn -0.0141 -0.7326 0.6805
vn -0.0126 -0.7321 0.6811
vn -0.0063 -0.7404 0.6722
vn -0.9927 -0.0039 -0.1209
vn -0.9926 -0.0033 -0.1217
vn -0.9923 -0.0012 -0.1237
vn -0.9922 -0.0006 -0.1247
vn 0.0069 -0.7337 0.6795
vn 0.0073 -0.7337 0.6794
vn 0.0019 -0.7334 0.6798
vn 0.0007 -0.7332 0.6800
vn -0.0242 0.1581 0.9871
vn -0.0270 0.1448 0.9891
vn -0.0258 0.1455 0.9890
vn -0.0229 0.1590 0.9870
vn -0.9913 -0.0008 -0.1315
vn -0.9914 -0.0009 -0.1308
vn -0.9922 0.0027 -0.1244
vn -0.9922 0.0007 -0.1244
vn 0.0143 0.1574 0.9874
vn 0.0455 0.1374 0.9895
vn 0.0077 0.1423 0.9898
vn -0.0036 0.1456 0.9893
vn -1.0000 -0.0089 0.0026
vn -1.0000 -0.0076 0.0043
vn -0.9999 -0.0020 0.0157
vn -0.9999 -0.0120 0.0091
vn -0.9999 -0.0120 0.0091
vn -0.9996 -0.0160 0.0216
vn -0.9998 -0.0119 0.0162
vn -1.0000 -0.0089 0.0026
vn 0.0029 -0.2603 0.9655
vn 0.0034 -0.2606 0.9654
vn 0.0018 -0.2603 0.9655
vn 0.0012 -0.2600 0.9656
vn -0.9933 -0.0057 -0.1151
vn -0.9873 0.1547 0.0357
vn -0.9918 0.0024 -0.1278
vn -0.9916 0.0037 -0.1297
vn 0.0500 -0.2945 0.9543
vn 0.0275 -0.3050 0.9520
vn -0.0139 -0.2865 0.9580
vn 0.0275 -0.3050 0.9520
vn -0.0301 -0.3316 0.9429
vn -0.0139 -0.2865 0.9580
vn -0.0301 -0.3316 0.9429
vn -0.0317 -0.3273 0.9444
vn -0.0139 -0.2865 0.9580
vn -0.0193 -0.2822 0.9592
vn -0.0139 -0.2865 0.9580
vn -0.0317 -0.3273 0.9444
vn -0.9996 -0.0160 0.0216
vn -0.9971 -0.0574 0.0501
vn -0.9998 -0.0119 0.0162
vn -0.0902 -0.8881 0.4507
vn -0.0453 -0.7322 0.6796
vn -0.0829 -0.7614 0.6430
vn -0.0455 -0.9435 0.3283
vn -0.0421 -0.7080 0.7050
vn -0.0829 -0.7614 0.6430
vn -0.0453 -0.7322 0.6796
vn -0.9971 -0.0025 -0.0759
vn -0.9981 -0.0015 -0.0620
vn -0.9969 -0.0024 -0.0782
vn -0.9999 -0.0002 -0.0152
vn -0.9964 -0.0332 -0.0783
vn -0.9995 -0.0036 -0.0327
vn -0.9997 0.0034 -0.0242
vn 0.0170 -0.1960 -0.9805
vn 0.0061 -0.1978 -0.9802
vn 0.0407 -0.0548 -0.9977
vn 0.1160 -0.0109 -0.9932
vn -0.0200 -0.0546 -0.9983
vn 0.0407 -0.0548 -0.9977
vn 0.0061 -0.1978 -0.9802
vn -0.0068 -0.1975 -0.9803
vn -0.2700 0.9588 -0.0883
vn -0.2726 0.8886 0.3690
vn 0.0016 0.9210 0.3895
vn 0.0000 0.9955 -0.0945
vn -0.0009 0.7254 0.6884
vn 0.0009 0.6487 0.7611
vn 0.2265 0.6324 0.7408
vn 0.2484 0.7028 0.6666
vn -0.0010 0.6448 0.7644
vn 0.2265 0.6324 0.7408
vn 0.0009 0.6487 0.7611
vn 0.2484 0.7028 0.6666
vn 0.2265 0.6324 0.7408
vn 0.4412 0.5808 0.6841
vn 0.4459 0.7364 0.5087
vn -0.2163 0.6348 0.7418
vn -0.4296 0.5911 0.6827
vn -0.4206 0.4686 0.7769
vn -0.2164 0.4900 0.8444
vn -0.2473 0.7015 0.6684
vn -0.2726 0.8886 0.3690
vn -0.5318 0.8070 0.2568
vn -0.4688 0.6907 0.5507
vn 0.0000 -0.0000 1.0000
vn 0.0000 -0.0000 1.0000
vn 0.0000 -0.0000 1.0000
vn 0.0000 -0.0000 1.0000
vn 0.0000 1.0000 0.0000
vn 0.0000 1.0000 0.0000
vn 0.0000 1.0000 0.0000
vn 0.0000 1.0000 0.0000
vn 0.0000 0.0000 -1.0000
vn 0.0000 0.0000 -1.0000
vn 0.0000 0.0000 -1.0000
vn 0.0000 0.0000 -1.0000
vn 1.0000 0.0000 -0.0000
vn 1.0000 0.0000 -0.0000
vn 1.0000 0.0000 -0.0000
vn 1.0000 0.0000 -0.0000
vn -1.0000 0.0000 -0.0000
vn -1.0000 0.0000 -0.0000
vn -1.0000 0.0000 -0.0000
vn -1.0000 0.0000 -0.0000
vn 0.0000 0.9808 0.1948
vn 0.0000 0.9808 0.1948
vn 0.0000 0.9808 0.1948
vn 0.0000 0.9808 0.1948
vn 1.0000 0.0000 -0.0000
vn 1.0000 0.0000 -0.0000
vn 1.0000 0.0000 -0.0000
vn 1.0000 0.0000 -0.0000
vn 0.0000 0.9761 -0.2173
vn 0.0000 0.9761 -0.2173
vn 0.0000 0.9761 -0.2173
vn 0.0000 0.9761 -0.2173
vn -1.0000 0.0000 -0.0000
vn -1.0000 0.0000 -0.0000
vn -1.0000 0.0000 -0.0000
vn -1.0000 0.0000 -0.0000
vn 0.0000 0.4462 0.8949
vn 0.0000 0.4462 0.8949
vn 0.0000 0.4462 0.8949
vn 0.0000 0.4462 0.8949
vn 1.0000 0.0000 -0.0000
vn 1.0000 0.0000 -0.0000
vn 1.0000 0.0000 -0.0000
vn 1.0000 0.0000 -0.0000
vn 0.0000 0.4181 -0.9084
vn 0.0000 0.4181 -0.9084
vn 0.0000 0.4181 -0.9084
vn 0.0000 0.4181 -0.9084
vn -1.0000 0.0000 -0.0000
vn -1.0000 0.0000 -0.0000
vn -1.0000 0.0000 -0.0000
vn -1.0000 0.0000 -0.0000
vn -0.1063 0.1298 -0.9858
vn -0.7758 0.1373 -0.6158
vn -0.7563 0.0321 -0.6535
vn -0.0684 0.1593 -0.9849
vn 0.6380 0.0589 -0.7678
vn -0.1063 0.1298 -0.9858
vn -0.0684 0.1593 -0.9849
vn 0.6482 0.1931 -0.7365
vn 0.9908 -0.0439 -0.1277
vn 0.6380 0.0589 -0.7678
vn 0.6482 0.1931 -0.7365
vn 0.9897 0.1272 -0.0659
vn 0.7797 -0.1239 0.6138
vn 0.9908 -0.0439 -0.1277
vn 0.9897 0.1272 -0.0659
vn 0.7755 -0.0118 0.6312
vn 0.1130 -0.1323 0.9848
vn 0.7797 -0.1239 0.6138
vn 0.7755 -0.0118 0.6312
vn 0.1178 -0.1517 0.9814
vn -0.6256 -0.0569 0.7780
vn 0.1130 -0.1323 0.9848
vn 0.1178 -0.1517 0.9814
vn -0.6220 -0.2007 0.7568
vn -0.9938 0.0653 0.0895
vn -0.6256 -0.0569 0.7780
vn -0.6220 -0.2007 0.7568
vn -0.9903 -0.1200 0.0707
vn -0.7758 0.1373 -0.6158
vn -0.9938 0.0653 0.0895
vn -0.9903 -0.1200 0.0707
vn -0.7563 0.0321 -0.6535
vn -0.7073 -0.1491 -0.6910
vn -0.0487 0.1305 -0.9903
vn -0.0684 0.1593 -0.9849
vn -0.7563 0.0321 -0.6535
vn -0.0487 0.1305 -0.9903
vn 0.6424 0.3623 -0.6753
vn 0.6482 0.1931 -0.7365
vn -0.0684 0.1593 -0.9849
vn 0.6424 0.3623 -0.6753
vn 0.9287 0.3702 -0.0206
vn 0.9897 0.1272 -0.0659
vn 0.6482 0.1931 -0.7365
vn 0.9287 0.3702 -0.0206
vn 0.7347 0.2004 0.6481
vn 0.7755 -0.0118 0.6312
vn 0.9897 0.1272 -0.0659
vn 0.7347 0.2004 0.6481
vn 0.1036 -0.1161 0.9878
vn 0.1178 -0.1517 0.9814
vn 0.7755 -0.0118 0.6312
vn 0.1036 -0.1161 0.9878
vn -0.5905 -0.3495 0.7275
vn -0.6220 -0.2007 0.7568
vn 0.1178 -0.1517 0.9814
vn -0.5905 -0.3495 0.7275
vn -0.9358 -0.3519 0.0222
vn -0.9903 -0.1200 0.0707
vn -0.6220 -0.2007 0.7568
vn -0.9358 -0.3519 0.0222
vn -0.7073 -0.1491 -0.6910
vn -0.7563 0.0321 -0.6535
vn -0.9903 -0.1200 0.0707
vn -0.1815 -0.6307 -0.7545
vn -0.0053 0.1150 -0.9933
vn 0.0007 0.0913 -0.9958
vn -0.3641 -0.5822 -0.7269
vn -0.0053 0.1150 -0.9933
vn 0.1803 0.7659 -0.6172
vn 0.3702 0.6947 -0.6167
vn 0.0007 0.0913 -0.9958
vn 0.1803 0.7659 -0.6172
vn 0.2527 0.9637 0.0862
vn 0.5072 0.8582 0.0797
vn 0.3702 0.6947 -0.6167
vn 0.2527 0.9637 0.0862
vn 0.1911 0.6457 0.7393
vn 0.3862 0.5697 0.7255
vn 0.5072 0.8582 0.0797
vn 0.1911 0.6457 0.7393
vn 0.0202 -0.0635 0.9978
vn 0.0547 -0.0525 0.9971
vn 0.3862 0.5697 0.7255
vn 0.0202 -0.0635 0.9978
vn -0.1631 -0.7369 0.6560
vn -0.3204 -0.6625 0.6771
vn 0.0547 -0.0525 0.9971
vn -0.1631 -0.7369 0.6560
vn -0.2459 -0.9673 -0.0615
vn -0.4971 -0.8659 -0.0560
vn -0.3204 -0.6625 0.6771
vn -0.2459 -0.9673 -0.0615
vn -0.1815 -0.6307 -0.7545
vn -0.3641 -0.5822 -0.7269
vn -0.4971 -0.8659 -0.0560
vn 0.4286 -0.5827 -0.6905
vn 0.4017 0.0530 -0.9142
vn -0.0046 0.1131 -0.9936
vn -0.0573 -0.6470 -0.7603
vn 0.4017 0.0530 -0.9142
vn 0.3350 0.7811 -0.5270
vn 0.0501 0.7805 -0.6231
vn -0.0046 0.1131 -0.9936
vn 0.3350 0.7811 -0.5270
vn 0.1483 0.9856 0.0809
vn 0.0717 0.9948 0.0721
vn 0.0501 0.7805 -0.6231
vn 0.1483 0.9856 0.0809
vn 0.4462 0.6768 0.5855
vn 0.0538 0.6635 0.7462
vn 0.0717 0.9948 0.0721
vn 0.4462 0.6768 0.5855
vn 0.6246 -0.0626 0.7784
vn 0.0039 -0.0780 0.9969
vn 0.0538 0.6635 0.7462
vn 0.6246 -0.0626 0.7784
vn 0.5499 -0.6650 0.5054
vn -0.0484 -0.7622 0.6456
vn 0.0039 -0.0780 0.9969
vn 0.5499 -0.6650 0.5054
vn 0.4807 -0.8714 -0.0982
vn -0.0733 -0.9951 -0.0666
vn -0.0484 -0.7622 0.6456
vn 0.4807 -0.8714 -0.0982
vn 0.4286 -0.5827 -0.6905
vn -0.0573 -0.6470 -0.7603
vn -0.0733 -0.9951 -0.0666
vn 0.0501 0.7805 -0.6231
vn 0.0717 0.9948 0.0721
vn 0.2527 0.9637 0.0862
vn 0.1803 0.7659 -0.6172
vn 0.0717 0.9948 0.0721
vn 0.0538 0.6635 0.7462
vn 0.1911 0.6457 0.7393
vn 0.2527 0.9637 0.0862
vn 0.0538 0.6635 0.7462
vn 0.0039 -0.0780 0.9969
vn 0.0202 -0.0635 0.9978
vn 0.1911 0.6457 0.7393
vn 0.0039 -0.0780 0.9969
vn -0.0484 -0.7622 0.6456
vn -0.1631 -0.7369 0.6560
vn 0.0202 -0.0635 0.9978
vn -0.0484 -0.7622 0.6456
vn -0.0733 -0.9951 -0.0666
vn -0.2459 -0.9673 -0.0615
vn -0.1631 -0.7369 0.6560
vn -0.0733 -0.9951 -0.0666
vn -0.0573 -0.6470 -0.7603
vn -0.1815 -0.6307 -0.7545
vn -0.2459 -0.9673 -0.0615
vn -0.0573 -0.6470 -0.7603
vn -0.0046 0.1131 -0.9936
vn -0.0053 0.1150 -0.9933
vn -0.1815 -0.6307 -0.7545
vn -0.0046 0.1131 -0.9936
vn 0.0501 0.7805 -0.6231
vn 0.1803 0.7659 -0.6172
vn -0.0053 0.1150 -0.9933
vn 0.5500 0.5516 -0.6271
vn 0.7622 0.6463 0.0360
vn 0.9287 0.3702 -0.0206
vn 0.6424 0.3623 -0.6753
vn 0.7622 0.6463 0.0360
vn 0.5979 0.4199 0.6828
vn 0.7347 0.2004 0.6481
vn 0.9287 0.3702 -0.0206
vn 0.5979 0.4199 0.6828
vn 0.0803 -0.0782 0.9937
vn 0.1036 -0.1161 0.9878
vn 0.7347 0.2004 0.6481
vn 0.0803 -0.0782 0.9937
vn -0.4923 -0.5246 0.6946
vn -0.5905 -0.3495 0.7275
vn 0.1036 -0.1161 0.9878
vn -0.4923 -0.5246 0.6946
vn -0.7647 -0.6437 -0.0287
vn -0.9358 -0.3519 0.0222
vn -0.5905 -0.3495 0.7275
vn -0.7647 -0.6437 -0.0287
vn -0.5769 -0.4074 -0.7080
vn -0.7073 -0.1491 -0.6910
vn -0.9358 -0.3519 0.0222
vn -0.5769 -0.4074 -0.7080
vn -0.0264 0.0792 -0.9965
vn -0.0487 0.1305 -0.9903
vn -0.7073 -0.1491 -0.6910
vn -0.0264 0.0792 -0.9965
vn 0.5500 0.5516 -0.6271
vn 0.6424 0.3623 -0.6753
vn -0.0487 0.1305 -0.9903
vn -0.1044 -0.0471 -0.9934
vn -0.5711 0.4687 -0.6739
vn -0.7205 0.2809 -0.6340
vn -0.0889 0.0542 -0.9946
vn 0.4355 -0.4763 -0.7639
vn -0.1044 -0.0471 -0.9934
vn -0.0889 0.0542 -0.9946
vn 0.5954 -0.1662 -0.7861
vn 0.7132 -0.6859 -0.1445
vn 0.4355 -0.4763 -0.7639
vn 0.5954 -0.1662 -0.7861
vn 0.9441 -0.2903 -0.1562
vn 0.6281 -0.5305 0.5692
vn 0.7132 -0.6859 -0.1445
vn 0.9441 -0.2903 -0.1562
vn 0.7844 -0.2811 0.5529
vn 0.2206 -0.0465 0.9743
vn 0.6281 -0.5305 0.5692
vn 0.7844 -0.2811 0.5529
vn 0.1839 -0.1174 0.9759
vn -0.2815 0.5118 0.8117
vn 0.2206 -0.0465 0.9743
vn 0.1839 -0.1174 0.9759
vn -0.5593 0.1793 0.8093
vn -0.6396 0.7594 0.1194
vn -0.2815 0.5118 0.8117
vn -0.5593 0.1793 0.8093
vn -0.9291 0.3497 0.1201
vn -0.5711 0.4687 -0.6739
vn -0.6396 0.7594 0.1194
vn -0.9291 0.3497 0.1201
vn -0.7205 0.2809 -0.6340
vn -0.2170 -0.0933 -0.9717
vn -0.3686 0.6361 -0.6778
vn -0.5711 0.4687 -0.6739
vn -0.1044 -0.0471 -0.9934
vn 0.0759 -0.6977 -0.7124
vn -0.2170 -0.0933 -0.9717
vn -0.1044 -0.0471 -0.9934
vn 0.4355 -0.4763 -0.7639
vn 0.2923 -0.9523 -0.0882
vn 0.0759 -0.6977 -0.7124
vn 0.4355 -0.4763 -0.7639
vn 0.7132 -0.6859 -0.1445
vn 0.3427 -0.7089 0.6164
vn 0.2923 -0.9523 -0.0882
vn 0.7132 -0.6859 -0.1445
vn 0.6281 -0.5305 0.5692
vn 0.2616 -0.0372 0.9645
vn 0.3427 -0.7089 0.6164
vn 0.6281 -0.5305 0.5692
vn 0.2206 -0.0465 0.9743
vn 0.0829 0.6748 0.7333
vn 0.2616 -0.0372 0.9645
vn 0.2206 -0.0465 0.9743
vn -0.2815 0.5118 0.8117
vn -0.2006 0.9778 0.0603
vn 0.0829 0.6748 0.7333
vn -0.2815 0.5118 0.8117
vn -0.6396 0.7594 0.1194
vn -0.3686 0.6361 -0.6778
vn -0.2006 0.9778 0.0603
vn -0.6396 0.7594 0.1194
vn -0.5711 0.4687 -0.6739
vn -0.4925 -0.0020 -0.8703
vn -0.4689 0.6768 -0.5675
vn -0.3686 0.6361 -0.6778
vn -0.2170 -0.0933 -0.9717
vn -0.4083 -0.6762 -0.6132
vn -0.4925 -0.0020 -0.8703
vn -0.2170 -0.0933 -0.9717
vn 0.0759 -0.6977 -0.7124
vn -0.3153 -0.9490 0.0056
vn -0.4083 -0.6762 -0.6132
vn 0.0759 -0.6977 -0.7124
vn 0.2923 -0.9523 -0.0882
vn -0.2534 -0.6900 0.6780
vn -0.3153 -0.9490 0.0056
vn 0.2923 -0.9523 -0.0882
vn 0.3427 -0.7089 0.6164
vn -0.2302 -0.0350 0.9725
vn -0.2534 -0.6900 0.6780
vn 0.3427 -0.7089 0.6164
vn 0.2616 -0.0372 0.9645
vn -0.2556 0.6463 0.7190
vn -0.2302 -0.0350 0.9725
vn 0.2616 -0.0372 0.9645
vn 0.0829 0.6748 0.7333
vn -0.3463 0.9361 0.0619
vn -0.2556 0.6463 0.7190
vn 0.0829 0.6748 0.7333
vn -0.2006 0.9778 0.0603
vn -0.4689 0.6768 -0.5675
vn -0.3463 0.9361 0.0619
vn -0.2006 0.9778 0.0603
vn -0.3686 0.6361 -0.6778
vn 0.1839 -0.1174 0.9759
vn 0.7844 -0.2811 0.5529
vn 0.7797 -0.1239 0.6138
vn 0.1130 -0.1323 0.9848
vn 0.7844 -0.2811 0.5529
vn 0.9441 -0.2903 -0.1562
vn 0.9908 -0.0439 -0.1277
vn 0.7797 -0.1239 0.6138
vn 0.9441 -0.2903 -0.1562
vn 0.5954 -0.1662 -0.7861
vn 0.6380 0.0589 -0.7678
vn 0.9908 -0.0439 -0.1277
vn 0.5954 -0.1662 -0.7861
vn -0.0889 0.0542 -0.9946
vn -0.1063 0.1298 -0.9858
vn 0.6380 0.0589 -0.7678
vn -0.0889 0.0542 -0.9946
vn -0.7205 0.2809 -0.6340
vn -0.7758 0.1373 -0.6158
vn -0.1063 0.1298 -0.9858
vn -0.7205 0.2809 -0.6340
vn -0.9291 0.3497 0.1201
vn -0.9938 0.0653 0.0895
vn -0.7758 0.1373 -0.6158
vn -0.9291 0.3497 0.1201
vn -0.5593 0.1793 0.8093
vn -0.6256 -0.0569 0.7780
vn -0.9938 0.0653 0.0895
vn -0.5593 0.1793 0.8093
vn 0.1839 -0.1174 0.9759
vn 0.1130 -0.1323 0.9848
vn -0.6256 -0.0569 0.7780
vn 0.4017 0.0530 -0.9142
vn 0.8856 -0.0307 -0.4635
vn 0.7407 0.5681 -0.3585
vn 0.3350 0.7811 -0.5270
vn 0.2249 0.9607 -0.1627
vn 0.2221 0.9638 0.1474
vn 0.1483 0.9856 0.0809
vn 0.3350 0.7811 -0.5270
vn 0.2221 0.9638 0.1474
vn 0.6168 0.7119 0.3357
vn 0.4462 0.6768 0.5855
vn 0.1483 0.9856 0.0809
vn 0.6168 0.7119 0.3357
vn 0.7890 0.3537 0.5023
vn 0.6246 -0.0626 0.7784
vn 0.4462 0.6768 0.5855
vn 0.8674 0.1337 0.4793
vn 0.9548 -0.2272 0.1915
vn 0.5499 -0.6650 0.5054
vn 0.6246 -0.0626 0.7784
vn 0.9548 -0.2272 0.1915
vn 0.8789 -0.4040 -0.2537
vn 0.4807 -0.8714 -0.0982
vn 0.5499 -0.6650 0.5054
vn 0.6784 -0.6807 -0.2764
vn 0.4807 -0.8714 -0.0982
vn 0.8789 -0.4040 -0.2537
vn -0.9956 -0.0932 -0.0020
vn -0.9956 -0.0933 -0.0019
vn -0.9951 -0.0991 -0.0020
vn -0.2810 -0.3300 0.9012
vn -0.3756 -0.5919 0.7132
vn -0.1519 -0.3264 0.9329
vn -0.1014 -0.3440 0.9335
vn -0.3246 -0.2974 -0.8979
vn -0.2821 -0.2915 -0.9140
vn -0.3916 -0.5650 -0.7262
vn -0.3783 -0.4967 -0.7812
vn -0.4463 -0.8525 -0.2722
vn -0.4487 -0.8458 -0.2885
vn -0.4229 -0.9062 -0.0046
vn -0.4431 -0.8555 0.2681
vn -0.1177 0.8969 0.4263
vn -0.1193 0.9018 0.4153
vn -0.1225 0.9012 0.4158
vn -0.1225 0.9012 0.4158
vn -0.1193 0.9018 0.4153
vn -0.0688 0.9130 0.4020
vn -0.0688 0.9130 0.4020
vn -0.1193 0.9018 0.4153
vn -0.0630 0.9138 0.4012
vn -0.0608 0.8952 -0.4414
vn -0.1400 0.8922 -0.4293
vn -0.1325 0.8928 -0.4306
vn -0.0520 0.8952 -0.4426
vn -0.9958 -0.0912 -0.0019
vn -0.9958 -0.0911 -0.0018
vn -0.9958 -0.0914 -0.0018
vn -0.9958 -0.0914 -0.0018
vn -0.4429 -0.8558 0.2674
vn -0.3756 -0.5919 0.7132
vn -0.3593 -0.5152 0.7781
vn -0.4431 -0.8555 0.2681
vn -0.3916 -0.5650 -0.7262
vn -0.4487 -0.8458 -0.2885
vn -0.4463 -0.8525 -0.2722
vn -0.3783 -0.4967 -0.7812
vn -0.0032 0.9905 0.1376
vn -0.0020 0.9906 0.1370
vn -0.0005 0.9984 0.0570
vn -0.0003 0.9983 0.0584
vn 0.3899 0.3311 0.8593
vn 0.3700 0.3877 0.8443
vn -0.3701 0.4116 0.8328
vn -0.3907 0.3328 0.8582
vn 0.9391 -0.1167 -0.3233
vn 0.8789 -0.4040 -0.2537
vn 0.9548 -0.2272 0.1915
vn 0.9997 -0.0118 0.0212
vn -0.4088 -0.3175 -0.8556
vn -0.4055 -0.6333 -0.6592
vn 0.4047 -0.6371 -0.6560
vn 0.4101 -0.3150 -0.8559
vn -1.0000 0.0037 -0.0046
vn -0.9998 0.0159 -0.0100
vn -0.9276 0.1414 0.3457
vn -0.9096 0.1751 0.3769
vn -0.9276 0.1414 0.3457
vn -0.3907 0.3328 0.8582
vn -0.3701 0.4116 0.8328
vn -0.9096 0.1751 0.3769
vn 0.3899 0.3311 0.8593
vn 0.9272 0.1412 0.3471
vn 0.8674 0.1337 0.4793
vn 0.3700 0.3877 0.8443
vn 0.9391 -0.1167 -0.3233
vn 0.4101 -0.3150 -0.8559
vn 0.4047 -0.6371 -0.6560
vn 0.8789 -0.4040 -0.2537
vn -0.4088 -0.3175 -0.8556
vn -0.9433 -0.1015 -0.3161
vn -0.9440 -0.2259 -0.2406
vn -0.4055 -0.6333 -0.6592
vn 0.8878 -0.2350 -0.3957
vn 0.9204 -0.0275 -0.3901
vn 0.9996 0.0274 -0.0106
vn 0.9999 0.0123 -0.0018
vn 0.8878 -0.2350 -0.3957
vn 0.3572 -0.4306 -0.8289
vn 0.3789 -0.1424 -0.9144
vn 0.9204 -0.0275 -0.3901
vn 0.3572 -0.4306 -0.8289
vn -0.3555 -0.4200 -0.8350
vn -0.3827 -0.1459 -0.9123
vn 0.3789 -0.1424 -0.9144
vn -0.3555 -0.4200 -0.8350
vn -0.8939 -0.2061 -0.3981
vn -0.9201 -0.0333 -0.3903
vn -0.3827 -0.1459 -0.9123
vn -0.9999 0.0131 -0.0031
vn -0.8898 -0.0252 0.4556
vn -0.9263 0.1106 0.3603
vn -0.9996 0.0268 -0.0112
vn -0.8898 -0.0252 0.4556
vn -0.3468 -0.0659 0.9356
vn -0.3849 0.2173 0.8970
vn -0.9263 0.1106 0.3603
vn -0.3468 -0.0659 0.9356
vn 0.3470 -0.0575 0.9361
vn 0.3886 0.2120 0.8967
vn -0.3849 0.2173 0.8970
vn 0.3470 -0.0575 0.9361
vn 0.8891 -0.0105 0.4575
vn 0.9246 0.1055 0.3659
vn 0.3886 0.2120 0.8967
vn 0.9286 -0.0286 -0.3700
vn 0.9391 -0.1167 -0.3233
vn 0.9997 -0.0118 0.0212
vn 0.9996 0.0245 -0.0118
vn 0.9286 -0.0286 -0.3700
vn 0.3939 -0.1179 -0.9115
vn 0.4101 -0.3150 -0.8559
vn 0.9391 -0.1167 -0.3233
vn 0.3939 -0.1179 -0.9115
vn -0.3944 -0.1179 -0.9113
vn -0.4088 -0.3175 -0.8556
vn 0.4101 -0.3150 -0.8559
vn -0.3944 -0.1179 -0.9113
vn -0.9289 -0.0276 -0.3694
vn -0.9433 -0.1015 -0.3161
vn -0.4088 -0.3175 -0.8556
vn -0.9998 0.0159 -0.0100
vn -0.9996 0.0271 -0.0124
vn -0.9267 0.1353 0.3505
vn -0.9276 0.1414 0.3457
vn -0.9267 0.1353 0.3505
vn -0.3901 0.2854 0.8755
vn -0.3907 0.3328 0.8582
vn -0.9276 0.1414 0.3457
vn -0.3901 0.2854 0.8755
vn 0.3904 0.2853 0.8753
vn 0.3899 0.3311 0.8593
vn -0.3907 0.3328 0.8582
vn 0.3904 0.2853 0.8753
vn 0.9257 0.1350 0.3534
vn 0.9272 0.1412 0.3471
vn 0.3899 0.3311 0.8593
vn 0.2630 0.6824 0.6821
vn -0.3144 0.6608 0.6816
vn -0.3701 0.4116 0.8328
vn 0.3700 0.3877 0.8443
vn -0.3933 -0.8590 -0.3277
vn 0.3953 -0.8587 -0.3262
vn 0.4047 -0.6371 -0.6560
vn -0.4055 -0.6333 -0.6592
vn -0.3144 0.6608 0.6816
vn -0.8813 0.2824 0.3788
vn -0.9096 0.1751 0.3769
vn -0.3701 0.4116 0.8328
vn 0.7890 0.3537 0.5023
vn 0.2630 0.6824 0.6821
vn 0.3700 0.3877 0.8443
vn 0.8674 0.1337 0.4793
vn 0.3953 -0.8587 -0.3262
vn 0.6784 -0.6807 -0.2764
vn 0.8789 -0.4040 -0.2537
vn 0.4047 -0.6371 -0.6560
vn -0.9449 -0.3029 -0.1241
vn -0.3933 -0.8590 -0.3277
vn -0.4055 -0.6333 -0.6592
vn -0.9440 -0.2259 -0.2406
vn -0.1275 0.9400 0.3164
vn -0.0000 0.9984 0.0566
vn -0.0005 0.9984 0.0570
vn -0.0020 0.9906 0.1370
vn 0.6168 0.7119 0.3357
vn 0.2221 0.9638 0.1474
vn 0.0583 0.9963 0.0631
vn 0.1332 0.9456 0.2969
vn 0.1332 0.9456 0.2969
vn 0.0583 0.9963 0.0631
vn -0.0000 0.9984 0.0566
vn -0.1275 0.9400 0.3164
vn 0.2630 0.6824 0.6821
vn 0.6168 0.7119 0.3357
vn 0.1332 0.9456 0.2969
vn -0.3144 0.6608 0.6816
vn 0.2630 0.6824 0.6821
vn 0.1332 0.9456 0.2969
vn -0.1275 0.9400 0.3164
vn 0.2221 0.9638 0.1474
vn 0.2249 0.9607 -0.1627
vn 0.0114 0.9960 -0.0890
vn 0.0583 0.9963 0.0631
vn 0.0583 0.9963 0.0631
vn 0.0114 0.9960 -0.0890
vn -0.0018 0.9960 -0.0894
vn -0.0000 0.9984 0.0566
vn -0.0000 0.9984 0.0566
vn -0.0018 0.9960 -0.0894
vn 0.0001 0.9957 -0.0928
vn -0.0005 0.9984 0.0570
vn -0.0003 0.9983 0.0584
vn -0.0005 0.9984 0.0570
vn 0.0001 0.9957 -0.0928
vn -0.0061 0.9953 -0.0964
vn 0.6246 -0.0626 0.7784
vn 0.7890 0.3537 0.5023
vn 0.8674 0.1337 0.4793
vn 0.9997 -0.0118 0.0212
vn 0.9548 -0.2272 0.1915
vn 0.8674 0.1337 0.4793
vn 0.9272 0.1412 0.3471
vn 0.9996 0.0245 -0.0118
vn 0.9997 -0.0118 0.0212
vn 0.9272 0.1412 0.3471
vn 0.9257 0.1350 0.3534
vn -0.3706 -0.9232 -0.1020
vn 0.3964 -0.9138 -0.0883
vn 0.3953 -0.8587 -0.3262
vn -0.3933 -0.8590 -0.3277
vn 0.3964 -0.9138 -0.0883
vn 0.7802 -0.5890 -0.2107
vn 0.6784 -0.6807 -0.2764
vn 0.3953 -0.8587 -0.3262
vn -0.9227 -0.3798 -0.0656
vn -0.3706 -0.9232 -0.1020
vn -0.3933 -0.8590 -0.3277
vn -0.9449 -0.3029 -0.1241
vn -0.1663 0.9779 -0.1269
vn 0.2561 0.9508 -0.1742
vn 0.3180 0.9426 -0.1022
vn -0.3112 0.9434 -0.1142
vn 0.2561 0.9508 -0.1742
vn 0.7407 0.5681 -0.3585
vn 0.8660 0.4907 -0.0960
vn 0.3180 0.9426 -0.1022
vn -0.9051 0.4085 -0.1182
vn -0.1663 0.9779 -0.1269
vn -0.3112 0.9434 -0.1142
vn -0.8717 0.4764 -0.1152
vn -0.1644 -0.3005 -0.9395
vn -0.2821 -0.2915 -0.9140
vn -0.1048 -0.3270 -0.9392
vn -0.3756 -0.5919 0.7132
vn -0.2810 -0.3300 0.9012
vn -0.3252 -0.3368 0.8836
vn -0.3593 -0.5152 0.7781
vn 0.2630 0.6824 0.6821
vn 0.7890 0.3537 0.5023
vn 0.6168 0.7119 0.3357
vn 0.2249 0.9607 -0.1627
vn 0.7407 0.5681 -0.3585
vn 0.2561 0.9508 -0.1742
vn 0.0114 0.9960 -0.0890
vn 0.0114 0.9960 -0.0890
vn 0.2561 0.9508 -0.1742
vn -0.1663 0.9779 -0.1269
vn -0.0018 0.9960 -0.0894
vn -0.0018 0.9960 -0.0894
vn -0.1663 0.9779 -0.1269
vn -0.0248 0.9865 -0.1618
vn 0.0001 0.9957 -0.0928
vn -0.0061 0.9953 -0.0964
vn 0.0001 0.9957 -0.0928
vn -0.0248 0.9865 -0.1618
vn -0.0343 0.9824 -0.1837
vn 0.0061 -0.3297 -0.9441
vn -0.1644 -0.3005 -0.9395
vn -0.1048 -0.3270 -0.9392
vn -0.9449 -0.3029 -0.1241
vn -0.9997 0.0246 0.0002
vn -0.9995 0.0282 0.0113
vn -0.9051 0.4085 -0.1182
vn -1.0000 0.0048 0.0031
vn -0.9984 -0.0150 -0.0542
vn -0.9185 -0.3953 0.0063
vn -0.4083 -0.9112 0.0543
vn -0.3706 -0.9232 -0.1020
vn -0.9227 -0.3798 -0.0656
vn -0.4083 -0.9112 0.0543
vn 0.4103 -0.9108 0.0453
vn 0.3964 -0.9138 -0.0883
vn -0.3706 -0.9232 -0.1020
vn 0.4103 -0.9108 0.0453
vn 0.9210 -0.3892 -0.0153
vn 0.7802 -0.5890 -0.2107
vn 0.3964 -0.9138 -0.0883
vn -0.8813 0.2824 0.3788
vn -1.0000 0.0037 -0.0046
vn -0.9096 0.1751 0.3769
vn -1.0000 0.0039 -0.0074
vn -1.0000 0.0037 -0.0046
vn -0.8813 0.2824 0.3788
vn -0.8366 0.4431 0.3220
vn -0.9185 -0.3953 0.0063
vn -0.9227 -0.3798 -0.0656
vn -0.9984 -0.0150 -0.0542
vn -1.0000 0.0048 0.0031
vn -0.9995 0.0282 0.0113
vn -0.9984 -0.0150 -0.0542
vn -0.9227 -0.3798 -0.0656
vn -0.9449 -0.3029 -0.1241
vn -0.9995 0.0282 0.0113
vn -0.9227 -0.3798 -0.0656
vn -1.0000 0.0074 0.0000
vn -0.9997 0.0246 0.0002
vn -0.9449 -0.3029 -0.1241
vn -0.9440 -0.2259 -0.2406
vn -0.4429 -0.8558 0.2674
vn -0.4431 -0.8555 0.2681
vn -0.4229 -0.9062 -0.0046
vn 0.9957 0.0895 0.0226
vn 0.9957 0.0909 0.0193
vn 0.9960 0.0888 0.0097
vn 0.9993 0.0386 0.0000
vn 0.9960 0.0888 0.0097
vn 0.9950 0.1001 -0.0071
vn 0.9945 0.1045 -0.0110
vn -0.8366 0.4431 0.3220
vn -0.8813 0.2824 0.3788
vn -0.3144 0.6608 0.6816
vn -0.1275 0.9400 0.3164
vn -0.1014 -0.3440 0.9335
vn -0.1519 -0.3264 0.9329
vn 0.0000 -0.3458 0.9383
vn -1.0000 0.0037 -0.0046
vn -0.9433 -0.1015 -0.3161
vn -0.9998 0.0159 -0.0100
vn -1.0000 0.0074 0.0000
vn -1.0000 0.0037 -0.0046
vn -1.0000 0.0039 -0.0074
vn -0.9440 -0.2259 -0.2406
vn -0.9433 -0.1015 -0.3161
vn -1.0000 0.0074 0.0000
vn -1.0000 0.0074 0.0000
vn -0.9433 -0.1015 -0.3161
vn -1.0000 0.0037 -0.0046
vn -0.3916 -0.5650 -0.7262
vn -0.2821 -0.2915 -0.9140
vn -0.1644 -0.3005 -0.9395
vn 0.9999 -0.0132 -0.0006
vn 0.8856 -0.0307 -0.4635
vn 0.9147 -0.1612 -0.3706
vn 0.9999 -0.0132 -0.0006
vn 0.8660 0.4907 -0.0960
vn 0.7407 0.5681 -0.3585
vn 0.8856 -0.0307 -0.4635
vn 0.9147 -0.1612 -0.3706
vn 0.8856 -0.0307 -0.4635
vn 0.4017 0.0530 -0.9142
vn 0.4286 -0.5827 -0.6905
vn 0.7802 -0.5890 -0.2107
vn 0.9210 -0.3892 -0.0153
vn 0.9999 -0.0132 -0.0006
vn 0.9147 -0.1612 -0.3706
vn 0.3350 0.7811 -0.5270
vn 0.7407 0.5681 -0.3585
vn 0.2249 0.9607 -0.1627
vn 0.4807 -0.8714 -0.0982
vn 0.7802 -0.5890 -0.2107
vn 0.4286 -0.5827 -0.6905
vn -0.3922 -0.8936 0.2183
vn 0.3956 -0.8916 0.2205
vn 0.4103 -0.9108 0.0453
vn -0.4083 -0.9112 0.0543
vn 0.3956 -0.8916 0.2205
vn 0.9035 -0.4167 0.1004
vn 0.9210 -0.3892 -0.0153
vn 0.4103 -0.9108 0.0453
vn -0.9029 -0.4206 0.0891
vn -0.3922 -0.8936 0.2183
vn -0.4083 -0.9112 0.0543
vn -0.9185 -0.3953 0.0063
vn 0.3205 0.9322 -0.1680
vn -0.3209 0.9322 -0.1672
vn -0.3112 0.9434 -0.1142
vn 0.3180 0.9426 -0.1022
vn 0.8598 0.5019 -0.0944
vn 0.3205 0.9322 -0.1680
vn 0.3180 0.9426 -0.1022
vn 0.8660 0.4907 -0.0960
vn -0.3209 0.9322 -0.1672
vn -0.8656 0.4941 -0.0811
vn -0.8717 0.4764 -0.1152
vn -0.3112 0.9434 -0.1142
vn -0.8656 0.4941 -0.0811
vn -0.9992 0.0147 0.0363
vn -1.0000 0.0048 0.0031
vn -0.8717 0.4764 -0.1152
vn -0.9992 0.0147 0.0363
vn -0.9029 -0.4206 0.0891
vn -0.9185 -0.3953 0.0063
vn -1.0000 0.0048 0.0031
vn 0.9035 -0.4167 0.1004
vn 0.9993 -0.0021 0.0367
vn 0.9999 -0.0132 -0.0006
vn 0.9210 -0.3892 -0.0153
vn 0.9993 -0.0021 0.0367
vn 0.8598 0.5019 -0.0944
vn 0.8660 0.4907 -0.0960
vn 0.9999 -0.0132 -0.0006
vn -0.6283 -0.6883 0.3626
vn 0.5618 -0.6840 0.4653
vn 0.3855 -0.9098 0.1535
vn -0.3875 -0.9088 0.1543
vn 0.5618 -0.6840 0.4653
vn 0.9701 -0.1948 0.1448
vn 0.9069 -0.4210 0.0189
vn 0.3855 -0.9098 0.1535
vn -0.9475 -0.2405 0.2107
vn -0.6283 -0.6883 0.3626
vn -0.3875 -0.9088 0.1543
vn -0.9093 -0.4155 0.0238
vn 0.3455 0.9192 -0.1888
vn -0.3683 0.9057 -0.2101
vn -0.3640 0.8729 -0.3247
vn 0.3665 0.8719 -0.3247
vn 0.8891 0.4576 -0.0088
vn 0.3455 0.9192 -0.1888
vn 0.3665 0.8719 -0.3247
vn 0.8982 0.3936 -0.1956
vn -0.3683 0.9057 -0.2101
vn -0.8948 0.4447 -0.0410
vn -0.8939 0.4077 -0.1863
vn -0.3640 0.8729 -0.3247
vn -0.8948 0.4447 -0.0410
vn -0.9916 0.0925 0.0909
vn -0.9971 -0.0242 -0.0728
vn -0.8939 0.4077 -0.1863
vn -0.9916 0.0925 0.0909
vn -0.9475 -0.2405 0.2107
vn -0.9093 -0.4155 0.0238
vn -0.9971 -0.0242 -0.0728
vn 0.9701 -0.1948 0.1448
vn 0.9914 0.0707 0.1102
vn 0.9956 -0.0144 -0.0921
vn 0.9069 -0.4210 0.0189
vn 0.9914 0.0707 0.1102
vn 0.8891 0.4576 -0.0088
vn 0.8982 0.3936 -0.1956
vn 0.9956 -0.0144 -0.0921
vn -0.3249 0.9065 -0.2696
vn -0.8686 0.4701 -0.1570
vn -0.8656 0.4941 -0.0811
vn -0.3209 0.9322 -0.1672
vn -0.8686 0.4701 -0.1570
vn -0.9995 -0.0269 -0.0188
vn -0.9992 0.0147 0.0363
vn -0.8656 0.4941 -0.0811
vn -0.9995 -0.0269 -0.0188
vn -0.8810 -0.4612 0.1050
vn -0.9029 -0.4206 0.0891
vn -0.9992 0.0147 0.0363
vn -0.8810 -0.4612 0.1050
vn -0.3563 -0.9023 0.2428
vn -0.3922 -0.8936 0.2183
vn -0.9029 -0.4206 0.0891
vn -0.3563 -0.9023 0.2428
vn 0.3556 -0.9020 0.2450
vn 0.3956 -0.8916 0.2205
vn -0.3922 -0.8936 0.2183
vn 0.3556 -0.9020 0.2450
vn 0.8804 -0.4611 0.1112
vn 0.9035 -0.4167 0.1004
vn 0.3956 -0.8916 0.2205
vn 0.8804 -0.4611 0.1112
vn 0.9997 -0.0213 -0.0154
vn 0.9993 -0.0021 0.0367
vn 0.9035 -0.4167 0.1004
vn 0.9997 -0.0213 -0.0154
vn 0.8689 0.4693 -0.1576
vn 0.8598 0.5019 -0.0944
vn 0.9993 -0.0021 0.0367
vn 0.8689 0.4693 -0.1576
vn 0.3262 0.9056 -0.2711
vn 0.3205 0.9322 -0.1680
vn 0.8598 0.5019 -0.0944
vn 0.3262 0.9056 -0.2711
vn -0.3249 0.9065 -0.2696
vn -0.3209 0.9322 -0.1672
vn 0.3205 0.9322 -0.1680
vn -0.3640 0.8729 -0.3247
vn -0.8939 0.4077 -0.1863
vn -0.8686 0.4701 -0.1570
vn -0.3249 0.9065 -0.2696
vn -0.8939 0.4077 -0.1863
vn -0.9971 -0.0242 -0.0728
vn -0.9995 -0.0269 -0.0188
vn -0.8686 0.4701 -0.1570
vn -0.9971 -0.0242 -0.0728
vn -0.9093 -0.4155 0.0238
vn -0.8810 -0.4612 0.1050
vn -0.9995 -0.0269 -0.0188
vn -0.9093 -0.4155 0.0238
vn -0.3875 -0.9088 0.1543
vn -0.3563 -0.9023 0.2428
vn -0.8810 -0.4612 0.1050
vn -0.3875 -0.9088 0.1543
vn 0.3855 -0.9098 0.1535
vn 0.3556 -0.9020 0.2450
vn -0.3563 -0.9023 0.2428
vn 0.3855 -0.9098 0.1535
vn 0.9069 -0.4210 0.0189
vn 0.8804 -0.4611 0.1112
vn 0.3556 -0.9020 0.2450
vn 0.9069 -0.4210 0.0189
vn 0.9956 -0.0144 -0.0921
vn 0.9997 -0.0213 -0.0154
vn 0.8804 -0.4611 0.1112
vn 0.9956 -0.0144 -0.0921
vn 0.8982 0.3936 -0.1956
vn 0.8689 0.4693 -0.1576
vn 0.9997 -0.0213 -0.0154
vn 0.8982 0.3936 -0.1956
vn 0.3665 0.8719 -0.3247
vn 0.3262 0.9056 -0.2711
vn 0.8689 0.4693 -0.1576
vn 0.3665 0.8719 -0.3247
vn -0.3640 0.8729 -0.3247
vn -0.3249 0.9065 -0.2696
vn 0.3262 0.9056 -0.2711
vn -0.9051 0.4085 -0.1182
vn -0.8717 0.4764 -0.1152
vn -1.0000 0.0048 0.0031
vn 0.9957 0.0909 0.0193
vn 0.9950 0.1001 -0.0071
vn 0.9960 0.0888 0.0097
vn 0.0010 0.2992 0.9542
vn -0.0003 0.2968 0.9549
vn 0.0000 -0.1669 0.9860
vn 0.0000 -0.1669 0.9860
vn 0.7694 -0.1019 0.6306
vn 0.9311 -0.0544 0.3607
vn 0.9701 -0.1948 0.1448
vn 0.5618 -0.6840 0.4653
vn -0.8682 -0.1018 0.4857
vn -0.7989 0.0597 0.5985
vn -0.6283 -0.6883 0.3626
vn -0.9475 -0.2405 0.2107
vn -0.0024 0.9207 0.3903
vn 0.0016 0.9210 0.3895
vn 0.0053 0.7619 0.6476
vn -0.0076 0.7599 0.6500
vn -0.0076 0.7599 0.6500
vn -0.0009 0.7254 0.6884
vn -0.0024 0.9207 0.3903
vn 0.0000 0.7262 0.6875
vn 0.0053 0.7619 0.6476
vn 0.0016 0.9210 0.3895
vn -0.7264 0.6824 0.0823
vn -0.9345 0.2059 0.2902
vn -0.9916 0.0925 0.0909
vn -0.8948 0.4447 -0.0410
vn -0.9345 0.2059 0.2902
vn -0.8682 -0.1018 0.4857
vn -0.9475 -0.2405 0.2107
vn -0.9916 0.0925 0.0909
vn 0.9311 -0.0544 0.3607
vn 0.9136 0.1784 0.3655
vn 0.9914 0.0707 0.1102
vn 0.9701 -0.1948 0.1448
vn 0.9136 0.1784 0.3655
vn 0.7608 0.6470 0.0511
vn 0.8891 0.4576 -0.0088
vn 0.9914 0.0707 0.1102
vn 0.0000 0.0050 1.0000
vn 0.0000 0.0050 1.0000
vn 0.0000 0.0050 1.0000
vn 0.0000 0.0050 1.0000
vn -0.9992 0.0393 0.0017
vn -0.9990 0.0432 0.0072
vn -0.9993 0.0380 0.0003
vn 0.0000 -0.0110 -0.9999
vn 0.0000 -0.0110 -0.9999
vn 0.0000 -0.0110 -0.9999
vn 0.0000 -0.0110 -0.9999
vn 0.9992 0.0392 0.0019
vn 0.9993 0.0384 0.0006
vn 0.9990 0.0432 0.0072
vn 0.0000 0.9985 0.0539
vn 0.0000 0.9862 0.1655
vn 0.0000 0.9862 0.1655
vn 0.0000 0.9985 0.0539
vn -0.9992 0.0394 -0.0108
vn -0.9992 0.0386 -0.0059
vn -0.9992 0.0393 0.0017
vn -0.9993 0.0380 0.0003
vn 0.9993 0.0384 0.0006
vn 0.9992 0.0392 0.0019
vn 0.9992 0.0384 -0.0063
vn 0.9992 0.0397 -0.0111
vn 0.0000 0.9376 -0.3477
vn 0.0000 0.9376 -0.3477
vn 0.0000 0.9985 0.0539
vn 0.0000 0.9985 0.0539
vn -0.9992 0.0386 -0.0059
vn -0.9992 0.0394 -0.0108
vn -0.9985 0.0441 -0.0336
vn 0.9992 0.0384 -0.0063
vn 0.9985 0.0441 -0.0336
vn 0.9992 0.0397 -0.0111
vn 0.0000 0.7950 -0.6066
vn 0.0000 0.7950 -0.6066
vn 0.0000 0.9376 -0.3477
vn 0.0000 0.9376 -0.3477
vn 0.4286 -0.5827 -0.6905
vn 0.7802 -0.5890 -0.2107
vn 0.9147 -0.1612 -0.3706
vn 0.6784 -0.6807 -0.2764
vn 0.7802 -0.5890 -0.2107
vn 0.4807 -0.8714 -0.0982
vn -0.0024 0.9207 0.3903
vn -0.0009 0.7254 0.6884
vn 0.2484 0.7028 0.6666
vn 0.2831 0.8857 0.3679
vn -0.2726 0.8886 0.3690
vn -0.2473 0.7015 0.6684
vn 0.0000 0.7262 0.6875
vn 0.0016 0.9210 0.3895
vn -0.2473 0.7015 0.6684
vn -0.2163 0.6348 0.7418
vn -0.0006 0.6486 0.7612
vn 0.0000 0.7262 0.6875
vn -0.0024 0.9207 0.3903
vn 0.2831 0.8857 0.3679
vn 0.2799 0.9560 -0.0879
vn 0.0000 0.9955 -0.0945
vn -0.0024 0.9207 0.3903
vn 0.0000 0.9955 -0.0945
vn 0.0016 0.9210 0.3895
vn -0.2478 0.9640 -0.0963
vn -0.7264 0.6824 0.0823
vn -0.8948 0.4447 -0.0410
vn -0.3683 0.9057 -0.2101
vn 0.2507 0.9619 -0.1093
vn -0.2478 0.9640 -0.0963
vn -0.3683 0.9057 -0.2101
vn 0.3455 0.9192 -0.1888
vn 0.7608 0.6470 0.0511
vn 0.2507 0.9619 -0.1093
vn 0.3455 0.9192 -0.1888
vn 0.8891 0.4576 -0.0088
vn 0.0012 0.6457 0.7636
vn -0.2163 0.6348 0.7418
vn -0.2164 0.4900 0.8444
vn 0.0010 0.2992 0.9542
vn -0.0010 0.6448 0.7644
vn -0.0003 0.2968 0.9549
vn 0.2363 0.4852 0.8419
vn 0.2265 0.6324 0.7408
vn 0.2265 0.6324 0.7408
vn 0.2363 0.4852 0.8419
vn 0.4508 0.4701 0.7588
vn 0.4412 0.5808 0.6841
vn -0.2163 0.6348 0.7418
vn 0.0012 0.6457 0.7636
vn -0.0006 0.6486 0.7612
vn 0.0122 -0.4426 -0.8966
vn 0.0072 -0.4432 -0.8964
vn 0.0061 -0.1978 -0.9802
vn 0.0170 -0.1960 -0.9805
vn -0.0082 -0.4438 -0.8961
vn -0.0195 -0.4452 -0.8952
vn -0.0181 -0.1964 -0.9804
vn -0.0068 -0.1975 -0.9803
vn 0.0072 -0.4432 -0.8964
vn -0.0082 -0.4438 -0.8961
vn -0.0068 -0.1975 -0.9803
vn 0.0061 -0.1978 -0.9802
vn 0.0127 -0.7932 -0.6088
vn 0.0318 -0.7496 -0.6612
vn 0.0072 -0.4432 -0.8964
vn 0.0122 -0.4426 -0.8966
vn -0.0115 -0.7368 -0.6760
vn -0.0224 -0.7362 -0.6763
vn -0.0195 -0.4452 -0.8952
vn -0.0082 -0.4438 -0.8961
vn 0.0318 -0.7496 -0.6612
vn -0.0115 -0.7368 -0.6760
vn -0.0082 -0.4438 -0.8961
vn 0.0072 -0.4432 -0.8964
vn 0.1854 -0.9521 -0.2432
vn 0.1149 -0.9558 -0.2705
vn 0.0318 -0.7496 -0.6612
vn 0.0127 -0.7932 -0.6088
vn -0.0067 -0.9608 -0.2773
vn -0.0121 -0.9599 -0.2802
vn -0.0224 -0.7362 -0.6763
vn -0.0115 -0.7368 -0.6760
vn 0.1149 -0.9558 -0.2705
vn -0.0067 -0.9608 -0.2773
vn -0.0115 -0.7368 -0.6760
vn 0.0318 -0.7496 -0.6612
vn 0.2276 -0.9738 -0.0008
vn 0.1156 -0.9933 0.0000
vn 0.1149 -0.9558 -0.2705
vn 0.1854 -0.9521 -0.2432
vn -0.0026 -1.0000 -0.0050
vn -0.0041 -1.0000 -0.0075
vn -0.0121 -0.9599 -0.2802
vn -0.0067 -0.9608 -0.2773
vn 0.1156 -0.9933 0.0000
vn -0.0026 -1.0000 -0.0050
vn -0.0067 -0.9608 -0.2773
vn 0.1149 -0.9558 -0.2705
vn 1.0000 -0.0022 -0.0032
vn 0.9989 -0.0055 -0.0460
vn 0.9990 -0.0055 -0.0439
vn 1.0000 -0.0020 0.0010
vn 1.0000 -0.0020 0.0010
vn 1.0000 -0.0000 -0.0000
vn 1.0000 -0.0000 -0.0000
vn 1.0000 -0.0022 -0.0032
vn 0.0000 0.3355 -0.9420
vn 0.0000 0.3355 -0.9420
vn -0.0000 0.1198 -0.9928
vn 0.0000 0.1178 -0.9930
vn -0.0015 0.9409 0.3388
vn 0.0022 0.9400 0.3412
vn -0.0016 0.9992 0.0394
vn -0.0034 0.9995 0.0306
vn -0.0219 0.2711 0.9623
vn -0.0252 0.2702 0.9625
vn 0.0004 0.2776 0.9607
vn 0.0039 0.2772 0.9608
vn 0.9611 -0.0562 -0.2705
vn 0.9617 -0.0672 -0.2656
vn 0.9649 -0.0677 -0.2537
vn 0.9707 -0.0622 -0.2320
vn 0.9684 -0.0706 -0.2393
vn 0.9674 -0.0781 -0.2408
vn 0.9617 -0.0672 -0.2656
vn 0.9674 -0.0781 -0.2408
vn 0.9649 -0.0677 -0.2537
vn 0.9674 -0.0781 -0.2408
vn 0.9684 -0.0706 -0.2393
vn 0.9649 -0.0677 -0.2537
vn 0.7760 0.0809 -0.6255
vn 0.7284 -0.0531 -0.6831
vn 0.5005 0.0805 -0.8620
vn 0.7656 -0.5738 -0.2910
vn 0.8912 -0.3409 -0.2993
vn 0.8489 -0.2751 -0.4513
vn 0.8039 -0.4196 -0.4215
vn 0.7981 -0.1143 -0.5916
vn 0.8489 -0.2751 -0.4513
vn 0.9575 -0.1301 -0.2575
vn 0.9500 -0.0595 -0.3064
vn 0.0272 -0.4420 -0.8966
vn 0.0004 -0.1781 -0.9840
vn 0.0033 -0.1785 -0.9839
vn 0.0266 -0.4419 -0.8967
vn 0.0029 -0.9771 -0.2129
vn -0.0176 -0.7787 -0.6271
vn -0.0184 -0.7835 -0.6211
vn 0.0061 -0.9794 -0.2017
vn 0.8912 -0.3409 -0.2993
vn 0.7560 -0.6356 -0.1563
vn 0.9394 -0.3307 -0.0901
vn 0.9582 -0.2166 -0.1868
vn 0.9500 -0.0595 -0.3064
vn 0.9373 0.0292 -0.3472
vn 0.8099 0.0813 -0.5809
vn 0.7981 -0.1143 -0.5916
vn 0.8912 -0.3409 -0.2993
vn 0.9582 -0.2166 -0.1868
vn 0.9575 -0.1301 -0.2575
vn 0.8489 -0.2751 -0.4513
vn 0.0004 -0.1781 -0.9840
vn 0.0000 0.1178 -0.9930
vn -0.0000 0.1198 -0.9928
vn 0.0033 -0.1785 -0.9839
vn 0.0089 -1.0000 -0.0014
vn 0.0029 -0.9771 -0.2129
vn 0.0061 -0.9794 -0.2017
vn 0.0098 -1.0000 -0.0012
vn -0.0176 -0.7787 -0.6271
vn 0.0272 -0.4420 -0.8966
vn 0.0266 -0.4419 -0.8967
vn -0.0184 -0.7835 -0.6211
vn 0.7293 -0.6841 -0.0119
vn 0.9660 -0.2577 -0.0182
vn 0.9394 -0.3307 -0.0901
vn 0.7560 -0.6356 -0.1563
vn 0.8039 -0.4196 -0.4215
vn 0.9076 -0.3954 -0.1408
vn 0.8989 -0.4321 -0.0724
vn 0.8912 -0.3409 -0.2993
vn 0.7656 -0.5738 -0.2910
vn 0.7560 -0.6356 -0.1563
vn 0.5967 -0.8024 -0.0016
vn 0.7293 -0.6841 -0.0119
vn 0.7560 -0.6356 -0.1563
vn 0.6625 -0.7368 -0.1350
vn 0.8489 -0.2751 -0.4513
vn 0.7981 -0.1143 -0.5916
vn 0.8143 -0.1932 -0.5474
vn 0.8039 -0.4196 -0.4215
vn 0.8039 -0.4196 -0.4215
vn 0.8989 -0.4321 -0.0724
vn 0.7656 -0.5738 -0.2910
vn 0.7656 -0.5738 -0.2910
vn 0.8989 -0.4321 -0.0724
vn 0.6625 -0.7368 -0.1350
vn 0.8989 -0.4321 -0.0724
vn 0.5967 -0.8024 -0.0016
vn 0.6625 -0.7368 -0.1350
vn 0.8838 0.2461 -0.3979
vn 0.8099 0.0813 -0.5809
vn 0.9373 0.0292 -0.3472
vn 0.9601 0.1750 -0.2180
vn 0.9960 0.0799 -0.0403
vn 0.9989 0.0337 0.0330
vn 0.9990 0.0274 0.0348
vn 0.9974 0.0229 0.0691
vn 0.9990 0.0274 0.0348
vn 0.9989 0.0337 0.0330
vn 0.9968 0.0232 0.0766
vn 0.2627 0.9561 0.1302
vn 0.2146 0.9744 0.0674
vn 0.2951 0.9160 -0.2717
vn 0.3362 0.9091 -0.2461
vn 0.9613 -0.0855 -0.2619
vn 0.9674 -0.0781 -0.2408
vn 0.9617 -0.0672 -0.2656
vn 0.8039 -0.4196 -0.4215
vn 0.8143 -0.1932 -0.5474
vn 0.9589 -0.2073 -0.1935
vn 0.9076 -0.3954 -0.1408
vn 0.7804 -0.0610 -0.6223
vn 0.9732 -0.0266 -0.2284
vn 0.8143 -0.1932 -0.5474
vn 0.7760 0.0809 -0.6255
vn 0.8099 0.0813 -0.5809
vn 0.8838 0.2461 -0.3979
vn 0.8988 0.0580 -0.4344
vn 0.7760 0.0809 -0.6255
vn 0.9612 -0.0390 -0.2729
vn 0.7284 -0.0531 -0.6831
vn 0.9611 -0.0562 -0.2705
vn 0.9603 -0.0446 -0.2754
vn 0.9617 -0.0672 -0.2656
vn 0.0137 0.9978 -0.0656
vn 0.0336 0.9745 -0.2219
vn -0.0051 0.9821 0.1882
vn -0.0012 0.9821 0.1885
vn 0.0593 0.7318 -0.6789
vn 0.0544 0.6631 -0.7466
vn 0.0336 0.9745 -0.2219
vn 0.0137 0.9978 -0.0656
vn 0.0121 0.1756 -0.9844
vn 0.0014 0.1458 -0.9893
vn 0.0544 0.6631 -0.7466
vn 0.0593 0.7318 -0.6789
vn -0.0257 -0.4544 -0.8905
vn -0.0295 -0.4322 -0.9013
vn 0.0014 0.1458 -0.9893
vn 0.0121 0.1756 -0.9844
vn -0.0122 -0.9000 -0.4358
vn -0.0127 -0.8682 -0.4960
vn -0.0295 -0.4322 -0.9013
vn -0.0257 -0.4544 -0.8905
vn 0.0066 -0.9814 0.1920
vn -0.0010 -0.9961 0.0881
vn -0.0127 -0.8682 -0.4960
vn -0.0122 -0.9000 -0.4358
vn -0.1305 -0.4069 -0.9041
vn -0.0204 -0.8397 -0.5427
vn 0.2867 -0.3003 -0.9097
vn 0.3112 -0.2198 -0.9246
vn -0.1501 0.1673 -0.9744
vn -0.1305 -0.4069 -0.9041
vn 0.3112 -0.2198 -0.9246
vn 0.3076 -0.0237 -0.9512
vn -0.0112 0.6425 -0.7662
vn -0.1501 0.1673 -0.9744
vn 0.3076 -0.0237 -0.9512
vn 0.3602 0.1396 -0.9224
vn 0.9898 0.0155 -0.1418
vn 0.9866 0.0057 -0.1629
vn 0.9811 0.0031 -0.1935
vn 0.9797 -0.0138 -0.2001
vn 0.9824 -0.0079 -0.1867
vn 0.9811 0.0031 -0.1935
vn 0.9805 -0.0081 -0.1963
vn 0.9797 -0.0138 -0.2001
vn 0.9811 0.0031 -0.1935
vn 0.9810 -0.0031 -0.1942
vn 0.9805 -0.0081 -0.1963
vn 0.9811 0.0031 -0.1935
vn 0.9809 0.0031 -0.1943
vn 0.9810 -0.0031 -0.1942
vn 0.9811 0.0031 -0.1935
vn 0.9804 0.0126 -0.1964
vn 0.9809 0.0031 -0.1943
vn 0.9811 0.0031 -0.1935
vn 0.9802 0.0172 -0.1973
vn 0.9804 0.0126 -0.1964
vn 0.9811 0.0031 -0.1935
vn 0.9811 0.0031 -0.1935
vn 0.9618 0.0569 -0.2677
vn 0.9812 0.0093 -0.1928
vn 0.0275 -0.8822 0.4700
vn -0.0010 -0.9961 0.0881
vn 0.0066 -0.9814 0.1920
vn 0.3602 0.1396 -0.9224
vn 0.8099 0.0813 -0.5809
vn 0.7760 0.0809 -0.6255
vn 0.5005 0.0805 -0.8620
vn 0.9811 0.0031 -0.1935
vn 0.9812 0.0093 -0.1928
vn 0.9802 0.0172 -0.1973
vn 0.5005 0.0805 -0.8620
vn -0.0112 0.6425 -0.7662
vn 0.3602 0.1396 -0.9224
vn 0.0411 -0.8788 0.4755
vn 0.0275 -0.8822 0.4700
vn 0.0066 -0.9814 0.1920
vn 0.8143 -0.1932 -0.5474
vn 0.3940 -0.3160 -0.8631
vn 0.7804 -0.0610 -0.6223
vn 0.2867 -0.3003 -0.9097
vn -0.0204 -0.8397 -0.5427
vn 0.3940 -0.3160 -0.8631
vn 0.9898 0.0155 -0.1418
vn 0.9811 0.0031 -0.1935
vn 0.9824 -0.0079 -0.1867
vn 0.0001 1.0000 -0.0018
vn 0.0001 1.0000 -0.0018
vn 0.0000 1.0000 -0.0016
vn 0.0000 1.0000 -0.0016
vn 0.1097 0.7073 0.6984
vn 0.0000 0.4809 0.8768
vn 0.0418 0.5296 0.8472
vn 0.1179 0.7520 0.6486
vn 0.7760 0.0809 -0.6255
vn 0.8988 0.0580 -0.4344
vn 0.9598 -0.0314 -0.2791
vn 0.9612 -0.0390 -0.2729
vn 0.9612 -0.0390 -0.2729
vn 0.9598 -0.0314 -0.2791
vn 0.9603 -0.0446 -0.2754
vn 0.9611 -0.0562 -0.2705
vn 0.8143 -0.1932 -0.5474
vn 0.9732 -0.0266 -0.2284
vn 0.9589 -0.2073 -0.1935
vn 0.9732 -0.0266 -0.2284
vn 0.9707 -0.0622 -0.2320
vn 0.9589 -0.2073 -0.1935
vn 0.9707 -0.0622 -0.2320
vn 0.9674 -0.0781 -0.2408
vn 0.9589 -0.2073 -0.1935
vn 0.3940 -0.3160 -0.8631
vn 0.8143 -0.1932 -0.5474
vn 0.7981 -0.1143 -0.5916
vn 0.2867 -0.3003 -0.9097
vn 0.3602 0.1396 -0.9224
vn 0.3076 -0.0237 -0.9512
vn 0.8099 0.0813 -0.5809
vn 0.8099 0.0813 -0.5809
vn 0.3076 -0.0237 -0.9512
vn 0.7981 -0.1143 -0.5916
vn 0.3076 -0.0237 -0.9512
vn 0.3112 -0.2198 -0.9246
vn 0.7981 -0.1143 -0.5916
vn 0.3112 -0.2198 -0.9246
vn 0.2867 -0.3003 -0.9097
vn 0.7981 -0.1143 -0.5916
vn -0.9947 -0.0467 -0.0921
vn -0.9938 -0.0226 -0.1089
vn -0.9937 -0.0206 -0.1099
vn -0.9947 -0.0424 -0.0932
vn -0.9936 -0.0883 -0.0700
vn -0.9947 -0.0467 -0.0921
vn -0.9947 -0.0424 -0.0932
vn -0.9939 -0.0894 -0.0653
vn 0.7560 -0.6356 -0.1563
vn 0.7656 -0.5738 -0.2910
vn 0.6625 -0.7368 -0.1350
vn -0.9939 -0.0894 -0.0653
vn -0.9964 -0.0833 -0.0176
vn -0.9963 -0.0836 -0.0190
vn -0.9936 -0.0883 -0.0700
vn -0.9964 -0.0833 -0.0176
vn -0.9944 -0.1053 0.0014
vn -0.9946 -0.1038 0.0012
vn -0.9963 -0.0836 -0.0190
vn -0.9999 0.0045 -0.0125
vn -0.9999 0.0041 -0.0146
vn -0.9938 -0.0226 -0.1089
vn -0.9999 0.0041 -0.0146
vn -0.9937 -0.0206 -0.1099
vn -0.9938 -0.0226 -0.1089
vn 0.9944 0.0181 -0.1045
vn 0.9941 0.0146 -0.1077
vn 0.9945 0.0156 -0.1038
vn 0.9944 0.0181 -0.1045
vn 0.9945 0.0156 -0.1038
vn 0.9978 0.0056 -0.0659
vn 0.0000 0.6325 -0.7746
vn -0.0009 0.0599 -0.9982
vn 0.0385 0.3187 -0.9471
vn 0.0513 0.4639 -0.8844
vn 0.0000 0.9639 -0.2663
vn 0.0000 0.6325 -0.7746
vn 0.0513 0.4639 -0.8844
vn 0.1595 0.8156 -0.5562
vn 0.0000 0.9351 0.3543
vn 0.0000 0.9639 -0.2663
vn 0.1595 0.8156 -0.5562
vn 0.0000 0.9430 0.3327
vn 0.0681 -0.0332 -0.9971
vn -0.0009 0.0599 -0.9982
vn -0.0021 -0.4806 -0.8769
vn 0.0000 0.7616 0.6481
vn 0.0000 0.9351 0.3543
vn 0.0000 0.9430 0.3327
vn 0.0000 0.7616 0.6481
vn 0.0000 -0.4769 -0.8789
vn 0.0681 -0.0332 -0.9971
vn -0.0021 -0.4806 -0.8769
vn -0.0021 -0.4806 -0.8769
vn -0.0052 -0.6907 -0.7231
vn -0.0028 -0.6922 -0.7217
vn 0.0000 -0.4769 -0.8789
vn 0.9944 0.0181 -0.1045
vn 0.9978 0.0056 -0.0659
vn 0.9981 0.0076 -0.0614
vn 0.9997 0.0156 -0.0190
vn 0.9997 0.0156 -0.0190
vn 0.9981 0.0076 -0.0614
vn 0.9998 0.0040 -0.0179
vn 0.9999 0.0096 -0.0031
vn 1.0000 -0.0003 -0.0003
vn 1.0000 -0.0000 -0.0000
vn 1.0000 0.0052 -0.0021
vn 1.0000 -0.0000 -0.0000
vn 1.0000 0.0005 0.0002
vn 1.0000 0.0052 -0.0021
vn 1.0000 0.0005 0.0002
vn 1.0000 0.0004 0.0002
vn 1.0000 0.0052 -0.0021
vn 0.9999 0.0102 -0.0094
vn 1.0000 -0.0003 -0.0003
vn 1.0000 0.0052 -0.0021
vn 1.0000 0.0004 0.0002
vn 0.9999 0.0115 0.0000
vn 1.0000 0.0052 -0.0021
vn 0.9999 0.0115 0.0000
vn 0.9999 0.0096 -0.0031
vn 1.0000 0.0052 -0.0021
vn 0.9997 0.0186 -0.0186
vn 0.9999 0.0102 -0.0094
vn 1.0000 0.0052 -0.0021
vn 0.9998 -0.0070 -0.0169
vn 0.9963 0.0073 -0.0851
vn 0.9988 0.0049 -0.0487
vn 0.9998 -0.0070 -0.0169
vn 0.9988 0.0049 -0.0487
vn 0.9998 -0.0175 0.0048
vn 0.0681 -0.0332 -0.9971
vn 0.0385 0.3187 -0.9471
vn -0.0009 0.0599 -0.9982
vn -0.0034 0.9995 0.0306
vn -0.0016 0.9992 0.0394
vn -0.0019 0.8608 -0.5089
vn 0.0005 0.8588 -0.5122
vn -0.0106 0.9625 -0.2709
vn -0.0169 0.9613 -0.2749
vn -0.0066 0.9633 -0.2684
vn 0.0000 0.9645 -0.2642
vn 0.2146 0.9744 0.0674
vn 0.2627 0.9561 0.1302
vn 0.1097 0.7073 0.6984
vn 0.1179 0.7520 0.6486
vn 0.9953 0.0779 -0.0570
vn 0.9985 0.0542 0.0015
vn 0.9960 0.0799 -0.0403
vn 0.3403 0.8997 -0.2733
vn 0.3362 0.9091 -0.2461
vn 0.2951 0.9160 -0.2717
vn 0.9615 0.2645 -0.0746
vn 0.8838 0.2461 -0.3979
vn 0.9601 0.1750 -0.2180
vn 0.9892 0.1218 -0.0820
vn 0.9645 0.2568 -0.0623
vn 0.9615 0.2645 -0.0746
vn 0.9892 0.1218 -0.0820
vn 0.9985 0.0542 0.0015
vn 0.9989 0.0337 0.0330
vn 0.9960 0.0799 -0.0403
vn 0.9999 0.0096 -0.0031
vn 0.9999 0.0079 0.0103
vn 1.0000 0.0052 -0.0021
vn 0.9999 0.0079 0.0103
vn 0.9998 0.0181 0.0059
vn 1.0000 0.0052 -0.0021
vn 1.0000 0.0052 -0.0021
vn 0.9998 0.0181 0.0059
vn 0.9997 0.0186 -0.0186
vn 1.0000 0.0000 0.0000
vn 1.0000 0.0096 -0.0015
vn 0.9999 0.0102 -0.0003
vn 1.0000 -0.0000 -0.0000
vn 1.0000 0.0004 0.0002
vn 1.0000 0.0000 0.0000
vn 1.0000 -0.0000 -0.0000
vn 1.0000 0.0004 0.0002
vn 1.0000 0.0003 0.0001
vn 1.0000 0.0004 0.0002
vn 1.0000 0.0004 0.0002
vn 1.0000 0.0003 0.0001
vn 1.0000 0.0096 -0.0015
vn 0.9996 0.0180 -0.0210
vn 0.9997 0.0198 -0.0125
vn 0.9999 0.0102 -0.0003
vn 1.0000 0.0003 0.0003
vn 1.0000 0.0003 0.0001
vn 1.0000 0.0003 0.0001
vn 1.0000 0.0003 0.0003
vn 0.9996 0.0180 -0.0210
vn 0.9971 0.0237 -0.0725
vn 0.9892 0.1218 -0.0820
vn 0.9997 0.0198 -0.0125
vn 0.0000 -0.6325 0.7746
vn 0.0000 -0.0624 0.9980
vn 0.0000 -0.0603 0.9982
vn 0.0000 -0.6325 0.7746
vn 0.0000 -0.9639 0.2662
vn 0.0000 -0.6325 0.7746
vn 0.0000 -0.6325 0.7746
vn 0.0000 -0.9639 0.2663
vn 0.0000 -0.9351 -0.3543
vn 0.0000 -0.9639 0.2662
vn 0.0000 -0.9639 0.2663
vn 0.0000 -0.9351 -0.3543
vn 0.0000 -0.0624 0.9980
vn 0.0000 0.4855 0.8742
vn 0.0000 0.4930 0.8700
vn 0.0000 -0.0603 0.9982
vn 0.0000 -0.7616 -0.6481
vn 0.0000 -0.9351 -0.3543
vn 0.0000 -0.9351 -0.3543
vn 0.0000 -0.7616 -0.6481
vn 0.0000 0.4855 0.8742
vn 0.0000 0.8261 0.5635
vn -0.0139 0.8363 0.5482
vn 0.0000 0.4930 0.8700
vn 0.9953 0.0779 -0.0570
vn 0.9960 0.0799 -0.0403
vn 0.9632 0.2552 -0.0841
vn 0.9615 0.2645 -0.0746
vn 0.9645 0.2568 -0.0623
vn 0.9632 0.2552 -0.0841
vn 0.9960 0.0799 -0.0403
vn 0.0000 -0.8605 0.5094
vn 0.0000 -0.8605 0.5094
vn 0.0000 -0.8605 0.5094
vn 0.0000 -0.8605 0.5094
vn -0.0269 0.8753 -0.4829
vn 0.0005 0.8588 -0.5122
vn -0.0019 0.8608 -0.5089
vn -0.0263 0.8725 -0.4879
vn -0.0370 0.9945 0.0981
vn -0.0269 0.8753 -0.4829
vn -0.0263 0.8725 -0.4879
vn -0.0409 0.9983 0.0409
vn 0.9645 0.2568 -0.0623
vn 0.9892 0.1218 -0.0820
vn 0.9971 0.0237 -0.0725
vn -0.0139 0.8363 0.5482
vn 0.0000 0.8261 0.5635
vn -0.0370 0.9945 0.0981
vn -0.0409 0.9983 0.0409
vn 0.9999 0.0096 -0.0031
vn 0.9999 0.0115 0.0000
vn 0.9997 0.0156 -0.0190
vn -0.5378 0.6842 0.4927
vn -0.7139 -0.0339 0.6994
vn -0.2302 -0.0350 0.9725
vn -0.2556 0.6463 0.7190
vn -0.7139 -0.0339 0.6994
vn -0.5262 -0.7187 0.4545
vn -0.2534 -0.6900 0.6780
vn -0.2302 -0.0350 0.9725
vn -0.5262 -0.7187 0.4545
vn -0.3968 -0.9174 -0.0307
vn -0.3153 -0.9490 0.0056
vn -0.2534 -0.6900 0.6780
vn -0.3968 -0.9174 -0.0307
vn -0.4210 -0.6551 -0.6273
vn -0.4083 -0.6762 -0.6132
vn -0.3153 -0.9490 0.0056
vn -0.4210 -0.6551 -0.6273
vn -0.4305 0.0198 -0.9024
vn -0.4925 -0.0020 -0.8703
vn -0.4083 -0.6762 -0.6132
vn -0.4305 0.0198 -0.9024
vn -0.4252 0.6880 -0.5881
vn -0.4689 0.6768 -0.5675
vn -0.4925 -0.0020 -0.8703
vn -0.4252 0.6880 -0.5881
vn -0.4030 0.9149 0.0220
vn -0.3463 0.9361 0.0619
vn -0.4689 0.6768 -0.5675
vn -0.4030 0.9149 0.0220
vn -0.5378 0.6842 0.4927
vn -0.2556 0.6463 0.7190
vn -0.3463 0.9361 0.0619
vn 0.0361 0.2794 0.9595
vn 0.0379 -0.0924 0.9950
vn 0.0489 -0.0408 0.9980
vn 0.0430 0.3077 0.9505
vn 0.0379 -0.0924 0.9950
vn 0.0332 -0.4467 0.8941
vn 0.0475 -0.3986 0.9159
vn 0.0489 -0.0408 0.9980
vn 0.0041 -0.9678 0.2516
vn -0.0043 -0.9974 -0.0719
vn -0.3968 -0.9174 -0.0307
vn -0.5262 -0.7187 0.4545
vn -0.0043 -0.9974 -0.0719
vn -0.0025 -0.6931 -0.7208
vn -0.4210 -0.6551 -0.6273
vn -0.3968 -0.9174 -0.0307
vn -0.0025 -0.6931 -0.7208
vn -0.0038 0.0915 -0.9958
vn -0.4305 0.0198 -0.9024
vn -0.4210 -0.6551 -0.6273
vn -0.0038 0.0915 -0.9958
vn -0.0180 0.8071 -0.5902
vn -0.4252 0.6880 -0.5881
vn -0.4305 0.0198 -0.9024
vn -0.0180 0.8071 -0.5902
vn -0.0140 0.9960 0.0884
vn -0.4030 0.9149 0.0220
vn -0.4252 0.6880 -0.5881
vn -0.0140 0.9960 0.0884
vn -0.0050 0.9219 0.3875
vn -0.5378 0.6842 0.4927
vn -0.4030 0.9149 0.0220
vn -0.0012 0.1281 0.9918
vn -0.0003 0.0281 0.9996
vn 0.0016 0.0307 0.9995
vn -0.0077 0.1970 0.9804
vn 0.1213 -0.4603 -0.8795
vn 0.0435 -0.8940 -0.4460
vn 0.0435 -0.8940 -0.4460
vn 0.1213 -0.4603 -0.8795
vn 0.1527 0.1492 -0.9769
vn 0.1213 -0.4603 -0.8795
vn 0.1213 -0.4603 -0.8795
vn 0.1527 0.1492 -0.9769
vn 0.1258 0.7017 -0.7013
vn 0.1527 0.1492 -0.9769
vn 0.1527 0.1492 -0.9769
vn 0.1258 0.7017 -0.7013
vn 0.0508 0.9862 -0.1577
vn 0.1258 0.7017 -0.7013
vn 0.1258 0.7017 -0.7013
vn 0.0508 0.9862 -0.1577
vn -0.0435 0.8940 0.4460
vn 0.0508 0.9862 -0.1577
vn 0.0508 0.9862 -0.1577
vn -0.0435 0.8940 0.4460
vn -0.1213 0.4603 0.8795
vn -0.0435 0.8940 0.4460
vn -0.0435 0.8940 0.4460
vn -0.1213 0.4603 0.8795
vn -0.1527 -0.1492 0.9769
vn -0.1213 0.4603 0.8795
vn -0.1213 0.4603 0.8795
vn -0.1527 -0.1492 0.9769
vn -0.1258 -0.7017 0.7013
vn -0.1527 -0.1492 0.9769
vn -0.1527 -0.1492 0.9769
vn -0.1258 -0.7017 0.7013
vn -0.0508 -0.9862 0.1577
vn -0.1258 -0.7017 0.7013
vn -0.1258 -0.7017 0.7013
vn -0.0508 -0.9862 0.1577
vn 0.0435 -0.8940 -0.4460
vn -0.0508 -0.9862 0.1577
vn -0.0508 -0.9862 0.1577
vn 0.0435 -0.8940 -0.4460
vn 0.9883 -0.0269 0.1504
vn 0.9883 -0.0269 0.1504
vn 0.9883 -0.0269 0.1504
vn 0.9883 -0.0269 0.1504
vn 0.9883 -0.0269 0.1504
vn 0.9883 -0.0269 0.1504
vn 0.9883 -0.0269 0.1504
vn 0.9883 -0.0269 0.1504
vn 0.9883 -0.0269 0.1504
vn 0.9883 -0.0269 0.1504
vn 0.9883 -0.0269 0.1504
vn 0.9883 -0.0269 0.1504
vn 0.9883 -0.0269 0.1504
vn 0.9883 -0.0269 0.1504
vn 0.9883 -0.0269 0.1504
vn 0.9883 -0.0269 0.1504
vn 0.9883 -0.0269 0.1504
vn 0.9883 -0.0269 0.1504
vn 0.9883 -0.0269 0.1504
vn 0.9883 -0.0269 0.1504
vn 0.9883 -0.0269 0.1504
vn 0.9883 -0.0269 0.1504
vn 0.9883 -0.0269 0.1504
vn 0.9883 -0.0269 0.1504
vn 0.9883 -0.0269 0.1504
vn 0.9883 -0.0269 0.1504
vn 0.9883 -0.0269 0.1504
vn 0.9883 -0.0269 0.1504
vn 0.9883 -0.0269 0.1504
vn 0.9883 -0.0269 0.1504
vn -0.0049 -0.4552 0.8904
vn -0.0256 -0.4578 0.8887
vn -0.0256 -0.6382 0.7694
vn -0.0039 -0.6416 0.7670
vn -0.0091 -0.1373 0.9905
vn -0.0284 -0.1368 0.9902
vn -0.0256 -0.4578 0.8887
vn -0.0049 -0.4552 0.8904
vn -0.0111 -0.0029 0.9999
vn -0.0249 -0.0056 0.9997
vn -0.0284 -0.1368 0.9902
vn -0.0091 -0.1373 0.9905
vn 0.0010 0.9998 0.0222
vn 0.0011 0.9809 -0.1944
vn 0.0020 0.9760 -0.2179
vn 0.1971 -0.6169 0.7619
vn 0.2106 -0.4276 0.8791
vn 0.0886 -0.4441 0.8916
vn 0.0718 -0.6374 0.7672
vn 0.2106 -0.4276 0.8791
vn 0.2108 -0.1321 0.9686
vn 0.0857 -0.1366 0.9869
vn 0.0886 -0.4441 0.8916
vn 0.2108 -0.1321 0.9686
vn 0.2091 -0.0084 0.9779
vn 0.0803 -0.0072 0.9967
vn 0.0857 -0.1366 0.9869
vn 0.1749 0.4294 0.8860
vn 0.1257 0.8099 0.5729
vn 0.0770 0.8140 0.5757
vn 0.0946 0.4865 0.8686
vn 0.1257 0.8099 0.5729
vn 0.0949 0.8767 0.4716
vn 0.0539 0.9587 0.2794
vn 0.0770 0.8140 0.5757
vn 0.0359 0.9881 0.1498
vn 0.0238 0.9861 -0.1645
vn 0.0010 0.9998 0.0222
vn 0.0498 0.9966 0.0653
vn 0.0949 0.8767 0.4716
vn 0.0528 0.9678 0.2462
vn 0.0498 0.9966 0.0653
vn 0.0539 0.9587 0.2794
vn 0.1790 -0.7361 0.6528
vn 0.7078 -0.5489 0.4447
vn 0.6372 -0.5406 0.5493
vn 0.6107 -0.4808 0.6292
vn 0.6736 -0.3102 0.6708
vn 0.2106 -0.4276 0.8791
vn 0.1971 -0.6169 0.7619
vn 0.6736 -0.3102 0.6708
vn 0.6806 -0.0926 0.7268
vn 0.2108 -0.1321 0.9686
vn 0.2106 -0.4276 0.8791
vn 0.6806 -0.0926 0.7268
vn 0.5605 -0.0115 0.8281
vn 0.2091 -0.0084 0.9779
vn 0.2108 -0.1321 0.9686
vn 0.5351 0.3457 0.7708
vn 0.4387 0.7165 0.5424
vn 0.1257 0.8099 0.5729
vn 0.1749 0.4294 0.8860
vn 0.4387 0.7165 0.5424
vn 0.3445 0.7115 0.6125
vn 0.0949 0.8767 0.4716
vn 0.1257 0.8099 0.5729
vn 0.3944 0.6484 0.6512
vn 0.3910 0.8755 0.2839
vn 0.1988 0.9334 0.2986
vn 0.2023 0.6818 0.7030
vn 0.3551 0.9319 0.0744
vn 0.3058 0.8848 -0.3517
vn 0.1396 0.9163 -0.3754
vn 0.1766 0.9819 0.0682
vn -0.9999 0.0095 0.0033
vn -1.0000 0.0087 0.0027
vn -1.0000 0.0091 0.0028
vn -0.9999 0.0102 0.0028
vn 0.3944 0.6484 0.6512
vn 0.2023 0.6818 0.7030
vn 0.0949 0.8767 0.4716
vn 0.3445 0.7115 0.6125
vn -1.0000 0.0092 0.0010
vn -0.9999 0.0122 -0.0006
vn -1.0000 0.0100 0.0005
vn -1.0000 0.0088 0.0016
vn 0.1396 0.9163 -0.3754
vn 0.3058 0.8848 -0.3517
vn 0.1871 0.9313 -0.3125
vn 0.0238 0.9861 -0.1645
vn 0.3910 0.8755 0.2839
vn 0.3551 0.9319 0.0744
vn 0.1766 0.9819 0.0682
vn 0.1988 0.9334 0.2986
vn -1.0000 0.0087 0.0027
vn -1.0000 0.0092 0.0010
vn -1.0000 0.0088 0.0016
vn -1.0000 0.0091 0.0028
vn 0.0498 0.9966 0.0653
vn 0.0528 0.9678 0.2462
vn 0.0359 0.9881 0.1498
vn 0.0000 -0.9686 0.2486
vn 0.0069 -0.9686 0.2484
vn 0.0067 -0.7787 0.6274
vn -0.0041 -0.7776 0.6287
vn 0.0346 -0.9631 0.2669
vn 0.1612 -0.9389 0.3040
vn 0.1790 -0.7361 0.6528
vn 0.0619 -0.7707 0.6341
vn 0.1612 -0.9389 0.3040
vn 0.6827 -0.7025 0.2011
vn 0.7078 -0.5489 0.4447
vn 0.1790 -0.7361 0.6528
vn -0.0013 -1.0000 -0.0016
vn -0.0059 -1.0000 -0.0037
vn -0.0026 -1.0000 -0.0050
vn -0.0026 -1.0000 -0.0050
vn 0.1156 -0.9933 0.0000
vn 0.1248 -0.9922 0.0022
vn -0.0013 -1.0000 -0.0016
vn 0.1156 -0.9933 0.0000
vn 0.2215 -0.9751 0.0076
vn 0.2332 -0.9724 0.0097
vn 0.1248 -0.9922 0.0022
vn 0.9214 0.2211 0.3196
vn 0.8945 0.4079 0.1831
vn 0.6760 0.5389 0.5026
vn 0.4387 0.7165 0.5424
vn 0.8624 0.5045 0.0424
vn 0.9148 0.4036 0.0171
vn 0.3066 0.9518 0.0088
vn 0.3558 0.9331 0.0519
vn 0.8725 0.4840 0.0672
vn 0.8624 0.5045 0.0424
vn 0.3558 0.9331 0.0519
vn 0.4669 0.8823 -0.0595
vn 0.8890 0.4427 0.1173
vn 0.8843 0.4574 0.0938
vn 0.5821 0.7924 0.1825
vn 0.6003 0.7722 0.2081
vn 0.2416 0.9663 -0.0891
vn 0.3066 0.9518 0.0088
vn 0.9148 0.4036 0.0171
vn 0.9421 0.0241 0.3345
vn 1.0000 0.0000 -0.0000
vn 0.8945 0.4079 0.1831
vn 0.9214 0.2211 0.3196
vn 0.9148 0.4036 0.0171
vn 0.8624 0.5045 0.0424
vn 1.0000 0.0000 -0.0000
vn 0.8624 0.5045 0.0424
vn 0.8725 0.4840 0.0672
vn 1.0000 0.0000 -0.0000
vn 0.8843 0.4574 0.0938
vn 0.8890 0.4427 0.1173
vn 1.0000 0.0000 -0.0000
vn 1.0000 0.0000 -0.0000
vn 0.9662 -0.2577 0.0042
vn 0.9727 -0.2319 0.0046
vn 0.9837 -0.1799 0.0029
vn 1.0000 0.0000 -0.0000
vn 1.0000 0.0000 -0.0000
vn 0.9727 -0.2319 0.0046
vn 1.0000 0.0000 -0.0000
vn 0.9492 -0.0034 0.3148
vn 0.9471 -0.0168 0.3205
vn 0.9258 -0.1071 0.3626
vn 0.9257 -0.3063 0.2219
vn 1.0000 0.0000 -0.0000
vn 0.9471 -0.0168 0.3205
vn 1.0000 0.0000 -0.0000
vn 0.9257 -0.3063 0.2219
vn 0.9312 -0.3579 0.0694
vn 0.9535 -0.3006 0.0194
vn 0.9662 -0.2577 0.0042
vn 1.0000 0.0000 -0.0000
vn 1.0000 0.0000 -0.0000
vn 0.9662 -0.2577 0.0042
vn 1.0000 0.0000 -0.0000
vn 0.9148 0.4036 0.0171
vn 1.0000 0.0000 -0.0000
vn 0.1248 -0.9922 0.0022
vn 0.2332 -0.9724 0.0097
vn 0.2627 -0.9648 0.0126
vn 0.1351 -0.9908 0.0014
vn -0.0013 -1.0000 -0.0016
vn 0.1248 -0.9922 0.0022
vn 0.1351 -0.9908 0.0014
vn 0.0028 -1.0000 -0.0010
vn -0.0059 -1.0000 -0.0037
vn -0.0013 -1.0000 -0.0016
vn 0.0028 -1.0000 -0.0010
vn 0.0000 -1.0000 -0.0031
vn 0.1351 -0.9908 0.0014
vn 0.2627 -0.9648 0.0126
vn 0.4229 -0.9062 0.0069
vn 0.1415 -0.9899 0.0049
vn 0.0028 -1.0000 -0.0010
vn 0.1351 -0.9908 0.0014
vn 0.1415 -0.9899 0.0049
vn 0.0044 -1.0000 0.0007
vn 0.0000 -1.0000 -0.0031
vn 0.0028 -1.0000 -0.0010
vn 0.0044 -1.0000 0.0007
vn 0.0000 -1.0000 -0.0000
vn 0.1415 -0.9899 0.0049
vn 0.4229 -0.9062 0.0069
vn 0.6827 -0.7025 0.2011
vn 0.1612 -0.9389 0.3040
vn 0.1612 -0.9389 0.3040
vn 0.0346 -0.9631 0.2669
vn 0.1415 -0.9899 0.0049
vn 0.0000 -1.0000 -0.0000
vn 0.0044 -1.0000 0.0007
vn 0.0069 -0.9686 0.2484
vn 0.0000 -0.9686 0.2486
vn 0.2332 -0.9724 0.0097
vn 0.2215 -0.9751 0.0076
vn 0.6469 -0.7617 0.0364
vn 0.5950 -0.8031 0.0315
vn 0.5950 -0.8031 0.0315
vn 0.5954 -0.8028 0.0323
vn 0.2627 -0.9648 0.0126
vn 0.2332 -0.9724 0.0097
vn 0.8761 -0.4815 0.0229
vn 0.8910 -0.4535 0.0200
vn 0.9837 -0.1799 0.0029
vn 0.9727 -0.2319 0.0046
vn 0.9727 -0.2319 0.0046
vn 0.9662 -0.2577 0.0042
vn 0.8576 -0.5137 0.0259
vn 0.8761 -0.4815 0.0229
vn 0.9214 0.2211 0.3196
vn 0.4387 0.7165 0.5424
vn 0.5351 0.3457 0.7708
vn 0.9421 0.0241 0.3345
vn 0.7982 -0.0075 0.6024
vn 0.5599 -0.0088 0.8285
vn 0.5605 -0.0115 0.8281
vn -0.0034 0.1682 0.9857
vn -0.0069 0.2393 0.9709
vn -0.0099 0.2663 0.9638
vn 0.0000 0.1378 0.9905
vn 0.0000 -0.6076 -0.7942
vn 0.0000 -0.6669 -0.7452
vn 0.0000 -0.6912 -0.7227
vn 0.0000 -0.9606 0.2780
vn 0.0000 -0.9456 -0.3253
vn 0.0000 -0.8859 -0.4638
vn 0.0000 -0.9919 0.1270
vn 0.0000 -0.6405 0.7680
vn 0.0000 -0.9606 0.2780
vn 0.0000 -0.9919 0.1270
vn 0.0000 -0.7198 0.6942
vn 0.0000 -0.1726 0.9850
vn 0.0000 -0.6405 0.7680
vn 0.0000 -0.7198 0.6942
vn -0.0040 -0.1690 0.9856
vn -0.0069 0.2393 0.9709
vn 0.0000 -0.1726 0.9850
vn -0.0040 -0.1690 0.9856
vn -0.0099 0.2663 0.9638
vn 0.0000 -0.9456 -0.3253
vn 0.0000 -0.6912 -0.7227
vn 0.0000 -0.6669 -0.7452
vn 0.0000 -0.8859 -0.4638
vn 0.5351 0.3457 0.7708
vn 0.5601 0.0744 0.8251
vn 0.9492 -0.0034 0.3148
vn 0.9421 0.0241 0.3345
vn 1.0000 0.0000 -0.0000
vn 0.9421 0.0241 0.3345
vn 0.9492 -0.0034 0.3148
vn 0.1959 0.1031 0.9752
vn 0.5601 0.0744 0.8251
vn 0.5351 0.3457 0.7708
vn 0.1749 0.4294 0.8860
vn 0.0008 1.0000 0.0021
vn 0.0068 1.0000 0.0010
vn 0.0041 1.0000 0.0025
vn 0.5605 -0.0115 0.8281
vn 0.5599 -0.0088 0.8285
vn 0.2023 -0.0081 0.9793
vn 0.2091 -0.0084 0.9779
vn 0.2091 -0.0084 0.9779
vn 0.2023 -0.0081 0.9793
vn 0.0723 0.0072 0.9974
vn 0.0803 -0.0072 0.9967
vn -0.0037 -0.0038 1.0000
vn -0.0053 -0.0085 0.9999
vn -0.0249 -0.0056 0.9997
vn -0.0111 -0.0029 0.9999
vn 0.7737 -0.1004 0.6255
vn 0.8116 -0.2711 0.5175
vn 0.8122 -0.3809 0.4418
vn 0.7702 -0.1485 0.6202
vn 0.0000 0.1378 0.9905
vn 0.0000 -0.1445 0.9895
vn 0.0000 -0.1445 0.9895
vn -0.0034 0.1682 0.9857
vn 0.0000 -0.9846 0.1746
vn 0.0000 -0.9885 0.1512
vn 0.0000 -0.9442 0.3294
vn 0.0000 -0.9442 0.3294
vn 0.0000 -0.9587 0.2844
vn 0.0000 -0.9531 0.3025
vn 0.0000 -0.9885 0.1512
vn 0.0000 -0.9846 0.1746
vn 0.0000 -0.7014 0.7128
vn 0.0310 -0.7545 0.6556
vn 0.0000 -0.9531 0.3025
vn 0.0000 -0.9587 0.2844
vn 0.1376 -0.6413 0.7548
vn 0.2347 -0.6956 0.6790
vn 0.0310 -0.7545 0.6556
vn 0.0000 -0.7014 0.7128
vn 0.2627 -0.9648 0.0126
vn 0.5954 -0.8028 0.0323
vn 0.6425 -0.7653 0.0401
vn 0.4229 -0.9062 0.0069
vn 0.7584 -0.1026 0.6437
vn 0.7677 -0.1076 0.6316
vn 0.7356 -0.0837 0.6722
vn 0.7412 -0.1193 0.6606
vn 0.8450 -0.5333 0.0404
vn 0.9662 -0.2577 0.0042
vn 0.9535 -0.3006 0.0194
vn 0.8230 -0.5564 0.1143
vn 0.8019 -0.5671 0.1877
vn 0.6425 -0.7653 0.0401
vn 0.8450 -0.5333 0.0404
vn 0.7802 -0.5970 0.1866
vn 0.7405 -0.6178 0.2647
vn 0.8019 -0.5671 0.1877
vn 0.8230 -0.5564 0.1143
vn 1.0000 0.0000 -0.0000
vn 0.9312 -0.3579 0.0694
vn 0.9535 -0.3006 0.0194
vn 0.8122 -0.3809 0.4418
vn 0.8116 -0.2711 0.5175
vn 0.7913 -0.5220 0.3184
vn 0.7808 -0.5709 0.2539
vn 0.7808 -0.5709 0.2539
vn 0.7913 -0.5220 0.3184
vn 0.7405 -0.6178 0.2647
vn 0.7802 -0.5970 0.1866
vn 0.7412 -0.1193 0.6606
vn 0.7356 -0.0837 0.6722
vn 0.7737 -0.1004 0.6255
vn 0.7702 -0.1485 0.6202
vn 0.7677 -0.1076 0.6316
vn 0.7584 -0.1026 0.6437
vn 0.9471 -0.0168 0.3205
vn 0.7975 -0.1240 0.5904
vn 0.8044 -0.0127 0.5939
vn 0.7975 -0.1240 0.5904
vn 0.9471 -0.0168 0.3205
vn 0.9492 -0.0034 0.3148
vn 0.5599 -0.0088 0.8285
vn 0.7982 -0.0075 0.6024
vn 0.8044 -0.0127 0.5939
vn 0.9492 -0.0034 0.3148
vn 0.8030 -0.0238 0.5955
vn 0.7982 -0.0075 0.6024
vn 0.5605 -0.0115 0.8281
vn 0.6806 -0.0926 0.7268
vn 0.8030 -0.0238 0.5955
vn 0.5605 -0.0115 0.8281
vn 0.8230 -0.5564 0.1143
vn 0.8450 -0.5333 0.0404
vn 0.9535 -0.3006 0.0194
vn 0.9535 -0.3006 0.0194
vn 0.9312 -0.3579 0.0694
vn 0.7802 -0.5970 0.1866
vn 0.8230 -0.5564 0.1143
vn 0.7808 -0.5709 0.2539
vn 0.7802 -0.5970 0.1866
vn 0.9312 -0.3579 0.0694
vn 0.9312 -0.3579 0.0694
vn 0.9257 -0.3063 0.2219
vn 0.8122 -0.3809 0.4418
vn 0.7808 -0.5709 0.2539
vn 0.7702 -0.1485 0.6202
vn 0.8122 -0.3809 0.4418
vn 0.9257 -0.3063 0.2219
vn 0.9258 -0.1071 0.3626
vn 0.7412 -0.1193 0.6606
vn 0.7702 -0.1485 0.6202
vn 0.9258 -0.1071 0.3626
vn 0.7584 -0.1026 0.6437
vn 0.7412 -0.1193 0.6606
vn 0.9258 -0.1071 0.3626
vn 0.8450 -0.5333 0.0404
vn 0.8576 -0.5137 0.0259
vn 0.9662 -0.2577 0.0042
vn 0.9471 -0.0168 0.3205
vn 0.7584 -0.1026 0.6437
vn 0.9258 -0.1071 0.3626
vn 0.9832 0.0142 0.1818
vn 0.9758 0.0046 0.2187
vn 0.9480 -0.0651 0.3117
vn 0.9944 0.0324 0.1008
vn 0.9850 -0.0066 0.1727
vn 0.9832 0.0142 0.1818
vn 0.9944 0.0324 0.1008
vn 0.9966 0.0102 0.0823
vn 0.9480 -0.0651 0.3117
vn 0.9758 0.0046 0.2187
vn 0.6736 -0.3102 0.6708
vn 0.6107 -0.4808 0.6292
vn 0.6806 -0.0926 0.7268
vn 0.6736 -0.3102 0.6708
vn 0.9758 0.0046 0.2187
vn 0.9175 0.1468 0.3696
vn 0.5726 -0.5199 0.6338
vn 0.1971 -0.6169 0.7619
vn 0.1790 -0.7361 0.6528
vn 0.6372 -0.5406 0.5493
vn 0.6372 -0.5406 0.5493
vn 0.8876 -0.4559 0.0653
vn 0.8927 -0.2943 0.3412
vn 0.5726 -0.5199 0.6338
vn 0.7078 -0.5489 0.4447
vn 0.6827 -0.7025 0.2011
vn 0.9641 -0.2574 0.0657
vn 0.9628 -0.2462 0.1117
vn 0.9628 -0.2462 0.1117
vn 0.8876 -0.4559 0.0653
vn 0.6372 -0.5406 0.5493
vn 0.7078 -0.5489 0.4447
vn 0.4229 -0.9062 0.0069
vn 0.9641 -0.2574 0.0657
vn 0.6827 -0.7025 0.2011
vn 0.1790 -0.7361 0.6528
vn 0.1971 -0.6169 0.7619
vn 0.0718 -0.6374 0.7672
vn 0.0619 -0.7707 0.6341
vn -0.0039 -0.6416 0.7670
vn -0.0256 -0.6382 0.7694
vn -0.0041 -0.7776 0.6287
vn 0.0067 -0.7787 0.6274
vn 0.6107 -0.4808 0.6292
vn 0.5726 -0.5199 0.6338
vn 0.8927 -0.2943 0.3412
vn 0.9480 -0.0651 0.3117
vn 0.1971 -0.6169 0.7619
vn 0.5726 -0.5199 0.6338
vn 0.6107 -0.4808 0.6292
vn 0.0000 0.9377 -0.3476
vn 0.0000 0.7525 -0.6586
vn 0.0000 0.7524 -0.6587
vn 0.0000 0.9361 -0.3518
vn 0.9996 0.0152 -0.0223
vn 0.9996 0.0227 -0.0185
vn 0.9995 0.0289 -0.0127
vn 0.9996 0.0152 -0.0223
vn 0.9990 -0.0380 -0.0253
vn 0.9996 0.0196 -0.0214
vn 0.9993 0.0258 -0.0265
vn 0.9990 -0.0380 -0.0253
vn 0.9996 0.0152 -0.0223
vn 0.9992 0.0211 -0.0335
vn 0.3066 0.9518 0.0088
vn 0.2416 0.9663 -0.0891
vn 0.1109 0.9886 -0.1017
vn 0.1205 0.9927 -0.0052
vn 0.3558 0.9331 0.0519
vn 0.3066 0.9518 0.0088
vn 0.1205 0.9927 -0.0052
vn 0.1995 0.9792 0.0361
vn 0.4669 0.8823 -0.0595
vn 0.3558 0.9331 0.0519
vn 0.1995 0.9792 0.0361
vn 0.1871 0.9313 -0.3125
vn 0.5235 0.8489 0.0723
vn 0.5052 0.8259 -0.2505
vn 0.3058 0.8848 -0.3517
vn 0.3551 0.9319 0.0744
vn 0.0000 1.0000 0.0000
vn 0.0000 0.9377 -0.3476
vn 0.0000 0.9361 -0.3518
vn 0.0000 1.0000 0.0000
vn 0.5685 0.7764 0.2722
vn 0.5235 0.8489 0.0723
vn 0.3551 0.9319 0.0744
vn 0.3910 0.8755 0.2839
vn 0.6073 0.5538 0.5697
vn 0.5685 0.7764 0.2722
vn 0.3910 0.8755 0.2839
vn 0.3944 0.6484 0.6512
vn 0.9930 0.1173 0.0146
vn 0.9973 0.0697 0.0248
vn 0.9953 0.0937 0.0226
vn 0.9918 0.1254 0.0240
vn 0.3058 0.8848 -0.3517
vn 0.5052 0.8259 -0.2505
vn 0.4669 0.8823 -0.0595
vn 0.1871 0.9313 -0.3125
vn 0.9973 0.0697 0.0248
vn 1.0000 -0.0002 0.0000
vn 0.9999 0.0085 0.0063
vn 0.9953 0.0937 0.0226
vn 0.6073 0.5538 0.5697
vn 0.3944 0.6484 0.6512
vn 0.3445 0.7115 0.6125
vn 0.6760 0.5389 0.5026
vn 1.0000 -0.0002 0.0000
vn 1.0000 -0.0002 0.0000
vn 1.0000 -0.0002 0.0000
vn 0.9999 0.0085 0.0063
vn 0.3445 0.7115 0.6125
vn 0.4387 0.7165 0.5424
vn 0.6760 0.5389 0.5026
vn 0.6003 0.7722 0.2081
vn 0.6760 0.5389 0.5026
vn 0.8945 0.4079 0.1831
vn 0.8890 0.4427 0.1173
vn 1.0000 0.0000 -0.0000
vn 0.8890 0.4427 0.1173
vn 0.8945 0.4079 0.1831
vn 0.4669 0.8823 -0.0595
vn 0.5821 0.7924 0.1825
vn 0.8843 0.4574 0.0938
vn 0.8725 0.4840 0.0672
vn 0.8843 0.4574 0.0938
vn 1.0000 0.0000 -0.0000
vn 1.0000 0.0000 -0.0000
vn 0.8725 0.4840 0.0672
vn 0.1352 0.9140 -0.3825
vn 0.1409 0.9134 -0.3820
vn 0.1247 0.9242 -0.3611
vn 0.1259 0.9238 -0.3616
vn -0.0215 0.9208 -0.3895
vn 0.1409 0.9134 -0.3820
vn 0.1352 0.9140 -0.3825
vn -0.0291 0.9210 -0.3885
vn 0.0000 -0.0000 -1.0000
vn 0.0000 -0.0000 -1.0000
vn 0.0000 -0.0000 -1.0000
vn 0.0000 0.8047 0.5936
vn 0.0000 0.8047 0.5936
vn 0.0000 0.8236 0.5672
vn 0.0000 0.8236 0.5672
vn 0.0000 -0.5335 -0.8458
vn 0.0000 -0.5335 -0.8458
vn 0.0000 -0.2556 -0.9668
vn 0.0000 -0.2556 -0.9668
vn 0.0000 0.9382 -0.3462
vn 0.0000 0.9382 -0.3462
vn 0.0000 0.7377 -0.6751
vn 0.0000 0.7377 -0.6751
vn 0.9993 0.0342 0.0153
vn 0.9996 0.0276 0.0100
vn 1.0000 0.0087 -0.0040
vn 0.9993 0.0338 0.0138
vn -0.9997 0.0201 0.0102
vn -0.9991 0.0362 0.0242
vn -0.9990 0.0412 0.0143
vn -0.9999 0.0082 -0.0061
vn 0.0000 0.9507 0.3101
vn 0.0000 0.9382 -0.3462
vn 0.0000 0.9382 -0.3462
vn 0.0000 0.9507 0.3101
vn 0.0000 -0.2556 -0.9668
vn 0.0000 0.0400 -0.9992
vn 0.0000 0.0400 -0.9992
vn 0.0000 -0.2556 -0.9668
vn 0.0000 0.8236 0.5672
vn 0.0000 0.8236 0.5672
vn 0.0000 0.9507 0.3101
vn 0.0000 0.9507 0.3101
vn 0.0000 -0.5465 -0.8374
vn 0.0000 -0.5465 -0.8374
vn 0.0000 -0.5335 -0.8458
vn 0.0000 -0.5335 -0.8458
vn -0.9999 0.0082 -0.0061
vn -0.9990 0.0412 0.0143
vn -0.9990 0.0453 0.0039
vn -1.0000 0.0003 0.0004
vn 1.0000 0.0087 -0.0040
vn 1.0000 0.0034 0.0010
vn 0.9990 0.0453 0.0039
vn 0.9993 0.0338 0.0138
vn 1.0000 0.0087 -0.0040
vn 0.9996 0.0276 0.0100
vn 0.9998 -0.0128 -0.0152
vn -0.9997 0.0201 0.0102
vn -0.9999 0.0082 -0.0061
vn -0.9998 -0.0103 -0.0171
vn 0.9998 -0.0128 -0.0152
vn 0.9992 -0.0210 -0.0337
vn 0.9992 -0.0124 -0.0389
vn 1.0000 0.0087 -0.0040
vn 0.9992 -0.0124 -0.0389
vn 0.9987 0.0021 -0.0514
vn 1.0000 0.0034 0.0010
vn 1.0000 0.0087 -0.0040
vn 0.0000 0.7377 -0.6751
vn 0.0000 0.7377 -0.6751
vn 0.0000 0.7349 -0.6781
vn 0.0000 0.7349 -0.6781
vn -0.9991 -0.0002 -0.0425
vn -0.9992 -0.0111 -0.0382
vn -0.9999 0.0082 -0.0061
vn -1.0000 0.0003 0.0004
vn -0.9992 -0.0111 -0.0382
vn -0.9992 -0.0210 -0.0337
vn -0.9998 -0.0103 -0.0171
vn -0.9999 0.0082 -0.0061
vn -0.9970 -0.0575 0.0509
vn -0.9972 -0.0564 0.0485
vn -0.9997 0.0201 0.0102
vn -0.9998 -0.0103 -0.0171
vn 0.9959 -0.0674 0.0596
vn 0.9957 -0.0705 0.0607
vn 0.9998 -0.0128 -0.0152
vn 0.9996 0.0276 0.0100
vn 0.9990 -0.0330 0.0301
vn 0.9990 -0.0329 0.0302
vn 0.9976 -0.0521 0.0458
vn 0.9976 -0.0525 0.0457
vn -0.9991 -0.0317 0.0282
vn -0.9991 -0.0317 0.0282
vn -0.9980 -0.0479 0.0417
vn -0.9980 -0.0480 0.0416
vn 0.9976 -0.0525 0.0457
vn 0.9976 -0.0521 0.0458
vn 0.9957 -0.0705 0.0607
vn 0.9959 -0.0674 0.0596
vn -0.9980 -0.0480 0.0416
vn -0.9980 -0.0479 0.0417
vn -0.9972 -0.0564 0.0485
vn -0.9970 -0.0575 0.0509
vn 0.2560 -0.9181 0.3026
vn -0.2565 -0.9188 0.3000
vn -0.2721 -0.7152 0.6438
vn 0.2706 -0.7187 0.6405
vn 0.1996 -0.9235 -0.3275
vn -0.2059 -0.9233 -0.3242
vn -0.2565 -0.9188 0.3000
vn 0.2560 -0.9181 0.3026
vn -0.2543 -0.4092 0.8763
vn 0.2663 -0.4179 0.8686
vn 0.2825 -0.6975 0.6586
vn -0.2810 -0.6979 0.6588
vn -0.2020 0.1811 0.9625
vn 0.2201 0.1745 0.9597
vn 0.2663 -0.4179 0.8686
vn -0.2543 -0.4092 0.8763
vn -0.1748 0.5539 0.8140
vn 0.1860 0.5581 0.8086
vn 0.2201 0.1745 0.9597
vn -0.2020 0.1811 0.9625
vn 0.1671 -0.7307 -0.6620
vn -0.1690 -0.7222 -0.6707
vn -0.2059 -0.9233 -0.3242
vn 0.1996 -0.9235 -0.3275
vn -0.1690 -0.7222 -0.6707
vn 0.1671 -0.7307 -0.6620
vn 0.1837 -0.6532 -0.7346
vn -0.1809 -0.6572 -0.7317
vn 0.1860 0.5581 0.8086
vn -0.1748 0.5539 0.8140
vn -0.1838 0.6377 0.7480
vn 0.1721 0.6389 0.7498
vn 0.2663 -0.4179 0.8686
vn 0.4773 -0.4136 0.7753
vn 0.5559 -0.5994 0.5760
vn 0.2825 -0.6975 0.6586
vn -0.5531 -0.6009 0.5771
vn -0.4803 -0.4033 0.7789
vn -0.2543 -0.4092 0.8763
vn -0.2810 -0.6979 0.6588
vn -0.5366 -0.6309 0.5603
vn -0.2721 -0.7152 0.6438
vn -0.2565 -0.9188 0.3000
vn -0.4747 -0.8168 0.3278
vn 0.2706 -0.7187 0.6405
vn 0.5455 -0.6332 0.5491
vn 0.4838 -0.8093 0.3330
vn 0.2560 -0.9181 0.3026
vn -0.4056 0.1924 0.8936
vn -0.2020 0.1811 0.9625
vn -0.2543 -0.4092 0.8763
vn -0.4803 -0.4033 0.7789
vn -0.2059 -0.9233 -0.3242
vn -0.3747 -0.8741 -0.3092
vn -0.4747 -0.8168 0.3278
vn -0.2565 -0.9188 0.3000
vn 0.2201 0.1745 0.9597
vn 0.3877 0.1832 0.9034
vn 0.4773 -0.4136 0.7753
vn 0.2663 -0.4179 0.8686
vn 0.3933 -0.8673 -0.3052
vn 0.1996 -0.9235 -0.3275
vn 0.2560 -0.9181 0.3026
vn 0.4838 -0.8093 0.3330
vn 0.3608 -0.6235 -0.6936
vn 0.1837 -0.6532 -0.7346
vn 0.1671 -0.7307 -0.6620
vn 0.3367 -0.6973 -0.6328
vn -0.1809 -0.6572 -0.7317
vn -0.3693 -0.6291 -0.6840
vn -0.3233 -0.6850 -0.6529
vn -0.1690 -0.7222 -0.6707
vn -0.3577 0.6034 0.7127
vn -0.1838 0.6377 0.7480
vn -0.1748 0.5539 0.8140
vn -0.3577 0.5353 0.7652
vn 0.3487 0.6056 0.7153
vn 0.3502 0.5491 0.7589
vn 0.1860 0.5581 0.8086
vn 0.1721 0.6389 0.7498
vn 0.3367 -0.6973 -0.6328
vn 0.1671 -0.7307 -0.6620
vn 0.1996 -0.9235 -0.3275
vn 0.3933 -0.8673 -0.3052
vn -0.1690 -0.7222 -0.6707
vn -0.3233 -0.6850 -0.6529
vn -0.3747 -0.8741 -0.3092
vn -0.2059 -0.9233 -0.3242
vn -0.3577 0.5353 0.7652
vn -0.1748 0.5539 0.8140
vn -0.2020 0.1811 0.9625
vn -0.4056 0.1924 0.8936
vn 0.1860 0.5581 0.8086
vn 0.3502 0.5491 0.7589
vn 0.3877 0.1832 0.9034
vn 0.2201 0.1745 0.9597
vn 0.8450 -0.5333 0.0404
vn 0.6425 -0.7653 0.0401
vn 0.5954 -0.8028 0.0323
vn 0.8576 -0.5137 0.0259
vn 0.8761 -0.4815 0.0229
vn 0.8576 -0.5137 0.0259
vn 0.5954 -0.8028 0.0323
vn 0.5950 -0.8031 0.0315
vn 0.5950 -0.8031 0.0315
vn 0.6469 -0.7617 0.0364
vn 0.8910 -0.4535 0.0200
vn 0.8761 -0.4815 0.0229
vn 0.1156 -0.9933 0.0000
vn 0.2276 -0.9738 -0.0008
vn 0.2215 -0.9751 0.0076
vn -0.0041 -1.0000 -0.0075
vn -0.0026 -1.0000 -0.0050
vn -0.0059 -1.0000 -0.0037
vn -0.0001 1.0000 -0.0052
vn -0.0001 1.0000 -0.0047
vn -0.0001 1.0000 -0.0048
vn -0.0002 1.0000 -0.0052
vn 0.9784 -0.0585 -0.1985
vn 0.9763 -0.0592 -0.2082
vn 0.9765 -0.0590 -0.2071
vn 0.9396 -0.2823 -0.1934
vn 0.9511 -0.2150 -0.2216
vn 0.9784 -0.0585 -0.1985
vn 0.9396 -0.2823 -0.1934
vn 0.9396 -0.2823 -0.1934
vn 0.8954 -0.4437 -0.0367
vn 0.8907 -0.4422 -0.1051
vn 0.9511 -0.2150 -0.2216
vn 0.8861 -0.4628 0.0246
vn 0.8907 -0.4422 -0.1051
vn 0.8954 -0.4437 -0.0367
vn 0.8954 -0.4437 -0.0367
vn 0.6596 -0.7510 0.0292
vn 0.7239 -0.6898 0.0104
vn 0.8861 -0.4628 0.0246
vn 0.3135 -0.9481 0.0535
vn 0.2661 -0.9613 0.0719
vn 0.1504 -0.9885 0.0156
vn 0.0041 -0.3088 -0.9511
vn 0.0025 -0.3016 -0.9534
vn 0.0094 -0.3036 -0.9527
vn 0.0027 -0.3090 -0.9511
vn -0.0219 0.2711 0.9623
vn -0.0294 0.2938 0.9554
vn -0.0316 0.2922 0.9558
vn -0.0252 0.2702 0.9625
vn -0.0110 -0.3071 -0.9516
vn 0.0041 -0.3088 -0.9511
vn 0.0027 -0.3090 -0.9511
vn -0.0122 -0.3063 -0.9519
vn -0.0294 0.2938 0.9554
vn 0.0028 0.3211 0.9470
vn 0.0011 0.3211 0.9471
vn -0.0316 0.2922 0.9558
vn 0.0028 0.3211 0.9470
vn -0.0088 0.3077 0.9514
vn -0.0111 0.3117 0.9501
vn 0.0011 0.3211 0.9471
vn -0.0088 0.3077 0.9514
vn 0.0094 0.3050 0.9523
vn 0.0073 0.3045 0.9525
vn -0.0111 0.3117 0.9501
vn -0.0112 -0.2872 -0.9578
vn -0.0110 -0.3071 -0.9516
vn -0.0122 -0.3063 -0.9519
vn -0.0099 -0.2842 -0.9587
vn 0.0094 0.3050 0.9523
vn -0.0088 0.2930 0.9561
vn -0.0098 0.2924 0.9563
vn 0.0073 0.3045 0.9525
vn -0.0088 0.2930 0.9561
vn 0.0005 0.2686 0.9632
vn -0.0024 0.2692 0.9631
vn -0.0098 0.2924 0.9563
vn -0.0060 -0.2740 -0.9617
vn -0.0112 -0.2872 -0.9578
vn -0.0099 -0.2842 -0.9587
vn -0.0050 -0.2694 -0.9630
vn 0.0005 0.2686 0.9632
vn -0.0062 0.2570 0.9664
vn -0.0077 0.1970 0.9804
vn -0.0024 0.2692 0.9631
vn -0.0002 -0.2559 -0.9667
vn -0.0008 -0.2327 -0.9726
vn -0.0050 -0.2694 -0.9630
vn -0.0003 -0.2600 -0.9656
vn 0.9993 0.0258 -0.0265
vn 0.9992 0.0211 -0.0335
vn 0.9984 0.0527 -0.0207
vn -0.0062 0.2570 0.9664
vn 0.0064 0.2186 0.9758
vn -0.0012 0.1281 0.9918
vn -0.0077 0.1970 0.9804
vn 0.1399 -0.9902 -0.0019
vn 0.3135 -0.9481 0.0535
vn 0.1504 -0.9885 0.0156
vn 0.9999 -0.0126 -0.0035
vn 1.0000 0.0016 0.0069
vn 0.9999 -0.0114 -0.0027
vn 0.9996 -0.0260 -0.0134
vn 0.6596 -0.7510 0.0292
vn 0.2661 -0.9613 0.0719
vn 0.3135 -0.9481 0.0535
vn 0.7239 -0.6898 0.0104
vn -0.0050 -0.2694 -0.9630
vn -0.0008 -0.2327 -0.9726
vn -0.0060 -0.2740 -0.9617
vn 0.2722 0.8458 -0.4588
vn 0.0000 0.8852 -0.4652
vn 0.0000 0.9955 -0.0945
vn 0.2799 0.9560 -0.0879
vn 0.0025 -0.3016 -0.9534
vn -0.0441 -0.3008 -0.9527
vn -0.0369 -0.3018 -0.9527
vn 0.0094 -0.3036 -0.9527
vn 0.9947 -0.0172 -0.1017
vn 0.9995 -0.0299 0.0119
vn 0.9925 -0.0187 -0.1209
vn 0.9994 -0.0002 -0.0353
vn 0.9995 -0.0299 0.0119
vn 0.9994 -0.0220 -0.0275
vn 0.9947 -0.0172 -0.1017
vn 0.9994 -0.0220 -0.0275
vn 0.9995 -0.0299 0.0119
vn 0.9996 0.0152 -0.0223
vn 0.9996 0.0196 -0.0214
vn 0.9996 0.0227 -0.0185
vn 0.1935 0.9747 -0.1119
vn 0.1109 0.9886 -0.1017
vn 0.2416 0.9663 -0.0891
vn 0.1048 0.9493 -0.2963
vn 0.1247 0.9242 -0.3611
vn 0.1935 0.9747 -0.1119
vn 0.1048 0.9493 -0.2963
vn 0.1259 0.9238 -0.3616
vn -0.9600 -0.0007 -0.2799
vn -0.8157 -0.0014 -0.5785
vn -0.9752 0.0222 -0.2201
vn -1.0000 0.0004 0.0040
vn -1.0000 0.0000 -0.0000
vn -1.0000 -0.0002 0.0005
vn -1.0000 -0.0004 0.0015
vn -1.0000 0.0000 -0.0000
vn -1.0000 0.0000 -0.0000
vn -1.0000 0.0000 -0.0000
vn -1.0000 -0.0002 0.0005
vn -1.0000 0.0004 0.0040
vn -1.0000 -0.0004 0.0015
vn -1.0000 0.0004 0.0004
vn -0.9956 -0.0933 -0.0019
vn -0.9956 -0.0932 -0.0020
vn -0.9958 -0.0912 -0.0019
vn -0.9958 -0.0914 -0.0018
vn 0.0008 1.0000 0.0021
vn 0.0041 1.0000 0.0025
vn 0.0015 1.0000 0.0035
vn 0.0006 -0.0072 1.0000
vn -0.0079 -0.0049 1.0000
vn -0.0053 -0.0085 0.9999
vn -0.0037 -0.0038 1.0000
vn 0.1749 0.4294 0.8860
vn 0.0946 0.4865 0.8686
vn 0.0842 0.1194 0.9893
vn 0.1959 0.1031 0.9752
vn -0.0012 0.2145 0.9767
vn -0.0000 0.2139 0.9769
vn -0.0053 -0.0085 0.9999
vn -0.0079 -0.0049 1.0000
vn 1.0000 -0.0025 0.0010
vn 1.0000 -0.0007 0.0010
vn 1.0000 -0.0010 0.0002
vn 1.0000 -0.0009 0.0001
vn 1.0000 -0.0025 0.0010
vn 1.0000 -0.0010 0.0002
vn 1.0000 -0.0006 -0.0002
vn 1.0000 -0.0009 0.0001
vn 1.0000 -0.0010 0.0002
vn 0.0041 1.0000 0.0025
vn 0.0037 1.0000 0.0051
vn 0.0015 1.0000 0.0035
vn -1.0000 -0.0036 0.0005
vn -1.0000 -0.0023 0.0003
vn -1.0000 -0.0007 -0.0001
vn 1.0000 -0.0007 0.0010
vn 1.0000 0.0017 0.0007
vn 1.0000 -0.0010 0.0002
vn -1.0000 -0.0003 -0.0001
vn -1.0000 -0.0003 -0.0001
vn -1.0000 -0.0007 -0.0001
vn 0.0001 0.2003 0.9797
vn 0.0000 0.2005 0.9797
vn 0.0001 0.2004 0.9797
vn 0.0002 0.2002 0.9797
vn -1.0000 -0.0003 -0.0001
vn -1.0000 -0.0003 -0.0001
vn -1.0000 -0.0007 -0.0001
vn -1.0000 -0.0023 0.0003
vn -1.0000 -0.0003 -0.0001
vn -1.0000 -0.0007 -0.0001
vn 0.0842 0.1194 0.9893
vn 0.0006 -0.0072 1.0000
vn -0.0037 -0.0038 1.0000
vn 0.0723 0.0072 0.9974
vn 0.0803 -0.0072 0.9967
vn 0.0723 0.0072 0.9974
vn -0.0037 -0.0038 1.0000
vn -0.0111 -0.0029 0.9999
vn 0.0857 -0.1366 0.9869
vn 0.0803 -0.0072 0.9967
vn -0.0111 -0.0029 0.9999
vn -0.0091 -0.1373 0.9905
vn 0.0886 -0.4441 0.8916
vn 0.0857 -0.1366 0.9869
vn -0.0091 -0.1373 0.9905
vn -0.0049 -0.4552 0.8904
vn 0.0718 -0.6374 0.7672
vn 0.0886 -0.4441 0.8916
vn -0.0049 -0.4552 0.8904
vn -0.0039 -0.6416 0.7670
vn 0.0619 -0.7707 0.6341
vn 0.0718 -0.6374 0.7672
vn -0.0039 -0.6416 0.7670
vn 0.0067 -0.7787 0.6274
vn 0.9999 0.0123 -0.0018
vn 0.9996 0.0274 -0.0106
vn 0.9246 0.1055 0.3659
vn 0.8891 -0.0105 0.4575
vn -0.9433 -0.1015 -0.3161
vn -0.9289 -0.0276 -0.3694
vn -0.9996 0.0271 -0.0124
vn -0.9998 0.0159 -0.0100
vn -0.9201 -0.0333 -0.3903
vn -0.8939 -0.2061 -0.3981
vn -0.9999 0.0131 -0.0031
vn -0.9996 0.0268 -0.0112
vn -0.3661 -0.6559 0.6601
vn 0.3715 -0.6615 0.6514
vn 0.3470 -0.0575 0.9361
vn -0.3468 -0.0659 0.9356
vn 0.8999 -0.3022 0.3144
vn 0.8814 -0.4682 0.0620
vn 0.9999 0.0123 -0.0018
vn 0.8891 -0.0105 0.4575
vn 0.3679 -0.8136 -0.4501
vn -0.3624 -0.8212 -0.4408
vn -0.3555 -0.4200 -0.8350
vn 0.3572 -0.4306 -0.8289
vn -0.9035 -0.3901 -0.1772
vn -0.8852 -0.4640 0.0352
vn -0.9999 0.0131 -0.0031
vn -0.8939 -0.2061 -0.3981
vn -0.9010 -0.2815 0.3300
vn -0.3661 -0.6559 0.6601
vn -0.3468 -0.0659 0.9356
vn -0.8898 -0.0252 0.4556
vn 0.3715 -0.6615 0.6514
vn 0.8999 -0.3022 0.3144
vn 0.8891 -0.0105 0.4575
vn 0.3470 -0.0575 0.9361
vn 0.9030 -0.3817 -0.1972
vn 0.3679 -0.8136 -0.4501
vn 0.3572 -0.4306 -0.8289
vn 0.8878 -0.2350 -0.3957
vn -0.3624 -0.8212 -0.4408
vn -0.9035 -0.3901 -0.1772
vn -0.8939 -0.2061 -0.3981
vn -0.3555 -0.4200 -0.8350
vn 0.8814 -0.4682 0.0620
vn 0.9030 -0.3817 -0.1972
vn 0.8878 -0.2350 -0.3957
vn 0.9999 0.0123 -0.0018
vn -0.8852 -0.4640 0.0352
vn -0.9010 -0.2815 0.3300
vn -0.8898 -0.0252 0.4556
vn -0.9999 0.0131 -0.0031
vn 0.0842 0.1194 0.9893
vn 0.0723 0.0072 0.9974
vn 0.2023 -0.0081 0.9793
vn 0.1959 0.1031 0.9752
vn 0.0067 -0.7787 0.6274
vn 0.0069 -0.9686 0.2484
vn 0.0346 -0.9631 0.2669
vn 0.0619 -0.7707 0.6341
vn 0.0044 -1.0000 0.0007
vn 0.0346 -0.9631 0.2669
vn 0.0069 -0.9686 0.2484
vn 0.1415 -0.9899 0.0049
vn 0.0346 -0.9631 0.2669
vn 0.0044 -1.0000 0.0007
vn -0.3385 -0.9387 0.0649
vn 0.3429 -0.9361 0.0786
vn 0.3715 -0.6615 0.6514
vn -0.3661 -0.6559 0.6601
vn 0.3429 -0.9361 0.0786
vn -0.3385 -0.9387 0.0649
vn -0.3624 -0.8212 -0.4408
vn 0.3679 -0.8136 -0.4501
vn -0.8852 -0.4640 0.0352
vn -0.3385 -0.9387 0.0649
vn -0.3661 -0.6559 0.6601
vn -0.9010 -0.2815 0.3300
vn 0.3429 -0.9361 0.0786
vn 0.8814 -0.4682 0.0620
vn 0.8999 -0.3022 0.3144
vn 0.3715 -0.6615 0.6514
vn 0.8814 -0.4682 0.0620
vn 0.3429 -0.9361 0.0786
vn 0.3679 -0.8136 -0.4501
vn 0.9030 -0.3817 -0.1972
vn -0.3385 -0.9387 0.0649
vn -0.8852 -0.4640 0.0352
vn -0.9035 -0.3901 -0.1772
vn -0.3624 -0.8212 -0.4408
vn 0.0000 0.5803 0.8144
vn -0.0000 0.4473 0.8944
vn -0.0000 0.2139 0.9769
vn -0.0012 0.2145 0.9767
vn 0.0000 0.5803 0.8144
vn -0.0012 0.2145 0.9767
vn 0.0000 0.7075 0.7067
vn 0.0010 0.9998 0.0222
vn 0.0005 0.9987 0.0502
vn 0.0498 0.9966 0.0653
vn 0.0010 0.9998 0.0222
vn 0.0020 0.9760 -0.2179
vn 0.0005 0.9987 0.0502
vn 0.2230 0.6434 0.7324
vn 0.1704 0.9259 0.3370
vn 0.3454 0.8855 0.3108
vn 0.4045 0.6132 0.6784
vn 0.0003 0.6474 0.7622
vn 0.0000 0.9384 0.3456
vn 0.1704 0.9259 0.3370
vn 0.2230 0.6434 0.7324
vn -0.1689 0.9268 0.3354
vn -0.2095 0.6394 0.7397
vn -0.3770 0.6113 0.6958
vn -0.3275 0.8766 0.3525
vn 0.0000 0.9384 0.3456
vn 0.0003 0.6474 0.7622
vn -0.2095 0.6394 0.7397
vn -0.1689 0.9268 0.3354
vn 0.4508 0.4701 0.7588
vn 0.2363 0.4852 0.8419
vn 0.2230 0.6434 0.7324
vn 0.4045 0.6132 0.6784
vn 0.1935 0.9747 -0.1119
vn 0.3454 0.8855 0.3108
vn 0.1704 0.9259 0.3370
vn 0.0935 0.9790 0.1813
vn -0.0003 0.2968 0.9549
vn 0.0003 0.6474 0.7622
vn 0.2230 0.6434 0.7324
vn 0.2363 0.4852 0.8419
vn 0.0935 0.9790 0.1813
vn 0.1704 0.9259 0.3370
vn 0.0000 0.9384 0.3456
vn -0.0002 0.9829 0.1842
vn -0.4206 0.4686 0.7769
vn -0.3770 0.6113 0.6958
vn -0.2095 0.6394 0.7397
vn -0.2164 0.4900 0.8444
vn -0.2164 0.4900 0.8444
vn -0.2095 0.6394 0.7397
vn 0.0003 0.6474 0.7622
vn 0.0010 0.2992 0.9542
vn 0.0003 0.6474 0.7622
vn -0.0003 0.2968 0.9549
vn 0.0010 0.2992 0.9542
vn -0.0002 0.9829 0.1842
vn 0.0000 0.9384 0.3456
vn -0.1689 0.9268 0.3354
vn -0.0785 0.9801 0.1825
vn 0.9994 -0.0002 -0.0353
vn 0.9999 -0.0034 -0.0143
vn 0.9996 0.0187 -0.0209
vn 0.9995 0.0227 -0.0202
vn -1.0000 0.0024 -0.0062
vn -0.9790 0.0031 0.2039
vn -0.9999 -0.0002 -0.0152
vn -0.9997 0.0034 -0.0242
vn -0.1646 0.4311 -0.8872
vn 0.0385 0.3187 -0.9471
vn 0.0644 0.1786 -0.9818
vn -0.0569 0.1864 -0.9808
vn 0.1959 0.1031 0.9752
vn 0.2023 -0.0081 0.9793
vn 0.5599 -0.0088 0.8285
vn 0.5601 0.0744 0.8251
vn 0.9492 -0.0034 0.3148
vn 0.5601 0.0744 0.8251
vn 0.5599 -0.0088 0.8285
vn 0.0238 0.9861 -0.1645
vn 0.1871 0.9313 -0.3125
vn 0.0092 0.9996 -0.0279
vn 0.0092 0.9996 -0.0279
vn 0.0000 0.9997 -0.0251
vn 0.0010 0.9998 0.0222
vn 0.0238 0.9861 -0.1645
vn 0.0000 0.9981 -0.0609
vn -0.0058 0.9981 -0.0609
vn -0.0000 0.9987 -0.0516
vn 0.0000 0.9987 -0.0514
vn -0.9355 0.2505 0.2494
vn -0.8572 0.5046 0.1033
vn -0.8630 0.5044 0.0296
vn -0.9612 0.2547 0.1061
vn -0.7439 0.6536 -0.1395
vn -0.9021 0.4252 -0.0731
vn -0.9612 0.2547 0.1061
vn -0.8630 0.5044 0.0296
vn -0.6713 0.7149 -0.1958
vn -0.8458 0.5186 -0.1254
vn -0.9021 0.4252 -0.0731
vn -0.7439 0.6536 -0.1395
vn -0.8458 0.5186 -0.1254
vn -0.6713 0.7149 -0.1958
vn -0.6695 0.6850 -0.2873
vn -0.8319 0.5174 -0.2008
vn -0.7501 0.4676 -0.4677
vn -0.8639 0.3643 -0.3477
vn -0.8319 0.5174 -0.2008
vn -0.6695 0.6850 -0.2873
vn -0.7908 0.0948 -0.6047
vn -0.8919 0.0746 -0.4461
vn -0.8639 0.3643 -0.3477
vn -0.7501 0.4676 -0.4677
vn -0.8065 -0.1062 -0.5816
vn -0.9138 -0.0736 -0.3995
vn -0.8919 0.0746 -0.4461
vn -0.7908 0.0948 -0.6047
vn -0.8321 -0.2012 -0.5168
vn -0.9233 -0.1401 -0.3576
vn -0.9138 -0.0736 -0.3995
vn -0.8065 -0.1062 -0.5816
vn -0.8414 -0.2354 -0.4864
vn -0.9357 -0.1679 -0.3104
vn -0.9233 -0.1401 -0.3576
vn -0.8321 -0.2012 -0.5168
vn -0.7439 0.6536 -0.1395
vn -0.8630 0.5044 0.0296
vn -0.9791 0.1987 -0.0427
vn -0.9182 0.3633 -0.1575
vn -0.6695 0.6850 -0.2873
vn -0.6713 0.7149 -0.1958
vn -0.8965 0.4024 -0.1854
vn -0.9012 0.3550 -0.2486
vn -0.6713 0.7149 -0.1958
vn -0.7439 0.6536 -0.1395
vn -0.9182 0.3633 -0.1575
vn -0.8965 0.4024 -0.1854
vn -0.7908 0.0948 -0.6047
vn -0.7501 0.4676 -0.4677
vn -0.9503 0.1415 -0.2772
vn -0.9449 0.0355 -0.3255
vn -0.7501 0.4676 -0.4677
vn -0.6695 0.6850 -0.2873
vn -0.9012 0.3550 -0.2486
vn -0.9503 0.1415 -0.2772
vn -0.8065 -0.1062 -0.5816
vn -0.7908 0.0948 -0.6047
vn -0.9449 0.0355 -0.3255
vn -0.9396 -0.0512 -0.3385
vn -0.8321 -0.2012 -0.5168
vn -0.8065 -0.1062 -0.5816
vn -0.9396 -0.0512 -0.3385
vn -0.9396 -0.1160 -0.3220
vn -1.0000 -0.0089 0.0026
vn -0.9998 -0.0119 0.0162
vn -0.9967 0.0800 -0.0107
vn -0.9876 0.1533 -0.0324
vn -0.9876 0.1533 -0.0324
vn -0.9798 0.1876 -0.0695
vn -1.0000 -0.0076 0.0043
vn -1.0000 -0.0089 0.0026
vn -0.9998 0.0034 0.0192
vn -0.9999 -0.0020 0.0157
vn -0.9950 -0.0174 -0.0986
vn -0.9954 -0.0370 -0.0885
vn -0.9954 -0.0370 -0.0885
vn -0.9971 -0.0512 -0.0570
vn -0.9999 -0.0085 0.0123
vn -0.9998 0.0034 0.0192
vn -0.9835 0.1346 -0.1212
vn -0.9912 0.0109 -0.1317
vn -1.0000 -0.0076 0.0043
vn -0.9798 0.1876 -0.0695
vn -0.9912 0.0109 -0.1317
vn -0.9950 -0.0174 -0.0986
vn -0.9999 -0.0020 0.0157
vn -1.0000 -0.0076 0.0043
vn -0.9873 0.1547 0.0357
vn -0.9791 0.1987 -0.0427
vn -0.8630 0.5044 0.0296
vn -0.8572 0.5046 0.1033
vn -0.9996 -0.0016 0.0282
vn -0.9967 0.0800 -0.0107
vn -0.9998 -0.0119 0.0162
vn -0.9971 -0.0574 0.0501
vn -0.8414 -0.2354 -0.4864
vn -0.8321 -0.2012 -0.5168
vn -0.9396 -0.1160 -0.3220
vn -0.8413 -0.2017 -0.5016
vn -0.0017 -0.9666 0.2563
vn -0.1581 -0.9506 0.2672
vn -0.0902 -0.8881 0.4507
vn -0.0455 -0.9435 0.3283
vn -0.9357 -0.1679 -0.3104
vn -0.9971 -0.0512 -0.0570
vn -0.9954 -0.0370 -0.0885
vn -0.9233 -0.1401 -0.3576
vn -0.9233 -0.1401 -0.3576
vn -0.9954 -0.0370 -0.0885
vn -0.9950 -0.0174 -0.0986
vn -0.9138 -0.0736 -0.3995
vn -0.9138 -0.0736 -0.3995
vn -0.9950 -0.0174 -0.0986
vn -0.9912 0.0109 -0.1317
vn -0.8919 0.0746 -0.4461
vn -0.8919 0.0746 -0.4461
vn -0.9912 0.0109 -0.1317
vn -0.9835 0.1346 -0.1212
vn -0.8639 0.3643 -0.3477
vn -0.8639 0.3643 -0.3477
vn -0.9835 0.1346 -0.1212
vn -0.9798 0.1876 -0.0695
vn -0.8319 0.5174 -0.2008
vn -0.9798 0.1876 -0.0695
vn -0.9876 0.1533 -0.0324
vn -0.8458 0.5186 -0.1254
vn -0.8319 0.5174 -0.2008
vn -0.8458 0.5186 -0.1254
vn -0.9876 0.1533 -0.0324
vn -0.9967 0.0800 -0.0107
vn -0.9021 0.4252 -0.0731
vn -0.9021 0.4252 -0.0731
vn -0.9967 0.0800 -0.0107
vn -0.9996 -0.0016 0.0282
vn -0.9612 0.2547 0.1061
vn -0.9355 0.2505 0.2494
vn -0.9612 0.2547 0.1061
vn -0.9996 -0.0016 0.0282
vn 0.0000 0.9987 -0.0514
vn -0.0000 0.9987 -0.0516
vn 0.0000 0.9997 -0.0251
vn 0.0092 0.9996 -0.0279
vn -1.0000 0.0000 -0.0000
vn -1.0000 0.0000 -0.0000
vn -1.0000 0.0000 -0.0000
vn -1.0000 0.0000 -0.0000
vn -1.0000 0.0000 -0.0000
vn -1.0000 0.0000 -0.0000
vn -1.0000 0.0000 -0.0000
vn -1.0000 0.0026 -0.0024
vn -0.9990 0.0397 -0.0210
vn -1.0000 0.0000 -0.0000
vn -0.9752 0.0222 -0.2201
vn -1.0000 0.0026 -0.0024
vn -0.9600 -0.0007 -0.2799
vn -0.0001 0.0310 0.9995
vn -0.0022 0.1292 0.9916
vn -0.0016 0.0901 0.9959
vn -0.0001 0.0295 0.9996
vn -0.9990 0.0397 -0.0210
vn -1.0000 0.0026 -0.0024
vn -0.9752 0.0222 -0.2201
vn 0.0547 -0.0525 0.9971
vn -0.3204 -0.6625 0.6771
vn -0.4923 -0.5246 0.6946
vn 0.0803 -0.0782 0.9937
vn -0.3204 -0.6625 0.6771
vn -0.4971 -0.8659 -0.0560
vn -0.7647 -0.6437 -0.0287
vn -0.4923 -0.5246 0.6946
vn -0.4971 -0.8659 -0.0560
vn -0.3641 -0.5822 -0.7269
vn -0.5769 -0.4074 -0.7080
vn -0.7647 -0.6437 -0.0287
vn -0.3641 -0.5822 -0.7269
vn 0.0007 0.0913 -0.9958
vn -0.0264 0.0792 -0.9965
vn -0.5769 -0.4074 -0.7080
vn 0.0007 0.0913 -0.9958
vn 0.3702 0.6947 -0.6167
vn 0.5500 0.5516 -0.6271
vn -0.0264 0.0792 -0.9965
vn 0.3702 0.6947 -0.6167
vn 0.5072 0.8582 0.0797
vn 0.7622 0.6463 0.0360
vn 0.5500 0.5516 -0.6271
vn 0.5072 0.8582 0.0797
vn 0.3862 0.5697 0.7255
vn 0.5979 0.4199 0.6828
vn 0.7622 0.6463 0.0360
vn 0.3862 0.5697 0.7255
vn 0.0547 -0.0525 0.9971
vn 0.0803 -0.0782 0.9937
vn 0.5979 0.4199 0.6828
vn 0.9996 0.0274 -0.0106
vn 0.9996 0.0245 -0.0118
vn 0.9257 0.1350 0.3534
vn 0.9246 0.1055 0.3659
vn 0.9996 0.0274 -0.0106
vn 0.9204 -0.0275 -0.3901
vn 0.9286 -0.0286 -0.3700
vn 0.9996 0.0245 -0.0118
vn 0.9204 -0.0275 -0.3901
vn 0.3789 -0.1424 -0.9144
vn 0.3939 -0.1179 -0.9115
vn 0.9286 -0.0286 -0.3700
vn 0.3789 -0.1424 -0.9144
vn -0.3827 -0.1459 -0.9123
vn -0.3944 -0.1179 -0.9113
vn 0.3939 -0.1179 -0.9115
vn -0.3827 -0.1459 -0.9123
vn -0.9201 -0.0333 -0.3903
vn -0.9289 -0.0276 -0.3694
vn -0.3944 -0.1179 -0.9113
vn -0.9289 -0.0276 -0.3694
vn -0.9201 -0.0333 -0.3903
vn -0.9996 0.0268 -0.0112
vn -0.9996 0.0271 -0.0124
vn -0.9996 0.0271 -0.0124
vn -0.9996 0.0268 -0.0112
vn -0.9263 0.1106 0.3603
vn -0.9267 0.1353 0.3505
vn -0.9263 0.1106 0.3603
vn -0.3849 0.2173 0.8970
vn -0.3901 0.2854 0.8755
vn -0.9267 0.1353 0.3505
vn -0.3849 0.2173 0.8970
vn 0.3886 0.2120 0.8967
vn 0.3904 0.2853 0.8753
vn -0.3901 0.2854 0.8755
vn 0.3886 0.2120 0.8967
vn 0.9246 0.1055 0.3659
vn 0.9257 0.1350 0.3534
vn 0.3904 0.2853 0.8753
vn 0.0020 0.9760 -0.2179
vn 0.0000 0.9704 0.2415
vn 0.0000 0.9705 0.2412
vn 0.0005 0.9987 0.0502
vn 0.0000 0.9704 0.2415
vn 0.0000 0.5803 0.8144
vn 0.0000 0.7075 0.7067
vn 0.0000 0.9705 0.2412
vn 0.0010 0.9352 0.3541
vn 0.0000 0.9334 0.3589
vn 0.0085 0.9448 -0.3276
vn 0.0088 0.9418 -0.3361
vn 0.0000 0.6204 0.7843
vn 0.0000 0.9334 0.3589
vn 0.0010 0.9352 0.3541
vn 0.0000 0.6187 0.7856
vn -1.0000 0.0044 -0.0044
vn -0.9996 0.0276 0.0084
vn -1.0000 0.0078 -0.0005
vn -0.9997 0.0160 0.0158
vn -0.9999 0.0130 0.0104
vn -0.9996 0.0276 0.0084
vn -0.9996 0.0276 0.0084
vn -0.9999 0.0130 0.0104
vn -1.0000 0.0078 -0.0005
vn 1.0000 -0.0001 0.0000
vn 1.0000 -0.0040 -0.0027
vn 0.9998 -0.0168 -0.0076
vn 1.0000 -0.0040 -0.0027
vn 0.9998 -0.0154 -0.0158
vn 0.9998 -0.0168 -0.0076
vn 0.9998 -0.0168 -0.0076
vn 0.9998 -0.0154 -0.0158
vn 0.9992 -0.0272 -0.0281
vn 0.0138 0.6076 -0.7941
vn 0.0162 0.6096 -0.7926
vn 0.0020 0.9760 -0.2179
vn 0.0011 0.9809 -0.1944
vn -0.9998 0.0176 0.0097
vn -0.9997 0.0160 0.0158
vn -0.9996 0.0276 0.0084
vn -0.9996 0.0199 0.0210
vn 0.9992 -0.0272 -0.0281
vn 0.9989 -0.0363 -0.0292
vn 0.9997 -0.0231 -0.0094
vn 0.9998 -0.0168 -0.0076
vn 0.0085 0.9448 -0.3276
vn 0.0162 0.6096 -0.7926
vn 0.0138 0.6076 -0.7941
vn 0.0088 0.9418 -0.3361
vn 0.0000 0.5803 0.8144
vn 0.0000 0.6204 0.7843
vn 0.0000 0.6187 0.7856
vn -0.0000 0.4473 0.8944
vn -0.3275 0.8766 0.3525
vn -0.0785 0.9801 0.1825
vn -0.1689 0.9268 0.3354
vn 0.0000 -1.0000 -0.0000
vn 0.0000 -1.0000 -0.0000
vn 0.0000 -1.0000 -0.0000
vn 0.0000 -1.0000 -0.0000
vn -1.0000 -0.0000 0.0000
vn -1.0000 -0.0000 -0.0000
vn -0.8149 -0.3449 0.4659
vn -0.9987 0.0280 -0.0427
vn -1.0000 -0.0040 0.0003
vn -0.9993 0.0096 -0.0364
vn -0.9993 0.0096 -0.0364
vn -1.0000 -0.0040 0.0003
vn -1.0000 0.0021 -0.0037
vn -1.0000 -0.0040 0.0003
vn -1.0000 0.0024 -0.0062
vn -1.0000 0.0021 -0.0037
vn -0.9987 0.0280 -0.0427
vn -0.9993 0.0096 -0.0364
vn -0.9983 0.0260 -0.0513
vn -0.9983 0.0260 -0.0513
vn -0.9599 0.1979 -0.1985
vn -0.9175 0.2734 -0.2889
vn -0.9987 0.0280 -0.0427
vn -0.9175 0.2734 -0.2889
vn -0.9599 0.1979 -0.1985
vn -0.9107 0.2836 -0.3003
vn -0.0041 -1.0000 -0.0075
vn -0.0059 -1.0000 -0.0037
vn -0.2425 -0.9701 -0.0054
vn -0.2323 -0.9726 -0.0052
vn -0.0000 -0.1414 -0.9900
vn -0.0003 -0.1413 -0.9900
vn -0.0028 -0.1415 -0.9899
vn 0.0000 -0.1414 -0.9900
vn -1.0000 0.0004 0.0040
vn -1.0000 0.0004 0.0004
vn -1.0000 0.0004 0.0000
vn 0.0000 -0.9978 -0.0667
vn 0.0000 -0.9978 -0.0667
vn 0.0000 -0.9978 -0.0667
vn 0.0000 -0.9978 -0.0667
vn 1.0000 0.0000 -0.0000
vn 1.0000 0.0000 -0.0000
vn 1.0000 0.0000 -0.0000
vn 1.0000 0.0000 -0.0000
vn 1.0000 0.0000 -0.0000
vn 1.0000 0.0000 -0.0000
vn 1.0000 0.0000 -0.0000
vn 1.0000 0.0000 -0.0000
vn 1.0000 0.0000 -0.0000
vn 0.9997 0.0222 -0.0032
vn 1.0000 0.0035 -0.0071
vn 1.0000 0.0000 -0.0000
vn 0.0000 -0.1561 0.9877
vn 0.0000 0.0053 1.0000
vn 0.0000 0.0053 1.0000
vn 0.0000 -0.1561 0.9877
vn 0.0000 -0.4285 0.9035
vn 0.0000 -0.1561 0.9877
vn 0.0000 -0.1561 0.9877
vn 0.0000 -0.4278 0.9039
vn 0.0000 0.0053 1.0000
vn 0.0000 0.3844 0.9232
vn 0.0000 0.3816 0.9243
vn 0.0000 0.0053 1.0000
vn -1.0000 0.0024 -0.0062
vn -0.9997 0.0034 -0.0242
vn -1.0000 0.0021 -0.0037
vn -0.9753 0.0033 0.2207
vn -0.8874 0.0121 0.4609
vn -0.8873 0.0113 0.4610
vn -0.9790 0.0031 0.2039
vn -0.0016 0.0901 0.9959
vn -0.0166 0.0286 0.9995
vn -0.0196 0.0164 0.9997
vn -0.0022 0.1292 0.9916
vn -0.0166 0.0286 0.9995
vn -0.0016 0.0901 0.9959
vn -0.4190 0.8976 -0.1370
vn -0.0015 0.9891 -0.1472
vn 0.0008 0.9866 -0.1630
vn -0.9753 0.0033 0.2207
vn -0.9790 0.0031 0.2039
vn -1.0000 0.0024 -0.0062
vn 0.0000 0.9997 -0.0251
vn 0.0000 0.9998 0.0216
vn 0.0010 0.9998 0.0222
vn 0.0000 0.9997 -0.0251
vn 0.0000 0.9987 -0.0514
vn 0.0000 0.9997 -0.0251
vn 0.0000 0.9997 -0.0251
vn -0.0000 0.9987 -0.0516
vn 0.0076 0.9964 -0.0845
vn 0.0000 0.9987 -0.0514
vn -0.0000 0.9987 -0.0516
vn 0.0024 0.9972 -0.0744
vn -0.4190 0.8976 -0.1370
vn -0.0040 0.9889 -0.1483
vn -0.0015 0.9891 -0.1472
vn -0.0040 0.9889 -0.1483
vn -0.4190 0.8976 -0.1370
vn -0.4106 0.8529 -0.3225
vn 0.0000 0.9890 -0.1478
vn 0.9994 -0.0355 0.0033
vn 1.0000 -0.0050 0.0018
vn 1.0000 -0.0068 0.0033
vn 0.9994 -0.0345 0.0036
vn 0.9994 -0.0345 0.0036
vn 0.9999 -0.0154 0.0044
vn 0.9997 -0.0229 0.0028
vn 0.9994 -0.0355 0.0033
vn 0.9997 -0.0229 0.0028
vn 0.9999 -0.0154 0.0044
vn 0.9999 -0.0150 -0.0003
vn 0.9999 -0.0154 0.0044
vn 1.0000 -0.0089 0.0034
vn 0.9999 -0.0150 -0.0003
vn 0.0024 0.9972 -0.0744
vn -0.0015 0.9891 -0.1472
vn 0.0076 0.9964 -0.0845
vn 1.0000 -0.0050 0.0018
vn 1.0000 -0.0043 0.0007
vn 1.0000 -0.0068 0.0033
vn -0.0000 0.9987 -0.0516
vn -0.0058 0.9981 -0.0609
vn 0.0024 0.9972 -0.0744
vn 0.0000 0.9998 0.0216
vn 0.0000 0.9955 0.0947
vn 0.0011 0.9809 -0.1944
vn 0.0010 0.9998 0.0222
vn 0.0000 0.9955 0.0947
vn 0.0000 0.8930 0.4500
vn 0.0000 0.8947 0.4466
vn 0.0011 0.9809 -0.1944
vn 0.0000 0.3816 0.9243
vn 0.0000 0.3844 0.9232
vn 0.0000 0.8947 0.4466
vn 0.0000 0.8930 0.4500
vn 1.0000 -0.0039 -0.0055
vn 0.9989 -0.0460 -0.0055
vn 1.0000 -0.0086 -0.0023
vn 1.0000 -0.0018 0.0004
vn 0.9989 -0.0460 -0.0055
vn 1.0000 -0.0039 -0.0055
vn 1.0000 0.0035 -0.0071
vn 1.0000 -0.0089 0.0034
vn 1.0000 -0.0086 -0.0023
vn 0.9999 -0.0150 -0.0003
vn 0.9989 -0.0460 -0.0055
vn 1.0000 0.0035 -0.0071
vn 0.9997 0.0222 -0.0032
vn -0.9997 -0.0001 0.0230
vn -0.9997 -0.0001 0.0224
vn -0.9997 0.0000 0.0226
vn -0.9998 -0.0023 0.0216
vn -0.9978 0.0611 0.0240
vn -0.9997 0.0000 0.0226
vn -0.9997 -0.0001 0.0224
vn -0.9997 0.0021 0.0233
vn -0.9996 0.0276 0.0084
vn -0.9978 0.0611 0.0240
vn -0.9996 0.0199 0.0210
vn -0.9996 0.0199 0.0210
vn -0.9978 0.0611 0.0240
vn -0.9997 0.0021 0.0233
vn -0.9998 -0.0023 0.0216
vn -0.9997 -0.0204 0.0153
vn -0.9998 -0.0037 0.0203
vn -0.9997 -0.0001 0.0230
vn -0.9999 -0.0100 0.0140
vn -0.9998 -0.0037 0.0203
vn -0.9997 -0.0204 0.0153
vn -0.9999 -0.0100 0.0140
vn -0.9997 -0.0204 0.0153
vn -0.9997 -0.0253 0.0037
vn -1.0000 -0.0094 0.0034
vn -0.0003 -0.0084 -1.0000
vn -0.0025 -0.0129 -0.9999
vn 0.0000 -0.0078 -1.0000
vn 0.0001 -0.0079 -1.0000
vn -0.0003 1.0000 0.0075
vn 0.0000 1.0000 0.0071
vn -0.0004 1.0000 0.0076
vn -0.0006 1.0000 0.0079
vn -0.9026 -0.4306 0.0006
vn -0.9038 -0.4280 0.0011
vn -0.8944 -0.4472 -0.0030
vn -0.8931 -0.4499 -0.0036
vn -0.1214 -0.9926 0.0026
vn -0.1213 -0.9926 0.0026
vn 0.0069 -1.0000 0.0026
vn 0.0069 -1.0000 0.0026
vn -0.0000 -0.0000 1.0000
vn 0.0000 -0.0000 1.0000
vn -0.0000 -0.0000 1.0000
vn 0.0000 0.0000 1.0000
vn -1.0000 -0.0094 0.0034
vn -1.0000 0.0089 0.0012
vn -1.0000 0.0038 0.0013
vn -0.9999 -0.0100 0.0140
vn -1.0000 0.0000 -0.0000
vn -1.0000 0.0036 0.0035
vn -1.0000 0.0067 0.0028
vn -1.0000 0.0067 0.0028
vn -1.0000 -0.0006 0.0005
vn -1.0000 0.0000 -0.0000
vn -1.0000 0.0000 -0.0000
vn -1.0000 -0.0006 0.0005
vn -1.0000 -0.0029 0.0023
vn -1.0000 -0.0027 0.0023
vn -1.0000 -0.0017 0.0016
vn -1.0000 -0.0017 0.0016
vn -1.0000 0.0000 -0.0000
vn -1.0000 -0.0006 0.0005
vn -1.0000 0.0067 0.0028
vn -1.0000 0.0036 0.0035
vn -1.0000 0.0038 0.0013
vn -1.0000 0.0089 0.0012
vn 0.0000 -1.0000 -0.0000
vn 0.0000 -1.0000 -0.0000
vn 0.0000 -1.0000 -0.0000
vn 0.0000 -1.0000 -0.0000
vn 1.0000 0.0000 -0.0000
vn 1.0000 0.0000 -0.0000
vn 1.0000 0.0000 -0.0000
vn 1.0000 0.0000 -0.0000
vn 0.0000 -0.4285 0.9035
vn 0.0000 -0.4278 0.9039
vn 0.0000 -0.5358 0.8443
vn 0.0000 -0.5358 0.8443
vn 1.0000 0.0000 -0.0000
vn 1.0000 0.0000 -0.0000
vn 1.0000 0.0000 -0.0000
vn 1.0000 0.0000 -0.0000
vn 1.0000 0.0000 -0.0000
vn 1.0000 0.0000 -0.0000
vn 1.0000 0.0000 -0.0000
vn -0.9999 -0.0140 0.0033
vn -1.0000 -0.0094 0.0034
vn -0.9997 -0.0253 0.0037
vn -1.0000 0.0067 0.0028
vn -1.0000 0.0089 0.0012
vn -0.9955 0.0068 0.0949
vn 0.0028 -0.3724 0.9281
vn -0.0004 -0.3807 0.9247
vn -0.0009 -0.3769 0.9263
vn 0.0049 -0.3685 0.9296
vn 0.0000 0.0000 1.0000
vn 0.0000 0.0000 1.0000
vn -0.0000 -0.0000 1.0000
vn -0.2476 -0.9689 0.0026
vn -0.2476 -0.9689 0.0026
vn -0.1213 -0.9926 0.0026
vn -0.1214 -0.9926 0.0026
vn -0.0025 -0.0129 -0.9999
vn -0.0003 -0.0084 -1.0000
vn -0.0042 -0.0164 -0.9999
vn -0.9999 -0.0140 0.0033
vn -0.9997 -0.0253 0.0037
vn -1.0000 0.0060 0.0019
vn -0.9999 -0.0140 0.0033
vn -1.0000 0.0060 0.0019
vn -1.0000 0.0067 0.0028
vn -0.9955 0.0068 0.0949
vn -0.0004 -0.3807 0.9247
vn -0.0019 -0.4887 0.8725
vn -0.0005 -0.5563 0.8310
vn -0.0009 -0.3769 0.9263
vn 1.0000 0.0000 -0.0000
vn 1.0000 0.0000 -0.0000
vn 1.0000 0.0000 -0.0000
vn -0.0005 -0.5563 0.8310
vn -0.0019 -0.4887 0.8725
vn -0.0012 -0.5836 0.8120
vn 0.0000 -0.5857 0.8105
vn -1.0000 0.0000 -0.0003
vn -1.0000 -0.0001 -0.0008
vn -1.0000 -0.0001 -0.0007
vn -1.0000 0.0001 0.0000
vn -1.0000 0.0003 -0.0001
vn -1.0000 0.0001 -0.0014
vn -1.0000 0.0001 -0.0012
vn -1.0000 0.0003 -0.0000
vn -0.6544 0.0099 0.7560
vn -0.6794 0.0047 0.7337
vn -0.6769 0.0052 0.7361
vn -0.6517 0.0105 0.7584
vn -0.6268 -0.0200 -0.7789
vn -0.6794 -0.0089 -0.7337
vn -0.6743 -0.0100 -0.7384
vn -0.6210 -0.0212 -0.7835
vn 0.0007 -1.0000 -0.0018
vn -0.0027 -1.0000 -0.0034
vn -0.0001 -1.0000 -0.0021
vn -0.0024 -1.0000 -0.0015
vn 0.0000 -1.0000 -0.0020
vn -0.0001 -1.0000 -0.0021
vn 0.0000 -1.0000 -0.0020
vn -0.0001 -1.0000 -0.0021
vn 0.0000 -1.0000 -0.0020
vn -0.0000 -0.9949 0.1004
vn -0.0024 -1.0000 -0.0015
vn -0.0159 -0.2633 -0.9646
vn -0.4284 -0.2585 -0.8658
vn -0.0313 -0.2595 -0.9652
vn -0.0159 -0.2633 -0.9646
vn -0.0348 -0.5395 -0.8413
vn -0.4284 -0.2585 -0.8658
vn -0.0348 -0.5395 -0.8413
vn -0.1534 -0.5694 -0.8076
vn -0.4284 -0.2585 -0.8658
vn -0.5536 -0.3608 -0.7505
vn -0.4284 -0.2585 -0.8658
vn -0.1534 -0.5694 -0.8076
vn -0.1321 -0.4877 -0.8630
vn -0.0564 -0.2953 -0.9537
vn -0.0563 -0.3063 -0.9503
vn -0.2666 -0.4231 -0.8660
vn -0.0159 -0.2633 -0.9646
vn 0.3919 -0.3786 -0.8385
vn -0.0348 -0.5395 -0.8413
vn -0.0348 -0.5395 -0.8413
vn 0.3919 -0.3786 -0.8385
vn 0.1183 -0.5478 -0.8282
vn 0.3919 -0.3786 -0.8385
vn 0.3771 -0.4694 -0.7984
vn 0.1183 -0.5478 -0.8282
vn 0.1430 -0.5139 -0.8458
vn 0.0143 -0.3186 -0.9478
vn -0.0372 -0.3414 -0.9392
vn -0.0419 -0.5680 -0.8220
vn -0.0159 -0.2633 -0.9646
vn -0.0008 -0.2599 -0.9656
vn 0.3919 -0.3786 -0.8385
vn 0.3287 -0.3582 -0.8739
vn 0.3919 -0.3786 -0.8385
vn -0.0008 -0.2599 -0.9656
vn -0.0030 -0.2548 -0.9670
vn 0.0512 -0.2753 -0.9600
vn 0.2144 -0.3286 -0.9198
vn -0.0069 -0.2801 -0.9599
vn -0.0060 -0.3029 -0.9530
vn -0.0412 -0.3211 -0.9462
vn -0.0356 -0.3016 -0.9528
vn -0.0385 -0.3027 -0.9523
vn -0.0414 -0.3226 -0.9456
vn -0.1843 0.9728 -0.1407
vn -0.5105 0.8253 -0.2414
vn -0.5646 0.7709 -0.2949
vn -0.3955 0.8867 -0.2396
vn 0.0107 0.9990 -0.0438
vn -0.1843 0.9728 -0.1407
vn -0.3955 0.8867 -0.2396
vn 0.0062 0.9844 -0.1758
vn -0.5089 -0.2909 -0.8102
vn -0.3554 -0.2890 -0.8889
vn -0.4284 -0.2585 -0.8658
vn -0.4284 -0.2585 -0.8658
vn -0.5536 -0.3608 -0.7505
vn -0.2666 -0.4231 -0.8660
vn -0.5089 -0.2909 -0.8102
vn -0.1534 -0.5694 -0.8076
vn -0.0348 -0.5395 -0.8413
vn -0.0419 -0.5680 -0.8220
vn -0.1321 -0.4877 -0.8630
vn -0.5536 -0.3608 -0.7505
vn -0.1534 -0.5694 -0.8076
vn -0.1321 -0.4877 -0.8630
vn -0.2666 -0.4231 -0.8660
vn 0.3771 -0.4694 -0.7984
vn 0.3919 -0.3786 -0.8385
vn 0.3680 -0.3858 -0.8460
vn 0.1864 -0.4324 -0.8822
vn 0.1183 -0.5478 -0.8282
vn 0.3771 -0.4694 -0.7984
vn 0.1864 -0.4324 -0.8822
vn 0.1430 -0.5139 -0.8458
vn -0.0348 -0.5395 -0.8413
vn 0.1183 -0.5478 -0.8282
vn 0.1430 -0.5139 -0.8458
vn -0.0419 -0.5680 -0.8220
vn 0.0080 0.9990 -0.0443
vn 0.0107 0.9990 -0.0438
vn 0.0062 0.9844 -0.1758
vn 0.0044 0.9806 -0.1961
vn 0.7268 0.5102 -0.4598
vn 0.7451 0.3847 -0.5447
vn 0.7353 0.4665 -0.4915
vn 0.7068 0.5824 -0.4014
vn 0.3919 -0.3786 -0.8385
vn 0.3287 -0.3582 -0.8739
vn 0.2144 -0.3286 -0.9198
vn 0.3680 -0.3858 -0.8460
vn 0.0279 0.9996 -0.0086
vn 0.0080 0.9990 -0.0443
vn 0.0044 0.9806 -0.1961
vn 0.0294 0.9996 -0.0032
vn -0.0064 -0.3050 -0.9523
vn -0.0060 -0.3029 -0.9530
vn -0.0069 -0.2801 -0.9599
vn 0.0000 -0.9537 0.3008
vn 0.0000 -0.9938 0.1109
vn 0.0000 -0.9938 0.1109
vn 0.0000 -0.9537 0.3008
vn 0.0000 -0.8172 0.5764
vn 0.0000 -0.9537 0.3008
vn 0.0000 -0.9537 0.3008
vn 0.0000 -0.8172 0.5764
vn 0.0000 -0.5992 0.8006
vn 0.0000 -0.8172 0.5764
vn 0.0000 -0.8172 0.5764
vn 0.0000 -0.5992 0.8006
vn 0.0000 -0.3174 0.9483
vn 0.0000 -0.5992 0.8006
vn 0.0000 -0.5992 0.8006
vn 0.0000 -0.3174 0.9483
vn 0.0000 -0.0000 1.0000
vn 0.0000 -0.3174 0.9483
vn 0.0000 -0.3174 0.9483
vn 0.0000 -0.0000 1.0000
vn 0.0000 0.3174 0.9483
vn 0.0000 -0.0000 1.0000
vn 0.0000 -0.0000 1.0000
vn 0.0000 0.3174 0.9483
vn 0.0000 0.5992 0.8006
vn 0.0000 0.3174 0.9483
vn 0.0000 0.3174 0.9483
vn 0.0000 0.5992 0.8006
vn 0.0000 0.8172 0.5764
vn 0.0000 0.5992 0.8006
vn 0.0000 0.5992 0.8006
vn 0.0000 0.8172 0.5764
vn 0.0000 0.9537 0.3008
vn 0.0000 0.8172 0.5764
vn 0.0000 0.8172 0.5764
vn 0.0000 0.9537 0.3008
vn 0.0000 0.9988 0.0491
vn 0.0000 0.9537 0.3008
vn 0.0000 0.9537 0.3008
vn 0.0000 0.9988 0.0491
vn 0.0000 -0.9982 0.0603
vn 0.0000 -0.9982 0.0603
vn 0.0000 -0.9938 0.1109
vn 0.0000 -0.9938 0.1109
vn 0.0000 0.9979 -0.0651
vn 0.0000 0.9979 -0.0651
vn 0.0000 0.9988 0.0491
vn 0.0000 0.9988 0.0491
vn 0.0000 -0.9987 0.0508
vn 0.0000 -0.9987 0.0508
vn 0.0000 -0.9982 0.0603
vn 0.0000 -0.9982 0.0603
vn 0.0000 0.9971 -0.0762
vn 0.0000 0.9971 -0.0762
vn 0.0000 0.9979 -0.0651
vn 0.0000 0.9979 -0.0651
vn 0.9620 -0.2613 0.0796
vn 0.9641 -0.2188 0.1506
vn 0.9642 -0.2153 0.1546
vn 0.9621 -0.2595 0.0840
vn 0.9604 -0.2770 0.0308
vn 0.9620 -0.2613 0.0796
vn 0.9621 -0.2595 0.0840
vn 0.9605 -0.2768 0.0301
vn 0.9641 -0.2188 0.1506
vn 0.9663 -0.1567 0.2044
vn 0.9664 -0.1523 0.2071
vn 0.9642 -0.2153 0.1546
vn 0.9663 -0.1567 0.2044
vn 0.9681 -0.0817 0.2368
vn 0.9682 -0.0778 0.2378
vn 0.9664 -0.1523 0.2071
vn 0.9681 -0.0817 0.2368
vn 0.9694 -0.0013 0.2456
vn 0.9694 0.0010 0.2455
vn 0.9682 -0.0778 0.2378
vn 0.9694 -0.0013 0.2456
vn 0.9699 0.0770 0.2310
vn 0.9699 0.0775 0.2308
vn 0.9694 0.0010 0.2455
vn 0.9699 0.0770 0.2310
vn 0.9698 0.1467 0.1950
vn 0.9698 0.1458 0.1956
vn 0.9699 0.0775 0.2308
vn 0.9698 0.1467 0.1950
vn 0.9692 0.2021 0.1411
vn 0.9692 0.2008 0.1427
vn 0.9698 0.1458 0.1956
vn 0.9692 0.2021 0.1411
vn 0.9682 0.2389 0.0738
vn 0.9683 0.2380 0.0762
vn 0.9692 0.2008 0.1427
vn 0.9682 0.2389 0.0738
vn 0.9673 0.2534 0.0124
vn 0.9673 0.2532 0.0125
vn 0.9683 0.2380 0.0762
vn 0.9674 -0.2530 0.0153
vn 0.9604 -0.2770 0.0308
vn 0.9605 -0.2768 0.0301
vn 0.9674 -0.2527 0.0150
vn 0.9673 0.2534 0.0124
vn 0.9634 0.2676 -0.0173
vn 0.9634 0.2676 -0.0172
vn 0.9673 0.2532 0.0125
vn 0.9690 -0.2467 0.0125
vn 0.9674 -0.2530 0.0153
vn 0.9674 -0.2527 0.0150
vn 0.9691 -0.2465 0.0125
vn 0.9634 0.2676 -0.0173
vn 0.9673 0.2528 -0.0198
vn 0.9672 0.2531 -0.0198
vn 0.9634 0.2676 -0.0172
vn -0.9641 -0.2188 0.1506
vn -0.9620 -0.2613 0.0796
vn -0.9621 -0.2595 0.0840
vn -0.9642 -0.2153 0.1546
vn -0.9620 -0.2613 0.0796
vn -0.9604 -0.2767 0.0312
vn -0.9604 -0.2770 0.0306
vn -0.9621 -0.2595 0.0840
vn -0.9663 -0.1567 0.2044
vn -0.9641 -0.2188 0.1506
vn -0.9642 -0.2153 0.1546
vn -0.9664 -0.1523 0.2071
vn -0.9681 -0.0817 0.2368
vn -0.9663 -0.1567 0.2044
vn -0.9664 -0.1523 0.2071
vn -0.9682 -0.0778 0.2378
vn -0.9694 -0.0013 0.2456
vn -0.9681 -0.0817 0.2368
vn -0.9682 -0.0778 0.2378
vn -0.9694 0.0010 0.2455
vn -0.9699 0.0770 0.2310
vn -0.9694 -0.0013 0.2456
vn -0.9694 0.0010 0.2455
vn -0.9699 0.0775 0.2308
vn -0.9698 0.1467 0.1950
vn -0.9699 0.0770 0.2310
vn -0.9699 0.0775 0.2308
vn -0.9698 0.1458 0.1956
vn -0.9692 0.2021 0.1411
vn -0.9698 0.1467 0.1950
vn -0.9698 0.1458 0.1956
vn -0.9692 0.2008 0.1427
vn -0.9682 0.2389 0.0738
vn -0.9692 0.2021 0.1411
vn -0.9692 0.2008 0.1427
vn -0.9683 0.2380 0.0762
vn -0.9673 0.2532 0.0126
vn -0.9682 0.2389 0.0738
vn -0.9683 0.2380 0.0762
vn -0.9673 0.2534 0.0127
vn -0.9634 0.2675 -0.0178
vn -0.9673 0.2532 0.0126
vn -0.9673 0.2534 0.0127
vn -0.9634 0.2675 -0.0176
vn -0.9604 -0.2767 0.0312
vn -0.9674 -0.2527 0.0150
vn -0.9674 -0.2530 0.0148
vn -0.9604 -0.2770 0.0306
vn -0.9672 0.2531 -0.0193
vn -0.9634 0.2675 -0.0178
vn -0.9634 0.2675 -0.0176
vn -0.9673 0.2528 -0.0193
vn -0.9674 -0.2527 0.0150
vn -0.9691 -0.2465 0.0123
vn -0.9690 -0.2467 0.0123
vn -0.9674 -0.2530 0.0148
vn 0.0000 -0.9987 0.0500
vn 0.0000 -0.9987 0.0500
vn 0.0000 -0.9983 0.0583
vn 0.0000 -0.9983 0.0583
vn 0.0000 -0.9983 0.0583
vn 0.0000 -0.9983 0.0583
vn 0.0000 -0.9940 0.1093
vn 0.0000 -0.9940 0.1093
vn 0.0000 -0.9940 0.1093
vn 0.0000 -0.9940 0.1093
vn 0.0000 -0.9537 0.3008
vn 0.0000 -0.9537 0.3008
vn 0.0000 -0.9537 0.3008
vn 0.0000 -0.9537 0.3008
vn 0.0000 -0.8172 0.5764
vn 0.0000 -0.8172 0.5764
vn 0.0000 -0.8172 0.5764
vn 0.0000 -0.8172 0.5764
vn 0.0000 -0.5992 0.8006
vn 0.0000 -0.5992 0.8006
vn 0.0000 -0.5992 0.8006
vn 0.0000 -0.5992 0.8006
vn 0.0000 -0.3174 0.9483
vn 0.0000 -0.3174 0.9483
vn 0.0000 -0.3174 0.9483
vn 0.0000 -0.3174 0.9483
vn 0.0000 -0.0000 1.0000
vn 0.0000 -0.0000 1.0000
vn 0.0000 -0.0000 1.0000
vn 0.0000 -0.0000 1.0000
vn 0.0000 0.3174 0.9483
vn 0.0000 0.3174 0.9483
vn 0.0000 0.3174 0.9483
vn 0.0000 0.3174 0.9483
vn 0.0000 0.5992 0.8006
vn 0.0000 0.5992 0.8006
vn 0.0000 0.5992 0.8006
vn 0.0000 0.5992 0.8006
vn 0.0000 0.8172 0.5764
vn 0.0000 0.8172 0.5764
vn 0.0000 0.8172 0.5764
vn 0.0000 0.8172 0.5764
vn 0.0000 0.9537 0.3008
vn 0.0000 0.9537 0.3008
vn 0.0000 0.9537 0.3008
vn 0.0000 0.9537 0.3008
vn 0.0000 0.9988 0.0499
vn 0.0000 0.9988 0.0499
vn 0.0000 0.9988 0.0499
vn 0.0000 0.9988 0.0499
vn 0.0000 0.9979 -0.0652
vn 0.0000 0.9979 -0.0652
vn 0.0000 0.9979 -0.0652
vn 0.0000 0.9979 -0.0652
vn 0.0000 0.9970 -0.0779
vn 0.0000 0.9970 -0.0779
# 5665 vertex normals

vt 0.9511 0.2159 0.0000
vt 0.9664 0.2277 0.0000
vt 0.9589 0.2352 0.0000
vt 0.9511 0.2265 0.0000
vt 0.9689 0.2469 0.0000
vt 0.9583 0.2469 0.0000
vt 0.9571 0.2622 0.0000
vt 0.9496 0.2547 0.0000
vt 0.9379 0.2647 0.0000
vt 0.9379 0.2541 0.0000
vt 0.9226 0.2529 0.0000
vt 0.9300 0.2454 0.0000
vt 0.9201 0.2337 0.0000
vt 0.9308 0.2337 0.0000
vt 0.9319 0.2184 0.0000
vt 0.9393 0.2259 0.0000
vt 0.9483 0.2323 0.0000
vt 0.9529 0.2374 0.0000
vt 0.9445 0.2403 0.0000
vt 0.9524 0.2442 0.0000
vt 0.9474 0.2486 0.0000
vt 0.9406 0.2483 0.0000
vt 0.9362 0.2431 0.0000
vt 0.9365 0.2364 0.0000
vt 0.9417 0.2319 0.0000
vt 0.5581 0.3476 0.0000
vt 0.5498 0.3478 0.0000
vt 0.5524 0.3444 0.0000
vt 0.5551 0.3443 0.0000
vt 0.5273 0.3808 0.0000
vt 0.5357 0.3810 0.0000
vt 0.5327 0.3842 0.0000
vt 0.5299 0.3841 0.0000
vt 0.5352 0.3557 0.0000
vt 0.5351 0.3586 0.0000
vt 0.5267 0.3584 0.0000
vt 0.5268 0.3554 0.0000
vt 0.5576 0.3699 0.0000
vt 0.5577 0.3729 0.0000
vt 0.5493 0.3731 0.0000
vt 0.5492 0.3702 0.0000
vt 0.5370 0.3435 0.0000
vt 0.5363 0.3465 0.0000
vt 0.5279 0.3461 0.0000
vt 0.5287 0.3431 0.0000
vt 0.5588 0.3821 0.0000
vt 0.5595 0.3851 0.0000
vt 0.5512 0.3855 0.0000
vt 0.5504 0.3825 0.0000
vt 0.5687 0.3994 0.0000
vt 0.5714 0.4059 0.0000
vt 0.5630 0.4062 0.0000
vt 0.5607 0.4005 0.0000
vt 0.5722 0.4157 0.0000
vt 0.5642 0.4150 0.0000
vt 0.6494 0.3051 0.0000
vt 0.5383 0.3280 0.0000
vt 0.5418 0.3285 0.0000
vt 0.5489 0.3227 0.0000
vt 0.5438 0.3225 0.0000
vt 0.6496 0.3077 0.0000
vt 0.5454 0.3132 0.0000
vt 0.7970 0.1408 0.0000
vt 0.7237 0.3712 0.0000
vt 0.8035 0.1486 0.0000
vt 0.5948 0.3144 0.0000
vt 0.6469 0.4636 0.0000
vt 0.5951 0.3229 0.0000
vt 0.5846 0.3233 0.0000
vt 0.5838 0.2985 0.0000
vt 0.5858 0.3622 0.0000
vt 0.5856 0.3531 0.0000
vt 0.5961 0.3525 0.0000
vt 0.5963 0.3621 0.0000
vt 0.5849 0.2500 0.0000
vt 0.5851 0.2324 0.0000
vt 0.5976 0.2338 0.0000
vt 0.6417 0.4704 0.0000
vt 0.5973 0.2512 0.0000
vt 0.5977 0.3680 0.0000
vt 0.6397 0.3083 0.0000
vt 0.5896 0.3717 0.0000
vt 0.5890 0.2188 0.0000
vt 0.5991 0.2242 0.0000
vt 0.5968 0.3807 0.0000
vt 0.6028 0.3744 0.0000
vt 0.6395 0.3057 0.0000
vt 0.6498 0.3117 0.0000
vt 0.6087 0.3764 0.0000
vt 0.6062 0.3849 0.0000
vt 0.6054 0.2157 0.0000
vt 0.5982 0.2077 0.0000
vt 0.6107 0.2021 0.0000
vt 0.6139 0.2126 0.0000
vt 0.6665 0.3849 0.0000
vt 0.6651 0.3766 0.0000
vt 0.7158 0.3723 0.0000
vt 0.7175 0.3805 0.0000
vt 0.6691 0.2079 0.0000
vt 0.6659 0.1979 0.0000
vt 0.7022 0.1879 0.0000
vt 0.7258 0.4401 0.0000
vt 0.7200 0.4287 0.0000
vt 0.7052 0.1979 0.0000
vt 0.6254 0.2106 0.0000
vt 0.7404 0.4308 0.0000
vt 0.7092 0.3578 0.0000
vt 0.6246 0.1997 0.0000
vt 0.6351 0.1988 0.0000
vt 0.6384 0.2095 0.0000
vt 0.7824 0.1665 0.0000
vt 0.7194 0.3412 0.0000
vt 0.7767 0.1581 0.0000
vt 0.6548 0.1986 0.0000
vt 0.6399 0.3123 0.0000
vt 0.6578 0.2086 0.0000
vt 0.7675 0.1792 0.0000
vt 0.7630 0.1693 0.0000
vt 0.7529 0.1740 0.0000
vt 0.7574 0.1839 0.0000
vt 0.6169 0.3771 0.0000
vt 0.6169 0.3855 0.0000
vt 0.5845 0.2682 0.0000
vt 0.5970 0.2684 0.0000
vt 0.5853 0.3441 0.0000
vt 0.5958 0.3437 0.0000
vt 0.5849 0.3337 0.0000
vt 0.5955 0.3334 0.0000
vt 0.6417 0.4517 0.0000
vt 0.6485 0.4483 0.0000
vt 0.6355 0.4728 0.0000
vt 0.6350 0.4540 0.0000
vt 0.5497 0.3128 0.0000
vt 0.5463 0.3292 0.0000
vt 0.6274 0.4738 0.0000
vt 0.6277 0.4553 0.0000
vt 0.5977 0.4545 0.0000
vt 0.5874 0.4742 0.0000
vt 0.5891 0.4651 0.0000
vt 0.5910 0.4504 0.0000
vt 0.6403 0.4485 0.0000
vt 0.6468 0.4452 0.0000
vt 0.0678 0.4739 0.0000
vt 0.0352 0.4735 0.0000
vt 0.0158 0.4195 0.0000
vt 0.0676 0.4201 0.0000
vt 0.0160 0.4736 0.0000
vt 0.0382 0.4872 0.0000
vt 0.0359 0.4804 0.0000
vt 0.0663 0.4811 0.0000
vt 0.0639 0.4875 0.0000
vt 0.0182 0.6127 0.0000
vt 0.0183 0.5578 0.0000
vt 0.0269 0.6127 0.0000
vt 0.0183 0.7082 0.0000
vt 0.0183 0.6720 0.0000
vt 0.0270 0.6720 0.0000
vt 0.0427 0.4918 0.0000
vt 0.0508 0.4939 0.0000
vt 0.0270 0.7082 0.0000
vt 0.0182 0.6649 0.0000
vt 0.0270 0.6649 0.0000
vt 0.0593 0.4918 0.0000
vt 0.0182 0.6576 0.0000
vt 0.0375 0.0712 0.0000
vt 0.0374 0.0489 0.0000
vt 0.0378 0.1575 0.0000
vt 0.0379 0.1427 0.0000
vt 0.0098 0.1575 0.0000
vt 0.0097 0.1426 0.0000
vt 0.0094 0.0712 0.0000
vt 0.0095 0.0489 0.0000
vt 0.6517 0.1802 0.0000
vt 0.6412 0.1802 0.0000
vt 0.5965 0.1457 0.0000
vt 0.5965 0.1561 0.0000
vt 0.6412 0.1724 0.0000
vt 0.6055 0.1405 0.0000
vt 0.6517 0.1724 0.0000
vt 0.6055 0.1613 0.0000
vt 0.6307 0.1802 0.0000
vt 0.6288 0.1404 0.0000
vt 0.6288 0.1633 0.0000
vt 0.6307 0.1724 0.0000
vt 0.9207 0.1725 0.0000
vt 0.9279 0.1651 0.0000
vt 0.9465 0.1737 0.0000
vt 0.9404 0.1763 0.0000
vt 0.9719 0.1720 0.0000
vt 0.9527 0.1763 0.0000
vt 0.9745 0.1820 0.0000
vt 0.9553 0.1824 0.0000
vt 0.9719 0.1919 0.0000
vt 0.9646 0.1878 0.0000
vt 0.9647 0.1993 0.0000
vt 0.9465 0.1912 0.0000
vt 0.9207 0.1924 0.0000
vt 0.9280 0.1883 0.0000
vt 0.9181 0.1824 0.0000
vt 0.9378 0.1824 0.0000
vt 0.6942 0.1559 0.0000
vt 0.6943 0.1479 0.0000
vt 0.6999 0.1480 0.0000
vt 0.6998 0.1560 0.0000
vt 0.6944 0.1399 0.0000
vt 0.6999 0.1400 0.0000
vt 0.6944 0.1319 0.0000
vt 0.7000 0.1319 0.0000
vt 0.6945 0.1239 0.0000
vt 0.6997 0.1640 0.0000
vt 0.5571 0.0791 0.0000
vt 0.5582 0.0891 0.0000
vt 0.5581 0.0635 0.0000
vt 0.5571 0.0734 0.0000
vt 0.5843 0.0733 0.0000
vt 0.5820 0.0553 0.0000
vt 0.6009 0.0416 0.0000
vt 0.6124 0.0732 0.0000
vt 0.6013 0.1105 0.0000
vt 0.6124 0.0788 0.0000
vt 0.5822 0.0969 0.0000
vt 0.5843 0.0789 0.0000
vt 0.6861 0.1640 0.0000
vt 0.6861 0.1306 0.0000
vt 0.7603 0.1412 0.0000
vt 0.7537 0.1373 0.0000
vt 0.6861 0.1373 0.0000
vt 0.7603 0.1489 0.0000
vt 0.6861 0.1440 0.0000
vt 0.7536 0.1527 0.0000
vt 0.6861 0.1506 0.0000
vt 0.7470 0.1488 0.0000
vt 0.6861 0.1573 0.0000
vt 0.7470 0.1411 0.0000
vt 0.7537 0.1450 0.0000
vt 0.9362 0.0198 0.0000
vt 0.9359 0.0320 0.0000
vt 0.9060 0.3045 0.0000
vt 0.8964 0.2941 0.0000
vt 0.9295 0.0320 0.0000
vt 0.9078 0.3186 0.0000
vt 0.9298 0.0199 0.0000
vt 0.9009 0.3310 0.0000
vt 0.9354 0.0441 0.0000
vt 0.8880 0.3369 0.0000
vt 0.9290 0.0441 0.0000
vt 0.8741 0.3342 0.0000
vt 0.9348 0.0562 0.0000
vt 0.8645 0.3239 0.0000
vt 0.9285 0.0563 0.0000
vt 0.8628 0.3098 0.0000
vt 0.9345 0.0684 0.0000
vt 0.8696 0.2974 0.0000
vt 0.9281 0.0684 0.0000
vt 0.8825 0.2914 0.0000
vt 0.8853 0.3142 0.0000
vt 0.8079 0.2381 0.0000
vt 0.8146 0.2421 0.0000
vt 0.7468 0.2964 0.0000
vt 0.7401 0.3031 0.0000
vt 0.8101 0.2483 0.0000
vt 0.7561 0.2940 0.0000
vt 0.8042 0.2448 0.0000
vt 0.7653 0.2964 0.0000
vt 0.8208 0.2471 0.0000
vt 0.7721 0.3031 0.0000
vt 0.7395 0.2527 0.0000
vt 0.7745 0.3121 0.0000
vt 0.7403 0.2421 0.0000
vt 0.7721 0.3212 0.0000
vt 0.7449 0.2483 0.0000
vt 0.7653 0.3279 0.0000
vt 0.7471 0.2381 0.0000
vt 0.7561 0.3303 0.0000
vt 0.7508 0.2448 0.0000
vt 0.7468 0.3279 0.0000
vt 0.7543 0.2350 0.0000
vt 0.7401 0.3212 0.0000
vt 0.7571 0.2421 0.0000
vt 0.7376 0.3121 0.0000
vt 0.7561 0.3124 0.0000
vt 0.5302 0.0633 0.0000
vt 0.5302 0.0327 0.0000
vt 0.5367 0.0347 0.0000
vt 0.5367 0.0614 0.0000
vt 0.4984 0.0707 0.0000
vt 0.4970 0.0287 0.0000
vt 0.5055 0.0261 0.0000
vt 0.5037 0.0663 0.0000
vt 0.4765 0.0727 0.0000
vt 0.4763 0.0270 0.0000
vt 0.4525 0.0742 0.0000
vt 0.4538 0.0257 0.0000
vt 0.4299 0.0734 0.0000
vt 0.4325 0.0263 0.0000
vt 0.4196 0.0690 0.0000
vt 0.4196 0.0266 0.0000
vt 0.5373 0.0707 0.0000
vt 0.5417 0.0643 0.0000
vt 0.5416 0.0318 0.0000
vt 0.5373 0.0253 0.0000
vt 0.4989 0.0766 0.0000
vt 0.5062 0.0755 0.0000
vt 0.5061 0.0204 0.0000
vt 0.4988 0.0192 0.0000
vt 0.4765 0.0789 0.0000
vt 0.4764 0.0169 0.0000
vt 0.4523 0.0804 0.0000
vt 0.4522 0.0153 0.0000
vt 0.4297 0.0795 0.0000
vt 0.4296 0.0161 0.0000
vt 0.4135 0.0787 0.0000
vt 0.4133 0.0169 0.0000
vt 0.4067 0.0724 0.0000
vt 0.4066 0.0232 0.0000
vt 0.4122 0.0271 0.0000
vt 0.4157 0.0653 0.0000
vt 0.4809 0.4046 0.0000
vt 0.4087 0.4384 0.0000
vt 0.3872 0.0998 0.0000
vt 0.3871 0.1070 0.0000
vt 0.4054 0.3959 0.0000
vt 0.3655 0.1120 0.0000
vt 0.4395 0.3691 0.0000
vt 0.3654 0.1075 0.0000
vt 0.4840 0.4112 0.0000
vt 0.3855 0.1453 0.0000
vt 0.4459 0.4585 0.0000
vt 0.3644 0.1534 0.0000
vt 0.3856 0.1524 0.0000
vt 0.5241 0.4398 0.0000
vt 0.3643 0.1596 0.0000
vt 0.5237 0.4445 0.0000
vt 0.5205 0.4455 0.0000
vt 0.4048 0.4342 0.0000
vt 0.4028 0.4295 0.0000
vt 0.4661 0.2929 0.0000
vt 0.3850 0.1725 0.0000
vt 0.3619 0.1807 0.0000
vt 0.4939 0.2981 0.0000
vt 0.3842 0.1884 0.0000
vt 0.4886 0.3355 0.0000
vt 0.3680 0.1986 0.0000
vt 0.3560 0.2175 0.0000
vt 0.3839 0.2136 0.0000
vt 0.4639 0.3555 0.0000
vt 0.3836 0.2165 0.0000
vt 0.4054 0.2788 0.0000
vt 0.3542 0.2261 0.0000
vt 0.4115 0.3256 0.0000
vt 0.3660 0.1011 0.0000
vt 0.3989 0.3049 0.0000
vt 0.3870 0.0952 0.0000
vt 0.4365 0.2862 0.0000
vt 0.4277 0.3448 0.0000
vt 0.3838 0.2284 0.0000
vt 0.3521 0.2392 0.0000
vt 0.2358 0.0959 0.0000
vt 0.4230 0.3410 0.0000
vt 0.3869 0.2739 0.0000
vt 0.2594 0.1076 0.0000
vt 0.2593 0.1119 0.0000
vt 0.2359 0.1023 0.0000
vt 0.2602 0.1535 0.0000
vt 0.7353 0.0907 0.0000
vt 0.7353 0.0761 0.0000
vt 0.7428 0.0761 0.0000
vt 0.7496 0.0907 0.0000
vt 0.7654 0.0907 0.0000
vt 0.7654 0.0761 0.0000
vt 0.7682 0.0761 0.0000
vt 0.7682 0.0907 0.0000
vt 0.7913 0.0907 0.0000
vt 0.7827 0.0761 0.0000
vt 0.7988 0.0761 0.0000
vt 0.7988 0.0907 0.0000
vt 0.7615 0.0761 0.0000
vt 0.7615 0.0907 0.0000
vt 0.7720 0.0761 0.0000
vt 0.7720 0.0907 0.0000
vt 0.2476 0.7502 0.0000
vt 0.2382 0.7496 0.0000
vt 0.2387 0.6764 0.0000
vt 0.2477 0.6755 0.0000
vt 0.2289 0.7494 0.0000
vt 0.2294 0.6774 0.0000
vt 0.2197 0.7495 0.0000
vt 0.2207 0.6776 0.0000
vt 0.2105 0.7500 0.0000
vt 0.2106 0.6771 0.0000
vt 0.2012 0.7504 0.0000
vt 0.2012 0.6758 0.0000
vt 0.1918 0.7505 0.0000
vt 0.1927 0.6746 0.0000
vt 0.1822 0.7503 0.0000
vt 0.1830 0.6735 0.0000
vt 0.2465 0.7695 0.0000
vt 0.2373 0.7691 0.0000
vt 0.2282 0.7687 0.0000
vt 0.2197 0.7679 0.0000
vt 0.2106 0.7689 0.0000
vt 0.2015 0.7695 0.0000
vt 0.1926 0.7698 0.0000
vt 0.2562 0.7701 0.0000
vt 0.2370 0.8052 0.0000
vt 0.2463 0.8040 0.0000
vt 0.2467 0.8230 0.0000
vt 0.2376 0.8240 0.0000
vt 0.2284 0.8059 0.0000
vt 0.2286 0.8250 0.0000
vt 0.2187 0.8065 0.0000
vt 0.2190 0.8257 0.0000
vt 0.2097 0.8063 0.0000
vt 0.2094 0.8256 0.0000
vt 0.2011 0.8058 0.0000
vt 0.2004 0.8250 0.0000
vt 0.1922 0.8046 0.0000
vt 0.1912 0.8240 0.0000
vt 0.2563 0.8032 0.0000
vt 0.2574 0.8221 0.0000
vt 0.2383 0.8429 0.0000
vt 0.2476 0.8415 0.0000
vt 0.2499 0.8809 0.0000
vt 0.2404 0.8820 0.0000
vt 0.2290 0.8443 0.0000
vt 0.2308 0.8826 0.0000
vt 0.2197 0.8452 0.0000
vt 0.2208 0.8832 0.0000
vt 0.2094 0.8452 0.0000
vt 0.2098 0.8833 0.0000
vt 0.2001 0.8443 0.0000
vt 0.2000 0.8832 0.0000
vt 0.1907 0.8431 0.0000
vt 0.1903 0.8828 0.0000
vt 0.2581 0.8405 0.0000
vt 0.1808 0.8823 0.0000
vt 0.2282 0.7878 0.0000
vt 0.2191 0.7878 0.0000
vt 0.2102 0.7881 0.0000
vt 0.2014 0.7880 0.0000
vt 0.1927 0.7874 0.0000
vt 0.2558 0.7869 0.0000
vt 0.2462 0.7870 0.0000
vt 0.2370 0.7876 0.0000
vt 0.2463 0.6544 0.0000
vt 0.2379 0.6567 0.0000
vt 0.2377 0.6435 0.0000
vt 0.2459 0.6418 0.0000
vt 0.2293 0.6589 0.0000
vt 0.2295 0.6434 0.0000
vt 0.2206 0.6596 0.0000
vt 0.2213 0.6419 0.0000
vt 0.2120 0.6584 0.0000
vt 0.2130 0.6404 0.0000
vt 0.2036 0.6557 0.0000
vt 0.2050 0.6395 0.0000
vt 0.1948 0.6520 0.0000
vt 0.1966 0.6383 0.0000
vt 0.1850 0.6505 0.0000
vt 0.2554 0.6403 0.0000
vt 0.2393 0.6276 0.0000
vt 0.2478 0.6267 0.0000
vt 0.2307 0.6271 0.0000
vt 0.2222 0.6256 0.0000
vt 0.2139 0.6235 0.0000
vt 0.2059 0.6217 0.0000
vt 0.1971 0.6207 0.0000
vt 0.2574 0.6250 0.0000
vt 0.2374 0.1405 0.0000
vt 0.6219 0.0789 0.0000
vt 0.6211 0.1026 0.0000
vt 0.6208 0.0487 0.0000
vt 0.6218 0.0724 0.0000
vt 0.6410 0.0444 0.0000
vt 0.7089 0.0722 0.0000
vt 0.7081 0.0493 0.0000
vt 0.7083 0.1017 0.0000
vt 0.7090 0.0787 0.0000
vt 0.6413 0.1068 0.0000
vt 0.7022 0.0452 0.0000
vt 0.7025 0.1058 0.0000
vt 0.3005 0.1120 0.0000
vt 0.3009 0.1533 0.0000
vt 0.2601 0.1596 0.0000
vt 0.2373 0.1477 0.0000
vt 0.2626 0.1807 0.0000
vt 0.2380 0.1678 0.0000
vt 0.2660 0.2042 0.0000
vt 0.3891 0.2869 0.0000
vt 0.2881 0.4875 0.0000
vt 0.2671 0.4877 0.0000
vt 0.4063 0.3879 0.0000
vt 0.2181 0.5809 0.0000
vt 0.2108 0.5810 0.0000
vt 0.2117 0.5541 0.0000
vt 0.2190 0.5541 0.0000
vt 0.2255 0.5811 0.0000
vt 0.2263 0.5543 0.0000
vt 0.2341 0.5815 0.0000
vt 0.2354 0.5548 0.0000
vt 0.2427 0.5820 0.0000
vt 0.2446 0.5552 0.0000
vt 0.2503 0.5824 0.0000
vt 0.2522 0.5556 0.0000
vt 0.1933 0.5813 0.0000
vt 0.2597 0.5561 0.0000
vt 0.2020 0.5812 0.0000
vt 0.2027 0.5544 0.0000
vt 0.9345 0.0805 0.0000
vt 0.9281 0.0805 0.0000
vt 0.8494 0.3041 0.0000
vt 0.8395 0.2941 0.0000
vt 0.9349 0.0927 0.0000
vt 0.8515 0.3179 0.0000
vt 0.9285 0.0926 0.0000
vt 0.8451 0.3303 0.0000
vt 0.9355 0.1048 0.0000
vt 0.8326 0.3366 0.0000
vt 0.9291 0.1048 0.0000
vt 0.8188 0.3344 0.0000
vt 0.9360 0.1169 0.0000
vt 0.8090 0.3245 0.0000
vt 0.9296 0.1169 0.0000
vt 0.8068 0.3107 0.0000
vt 0.9364 0.1290 0.0000
vt 0.8132 0.2982 0.0000
vt 0.9296 0.0077 0.0000
vt 0.8257 0.2919 0.0000
vt 0.8292 0.3143 0.0000
vt 0.5254 0.2536 0.0000
vt 0.1057 0.1380 0.0000
vt 0.1262 0.1376 0.0000
vt 0.5480 0.2505 0.0000
vt 0.1262 0.1681 0.0000
vt 0.5503 0.2748 0.0000
vt 0.1057 0.1678 0.0000
vt 0.5396 0.2749 0.0000
vt 0.1262 0.1773 0.0000
vt 0.0556 0.3049 0.0000
vt 0.1057 0.1772 0.0000
vt 0.1262 0.1934 0.0000
vt 0.1057 0.1923 0.0000
vt 0.1057 0.3330 0.0000
vt 0.1058 0.3019 0.0000
vt 0.1110 0.3019 0.0000
vt 0.1604 0.1690 0.0000
vt 0.1604 0.1381 0.0000
vt 0.1874 0.1368 0.0000
vt 0.1874 0.1690 0.0000
vt 0.1604 0.1781 0.0000
vt 0.4615 0.1773 0.0000
vt 0.4537 0.1914 0.0000
vt 0.4193 0.1969 0.0000
vt 0.4128 0.1852 0.0000
vt 0.0561 0.2946 0.0000
vt 0.0724 0.2960 0.0000
vt 0.0719 0.3062 0.0000
vt 0.0561 0.3341 0.0000
vt 0.1874 0.1786 0.0000
vt 0.5323 0.2689 0.0000
vt 0.5697 0.2457 0.0000
vt 0.1606 0.1938 0.0000
vt 0.1874 0.1944 0.0000
vt 0.1604 0.2588 0.0000
vt 0.1604 0.2508 0.0000
vt 0.4446 0.2003 0.0000
vt 0.2869 0.4376 0.0000
vt 0.3600 0.4950 0.0000
vt 0.1873 0.2510 0.0000
vt 0.1873 0.2596 0.0000
vt 0.5578 0.2682 0.0000
vt 0.1604 0.2724 0.0000
vt 0.1975 0.2738 0.0000
vt 0.5534 0.2174 0.0000
vt 0.1604 0.3013 0.0000
vt 0.1873 0.3016 0.0000
vt 0.1873 0.3324 0.0000
vt 0.1873 0.2906 0.0000
vt 0.5536 0.1736 0.0000
vt 0.4312 0.2028 0.0000
vt 0.8697 0.1544 0.0000
vt 0.8677 0.1977 0.0000
vt 0.8372 0.0208 0.0000
vt 0.8174 0.0208 0.0000
vt 0.8579 0.1996 0.0000
vt 0.8589 0.1660 0.0000
vt 0.8953 0.1977 0.0000
vt 0.8933 0.1544 0.0000
vt 0.9041 0.1660 0.0000
vt 0.9051 0.1996 0.0000
vt 0.8883 0.1912 0.0000
vt 0.8865 0.1545 0.0000
vt 0.8747 0.1912 0.0000
vt 0.8765 0.1545 0.0000
vt 0.8600 0.1425 0.0000
vt 0.9030 0.1425 0.0000
vt 0.8716 0.1083 0.0000
vt 0.8617 0.1060 0.0000
vt 0.8780 0.1153 0.0000
vt 0.8849 0.1153 0.0000
vt 0.8236 0.0166 0.0000
vt 0.8310 0.0165 0.0000
vt 0.8914 0.1083 0.0000
vt 0.9013 0.1060 0.0000
vt 0.9103 0.1488 0.0000
vt 0.9110 0.1581 0.0000
vt 0.8520 0.1581 0.0000
vt 0.8527 0.1488 0.0000
vt 0.8435 0.1495 0.0000
vt 0.8430 0.1562 0.0000
vt 0.8165 0.1545 0.0000
vt 0.8168 0.1479 0.0000
vt 0.9200 0.1562 0.0000
vt 0.9195 0.1495 0.0000
vt 0.9462 0.1479 0.0000
vt 0.9466 0.1544 0.0000
vt 0.8603 0.0169 0.0000
vt 0.8671 0.0169 0.0000
vt 0.8680 0.0513 0.0000
vt 0.8594 0.0513 0.0000
vt 0.8677 0.0570 0.0000
vt 0.8595 0.0569 0.0000
vt 0.8970 0.0916 0.0000
vt 0.8896 0.0916 0.0000
vt 0.8888 0.0586 0.0000
vt 0.8978 0.0586 0.0000
vt 0.8890 0.0521 0.0000
vt 0.8976 0.0521 0.0000
vt 0.8894 0.0441 0.0000
vt 0.8971 0.0443 0.0000
vt 0.8674 0.0651 0.0000
vt 0.8598 0.0652 0.0000
vt 0.5752 0.1746 0.0000
vt 0.0556 0.3236 0.0000
vt 0.2394 0.1924 0.0000
vt 0.2706 0.2261 0.0000
vt 0.2411 0.2129 0.0000
vt 0.2474 0.0890 0.0000
vt 0.4731 0.3529 0.0000
vt 0.2356 0.0903 0.0000
vt 0.2341 0.0660 0.0000
vt 0.2668 0.0112 0.0000
vt 0.3675 0.0109 0.0000
vt 0.1874 0.0978 0.0000
vt 0.2152 0.0965 0.0000
vt 0.2152 0.1129 0.0000
vt 0.0719 0.3235 0.0000
vt 0.0723 0.3339 0.0000
vt 0.0583 0.2833 0.0000
vt 0.0758 0.2301 0.0000
vt 0.0741 0.2869 0.0000
vt 0.0758 0.1845 0.0000
vt 0.0965 0.1845 0.0000
vt 0.0965 0.2301 0.0000
vt 0.0758 0.1649 0.0000
vt 0.2152 0.1423 0.0000
vt 0.0965 0.1649 0.0000
vt 0.0599 0.2298 0.0000
vt 0.0601 0.1711 0.0000
vt 0.0448 0.1711 0.0000
vt 0.0264 0.2298 0.0000
vt 0.0181 0.1962 0.0000
vt 0.0599 0.2036 0.0000
vt 0.0294 0.1962 0.0000
vt 0.0228 0.1710 0.0000
vt 0.0601 0.1962 0.0000
vt 0.0447 0.1962 0.0000
vt 0.0758 0.2589 0.0000
vt 0.0676 0.3967 0.0000
vt 0.0159 0.3956 0.0000
vt 0.0158 0.3862 0.0000
vt 0.0673 0.3628 0.0000
vt 0.0676 0.4122 0.0000
vt 0.0159 0.4119 0.0000
vt 0.0159 0.4035 0.0000
vt 0.0675 0.4041 0.0000
vt 0.0270 0.6576 0.0000
vt 0.2421 0.6051 0.0000
vt 0.2508 0.6065 0.0000
vt 0.2333 0.6024 0.0000
vt 0.2234 0.5998 0.0000
vt 0.2137 0.5987 0.0000
vt 0.2057 0.5988 0.0000
vt 0.1981 0.5999 0.0000
vt 0.1889 0.6013 0.0000
vt 0.1978 0.5967 0.0000
vt 0.2058 0.5955 0.0000
vt 0.2143 0.5955 0.0000
vt 0.2241 0.5965 0.0000
vt 0.2340 0.5990 0.0000
vt 0.2428 0.6015 0.0000
vt 0.2509 0.6029 0.0000
vt 0.2592 0.6017 0.0000
vt 0.1832 0.7868 0.0000
vt 0.1826 0.8035 0.0000
vt 0.2608 0.6050 0.0000
vt 0.1899 0.5976 0.0000
vt 0.2573 0.6749 0.0000
vt 0.2558 0.6526 0.0000
vt 0.1864 0.6224 0.0000
vt 0.1861 0.6382 0.0000
vt 0.1831 0.7697 0.0000
vt 0.1816 0.8230 0.0000
vt 0.1811 0.8421 0.0000
vt 0.2604 0.8802 0.0000
vt 0.2572 0.7509 0.0000
vt 0.2577 0.5828 0.0000
vt 0.1934 0.5545 0.0000
vt 0.7300 0.3459 0.0000
vt 0.7271 0.3641 0.0000
vt 0.7430 0.3477 0.0000
vt 0.7424 0.3659 0.0000
vt 0.7579 0.3669 0.0000
vt 0.7578 0.3485 0.0000
vt 0.7710 0.3487 0.0000
vt 0.7723 0.3704 0.0000
vt 0.9211 0.3583 0.0000
vt 0.8481 0.3500 0.0000
vt 0.9150 0.3511 0.0000
vt 0.8500 0.3885 0.0000
vt 0.8492 0.3746 0.0000
vt 0.9191 0.3874 0.0000
vt 0.3980 0.5790 0.0000
vt 0.6793 0.4558 0.0000
vt 0.6897 0.4587 0.0000
vt 0.6831 0.4697 0.0000
vt 0.6740 0.4865 0.0000
vt 0.8505 0.4164 0.0000
vt 0.8504 0.4064 0.0000
vt 0.9167 0.4063 0.0000
vt 0.9073 0.4139 0.0000
vt 0.6675 0.4831 0.0000
vt 0.5688 0.4304 0.0000
vt 0.7846 0.3490 0.0000
vt 0.7842 0.3798 0.0000
vt 0.6927 0.3471 0.0000
vt 0.7132 0.3313 0.0000
vt 0.7270 0.4184 0.0000
vt 0.7299 0.4085 0.0000
vt 0.7515 0.4178 0.0000
vt 0.5720 0.4382 0.0000
vt 0.5684 0.4407 0.0000
vt 0.5621 0.4370 0.0000
vt 0.5623 0.4637 0.0000
vt 0.5682 0.4639 0.0000
vt 0.7297 0.3964 0.0000
vt 0.7552 0.4068 0.0000
vt 0.6859 0.3364 0.0000
vt 0.7102 0.3185 0.0000
vt 0.7538 0.3960 0.0000
vt 0.7313 0.3937 0.0000
vt 0.7390 0.3890 0.0000
vt 0.7488 0.3905 0.0000
vt 0.7077 0.3160 0.0000
vt 0.6844 0.3246 0.0000
vt 0.6883 0.3174 0.0000
vt 0.6983 0.3131 0.0000
vt 0.8004 0.4081 0.0000
vt 0.8098 0.4156 0.0000
vt 0.7910 0.3890 0.0000
vt 0.5634 0.4829 0.0000
vt 0.5689 0.4799 0.0000
vt 0.6651 0.4933 0.0000
vt 0.7134 0.4314 0.0000
vt 0.7168 0.4441 0.0000
vt 0.7047 0.4334 0.0000
vt 0.7064 0.4465 0.0000
vt 0.6978 0.4342 0.0000
vt 0.6977 0.4503 0.0000
vt 0.6618 0.4873 0.0000
vt 0.5718 0.4898 0.0000
vt 0.7181 0.4250 0.0000
vt 0.5967 0.2802 0.0000
vt 0.5842 0.2799 0.0000
vt 0.5954 0.3307 0.0000
vt 0.5848 0.3310 0.0000
vt 0.5840 0.2909 0.0000
vt 0.5965 0.2912 0.0000
vt 0.6555 0.3766 0.0000
vt 0.5963 0.2987 0.0000
vt 0.5843 0.3148 0.0000
vt 0.7247 0.3797 0.0000
vt 0.6511 0.3333 0.0000
vt 0.6525 0.3359 0.0000
vt 0.6426 0.3364 0.0000
vt 0.6412 0.3339 0.0000
vt 0.6584 0.3429 0.0000
vt 0.6599 0.3455 0.0000
vt 0.6500 0.3456 0.0000
vt 0.6485 0.3431 0.0000
vt 0.6537 0.3684 0.0000
vt 0.6526 0.3625 0.0000
vt 0.6625 0.3624 0.0000
vt 0.6636 0.3683 0.0000
vt 0.6092 0.3682 0.0000
vt 0.6164 0.3691 0.0000
vt 0.6025 0.3663 0.0000
vt 0.6476 0.3686 0.0000
vt 0.6146 0.3492 0.0000
vt 0.6250 0.3474 0.0000
vt 0.6258 0.3518 0.0000
vt 0.6154 0.3537 0.0000
vt 0.6106 0.3265 0.0000
vt 0.6114 0.3236 0.0000
vt 0.6218 0.3218 0.0000
vt 0.6210 0.3247 0.0000
vt 0.6162 0.3151 0.0000
vt 0.6174 0.3121 0.0000
vt 0.6279 0.3107 0.0000
vt 0.6267 0.3136 0.0000
vt 0.6287 0.2860 0.0000
vt 0.6284 0.2931 0.0000
vt 0.6179 0.2945 0.0000
vt 0.6182 0.2873 0.0000
vt 0.6189 0.2773 0.0000
vt 0.6295 0.2760 0.0000
vt 0.6341 0.4506 0.0000
vt 0.6275 0.4519 0.0000
vt 0.5984 0.4514 0.0000
vt 0.5922 0.4473 0.0000
vt 0.5902 0.4588 0.0000
vt 0.5955 0.4651 0.0000
vt 0.6275 0.4646 0.0000
vt 0.6349 0.4638 0.0000
vt 0.6417 0.4617 0.0000
vt 0.6480 0.4570 0.0000
vt 0.9560 0.0199 0.0000
vt 0.9560 0.0321 0.0000
vt 0.9462 0.0321 0.0000
vt 0.9462 0.0199 0.0000
vt 0.9560 0.0443 0.0000
vt 0.9462 0.0443 0.0000
vt 0.9560 0.0565 0.0000
vt 0.9461 0.0565 0.0000
vt 0.9560 0.0686 0.0000
vt 0.9461 0.0686 0.0000
vt 0.9560 0.0808 0.0000
vt 0.9461 0.0808 0.0000
vt 0.9559 0.0930 0.0000
vt 0.9461 0.0930 0.0000
vt 0.9559 0.1052 0.0000
vt 0.9461 0.1051 0.0000
vt 0.9559 0.1173 0.0000
vt 0.9461 0.1173 0.0000
vt 0.9559 0.1295 0.0000
vt 0.9462 0.0078 0.0000
vt 0.9561 0.0078 0.0000
vt 0.9461 0.1295 0.0000
vt 0.9360 0.0077 0.0000
vt 0.9300 0.1290 0.0000
vt 0.7618 0.2329 0.0000
vt 0.7637 0.2403 0.0000
vt 0.7696 0.2317 0.0000
vt 0.7706 0.2392 0.0000
vt 0.7775 0.2313 0.0000
vt 0.7775 0.2389 0.0000
vt 0.7854 0.2317 0.0000
vt 0.7844 0.2392 0.0000
vt 0.7932 0.2329 0.0000
vt 0.7912 0.2403 0.0000
vt 0.8007 0.2350 0.0000
vt 0.7978 0.2421 0.0000
vt 0.7342 0.2471 0.0000
vt 0.8154 0.2527 0.0000
vt 0.9405 0.2153 0.0000
vt 0.9240 0.2254 0.0000
vt 0.9195 0.2442 0.0000
vt 0.9296 0.2608 0.0000
vt 0.9485 0.2653 0.0000
vt 0.9650 0.2552 0.0000
vt 0.9695 0.2363 0.0000
vt 0.9594 0.2198 0.0000
vt 0.8669 0.0912 0.0000
vt 0.8601 0.0912 0.0000
vt 0.8897 0.0181 0.0000
vt 0.8966 0.0182 0.0000
vt 0.9044 0.0909 0.0000
vt 0.9060 0.0596 0.0000
vt 0.8822 0.0909 0.0000
vt 0.8806 0.0596 0.0000
vt 0.8514 0.0503 0.0000
vt 0.8529 0.0174 0.0000
vt 0.8760 0.0503 0.0000
vt 0.8744 0.0174 0.0000
vt 0.8817 0.0512 0.0000
vt 0.8524 0.0574 0.0000
vt 0.9048 0.0512 0.0000
vt 0.8749 0.0574 0.0000
vt 0.8739 0.0654 0.0000
vt 0.8730 0.0911 0.0000
vt 0.8532 0.0654 0.0000
vt 0.8541 0.0911 0.0000
vt 0.8828 0.0433 0.0000
vt 0.8838 0.0181 0.0000
vt 0.9025 0.0182 0.0000
vt 0.9036 0.0434 0.0000
vt 0.8174 0.1203 0.0000
vt 0.8372 0.1203 0.0000
vt 0.8372 0.1299 0.0000
vt 0.8174 0.1300 0.0000
vt 0.8385 0.0741 0.0000
vt 0.8160 0.0741 0.0000
vt 0.8174 0.0393 0.0000
vt 0.8372 0.0393 0.0000
vt 0.8174 0.0302 0.0000
vt 0.8372 0.0302 0.0000
vt 0.8372 0.1113 0.0000
vt 0.8174 0.1113 0.0000
vt 0.8310 0.1340 0.0000
vt 0.8236 0.1340 0.0000
vt 0.9265 0.1824 0.0000
vt 0.9280 0.1766 0.0000
vt 0.9404 0.1886 0.0000
vt 0.9322 0.1926 0.0000
vt 0.9527 0.1886 0.0000
vt 0.9661 0.1820 0.0000
vt 0.9646 0.1761 0.0000
vt 0.9604 0.1717 0.0000
vt 0.9278 0.1998 0.0000
vt 0.9604 0.1922 0.0000
vt 0.9648 0.1646 0.0000
vt 0.9322 0.1722 0.0000
vt 0.4162 0.0729 0.0000
vt 0.4123 0.0685 0.0000
vt 0.4162 0.0228 0.0000
vt 0.4156 0.0303 0.0000
vt 0.5337 0.0661 0.0000
vt 0.5055 0.0698 0.0000
vt 0.5337 0.0300 0.0000
vt 0.5037 0.0295 0.0000
vt 0.4325 0.0694 0.0000
vt 0.4299 0.0222 0.0000
vt 0.4538 0.0700 0.0000
vt 0.4525 0.0215 0.0000
vt 0.4763 0.0687 0.0000
vt 0.4765 0.0231 0.0000
vt 0.4970 0.0671 0.0000
vt 0.4984 0.0251 0.0000
vt 0.5332 0.0593 0.0000
vt 0.5332 0.0368 0.0000
vt 0.6621 0.1802 0.0000
vt 0.6621 0.1724 0.0000
vt 0.6073 0.1803 0.0000
vt 0.6073 0.1724 0.0000
vt 0.6857 0.1724 0.0000
vt 0.6857 0.1802 0.0000
vt 0.5775 0.0121 0.0000
vt 0.5855 0.0121 0.0000
vt 0.5855 0.0196 0.0000
vt 0.5775 0.0196 0.0000
vt 0.6509 0.0196 0.0000
vt 0.6242 0.0196 0.0000
vt 0.6242 0.0121 0.0000
vt 0.6509 0.0121 0.0000
vt 0.6056 0.0121 0.0000
vt 0.6056 0.0196 0.0000
vt 0.5607 0.0251 0.0000
vt 0.5826 0.0278 0.0000
vt 0.5824 0.0343 0.0000
vt 0.5604 0.0337 0.0000
vt 0.6842 0.0354 0.0000
vt 0.6627 0.0345 0.0000
vt 0.6627 0.0279 0.0000
vt 0.6842 0.0269 0.0000
vt 0.6020 0.0281 0.0000
vt 0.6020 0.0346 0.0000
vt 0.6560 0.0280 0.0000
vt 0.6560 0.0345 0.0000
vt 0.7810 0.0991 0.0000
vt 0.7810 0.1070 0.0000
vt 0.7513 0.1070 0.0000
vt 0.7513 0.0991 0.0000
vt 0.7810 0.0582 0.0000
vt 0.7810 0.0661 0.0000
vt 0.7513 0.0661 0.0000
vt 0.7513 0.0582 0.0000
vt 0.7701 0.1095 0.0000
vt 0.7636 0.1095 0.0000
vt 0.7636 0.0557 0.0000
vt 0.7701 0.0557 0.0000
vt 0.7684 0.1131 0.0000
vt 0.7654 0.1131 0.0000
vt 0.7654 0.0521 0.0000
vt 0.7684 0.0521 0.0000
vt 0.7827 0.0907 0.0000
vt 0.7913 0.0761 0.0000
vt 0.7428 0.0907 0.0000
vt 0.7496 0.0761 0.0000
vt 0.0182 0.6201 0.0000
vt 0.0269 0.6201 0.0000
vt 0.0182 0.6510 0.0000
vt 0.0182 0.6425 0.0000
vt 0.0269 0.6425 0.0000
vt 0.0270 0.6510 0.0000
vt 0.0182 0.6271 0.0000
vt 0.0269 0.6271 0.0000
vt 0.0182 0.6335 0.0000
vt 0.0269 0.6335 0.0000
vt 0.0183 0.5394 0.0000
vt 0.0124 0.5523 0.0000
vt 0.0124 0.5440 0.0000
vt 0.0270 0.5048 0.0000
vt 0.0183 0.5048 0.0000
vt 0.0183 0.6886 0.0000
vt 0.0270 0.6886 0.0000
vt 0.6942 0.1640 0.0000
vt 0.7001 0.1239 0.0000
vt 0.6861 0.1240 0.0000
vt 0.6410 0.1240 0.0000
vt 0.6410 0.1640 0.0000
vt 0.6410 0.1573 0.0000
vt 0.6410 0.1506 0.0000
vt 0.6410 0.1440 0.0000
vt 0.6410 0.1373 0.0000
vt 0.6410 0.1306 0.0000
vt 0.2579 0.0768 0.0000
vt 0.2726 0.2392 0.0000
vt 0.2527 0.2386 0.0000
vt 0.2764 0.3248 0.0000
vt 0.2524 0.3245 0.0000
vt 0.3719 0.3246 0.0000
vt 0.3498 0.3248 0.0000
vt 0.2902 0.1071 0.0000
vt 0.3670 0.0709 0.0000
vt 0.3140 0.1003 0.0000
vt 0.3151 0.0806 0.0000
vt 0.3128 0.0713 0.0000
vt 0.3888 0.0644 0.0000
vt 0.2339 0.0510 0.0000
vt 0.2462 0.0498 0.0000
vt 0.2920 0.1043 0.0000
vt 0.3096 0.1043 0.0000
vt 0.3114 0.1071 0.0000
vt 0.2873 0.1004 0.0000
vt 0.2858 0.0808 0.0000
vt 0.2923 0.0617 0.0000
vt 0.2881 0.0715 0.0000
vt 0.3670 0.0621 0.0000
vt 0.3084 0.0616 0.0000
vt 0.3890 0.0569 0.0000
vt 0.3719 0.3429 0.0000
vt 0.3498 0.3428 0.0000
vt 0.2764 0.3428 0.0000
vt 0.2523 0.3426 0.0000
vt 0.3717 0.3639 0.0000
vt 0.3496 0.3634 0.0000
vt 0.2785 0.3633 0.0000
vt 0.2523 0.3631 0.0000
vt 0.3713 0.3887 0.0000
vt 0.3491 0.3896 0.0000
vt 0.2831 0.3896 0.0000
vt 0.2525 0.3900 0.0000
vt 0.3719 0.4368 0.0000
vt 0.3600 0.4513 0.0000
vt 0.2527 0.4143 0.0000
vt 0.3891 0.0324 0.0000
vt 0.3898 0.0400 0.0000
vt 0.3778 0.0391 0.0000
vt 0.3675 0.0399 0.0000
vt 0.3011 0.0463 0.0000
vt 0.3009 0.0400 0.0000
vt 0.2331 0.0353 0.0000
vt 0.2336 0.0279 0.0000
vt 0.2458 0.0276 0.0000
vt 0.2573 0.0466 0.0000
vt 0.3674 0.0200 0.0000
vt 0.3889 0.0266 0.0000
vt 0.2995 0.0202 0.0000
vt 0.2461 0.0076 0.0000
vt 0.2576 0.0199 0.0000
vt 0.2574 0.0399 0.0000
vt 0.2457 0.0343 0.0000
vt 0.2578 0.0621 0.0000
vt 0.3776 0.0325 0.0000
vt 0.3776 0.0125 0.0000
vt 0.3772 0.0546 0.0000
vt 0.3677 0.0465 0.0000
vt 0.3675 0.2086 0.0000
vt 0.3658 0.2172 0.0000
vt 0.2464 0.0645 0.0000
vt 0.3771 0.0635 0.0000
vt 0.3761 0.0936 0.0000
vt 0.3756 0.0996 0.0000
vt 0.2610 0.2269 0.0000
vt 0.3637 0.2303 0.0000
vt 0.2411 0.2263 0.0000
vt 0.2590 0.2138 0.0000
vt 0.2590 0.1013 0.0000
vt 0.2544 0.1919 0.0000
vt 0.2511 0.1684 0.0000
vt 0.2485 0.1473 0.0000
vt 0.2486 0.1412 0.0000
vt 0.2478 0.0996 0.0000
vt 0.2479 0.0959 0.0000
vt 0.3722 0.2373 0.0000
vt 0.3579 0.2060 0.0000
vt 0.3720 0.1732 0.0000
vt 0.3745 0.1521 0.0000
vt 0.3745 0.1459 0.0000
vt 0.3756 0.1045 0.0000
vt 0.4691 0.3553 0.0000
vt 0.5043 0.3091 0.0000
vt 0.4979 0.3242 0.0000
vt 0.4808 0.2653 0.0000
vt 0.4790 0.2899 0.0000
vt 0.4458 0.2784 0.0000
vt 0.4683 0.2413 0.0000
vt 0.4595 0.2486 0.0000
vt 0.4370 0.2227 0.0000
vt 0.5069 0.2994 0.0000
vt 0.5117 0.3050 0.0000
vt 0.4927 0.2475 0.0000
vt 0.5043 0.2903 0.0000
vt 0.5004 0.2918 0.0000
vt 0.4951 0.2711 0.0000
vt 0.4898 0.2507 0.0000
vt 0.4408 0.2265 0.0000
vt 0.4676 0.2309 0.0000
vt 0.4376 0.2280 0.0000
vt 0.4084 0.2696 0.0000
vt 0.5363 0.3049 0.0000
vt 0.5117 0.3002 0.0000
vt 0.5363 0.3026 0.0000
vt 0.4516 0.2572 0.0000
vt 0.4084 0.2735 0.0000
vt 0.4346 0.2250 0.0000
vt 0.4476 0.2134 0.0000
vt 0.4516 0.2128 0.0000
vt 0.4133 0.3695 0.0000
vt 0.4062 0.3543 0.0000
vt 0.4188 0.3599 0.0000
vt 0.4105 0.3602 0.0000
vt 0.4821 0.4428 0.0000
vt 0.4910 0.4521 0.0000
vt 0.4740 0.4562 0.0000
vt 0.4527 0.4592 0.0000
vt 0.4809 0.4293 0.0000
vt 0.4919 0.4156 0.0000
vt 0.5131 0.4467 0.0000
vt 0.5033 0.4511 0.0000
vt 0.4991 0.4364 0.0000
vt 0.4928 0.4487 0.0000
vt 0.4856 0.4412 0.0000
vt 0.5186 0.4377 0.0000
vt 0.4847 0.4303 0.0000
vt 0.5186 0.4278 0.0000
vt 0.5340 0.4363 0.0000
vt 0.5243 0.4307 0.0000
vt 0.5071 0.4154 0.0000
vt 0.5160 0.4211 0.0000
vt 0.5027 0.3653 0.0000
vt 0.4845 0.3866 0.0000
vt 0.4980 0.3607 0.0000
vt 0.3676 0.0130 0.0000
vt 0.2996 0.0132 0.0000
vt 0.2579 0.0134 0.0000
vt 0.2578 0.0112 0.0000
vt 0.3810 0.4938 0.0000
vt 0.3826 0.4558 0.0000
vt 0.3795 0.5334 0.0000
vt 0.3601 0.5341 0.0000
vt 0.2884 0.5207 0.0000
vt 0.2675 0.5208 0.0000
vt 0.2473 0.4880 0.0000
vt 0.2466 0.4144 0.0000
vt 0.2152 0.1678 0.0000
vt 0.2152 0.1784 0.0000
vt 0.2152 0.1944 0.0000
vt 0.2152 0.2519 0.0000
vt 0.2152 0.2622 0.0000
vt 0.2152 0.2746 0.0000
vt 0.1262 0.0995 0.0000
vt 0.1054 0.0995 0.0000
vt 0.1054 0.0882 0.0000
vt 0.1262 0.0883 0.0000
vt 0.1606 0.0998 0.0000
vt 0.1606 0.0887 0.0000
vt 0.1874 0.0877 0.0000
vt 0.2152 0.0859 0.0000
vt 0.2152 0.0434 0.0000
vt 0.1874 0.0432 0.0000
vt 0.1975 0.0112 0.0000
vt 0.2162 0.0109 0.0000
vt 0.1263 0.0425 0.0000
vt 0.1263 0.0107 0.0000
vt 0.1054 0.0424 0.0000
vt 0.1054 0.0107 0.0000
vt 0.1975 0.2420 0.0000
vt 0.2152 0.2420 0.0000
vt 0.1873 0.2277 0.0000
vt 0.2152 0.2278 0.0000
vt 0.1601 0.2276 0.0000
vt 0.1262 0.2278 0.0000
vt 0.1057 0.2277 0.0000
vt 0.2152 0.1276 0.0000
vt 0.1262 0.2429 0.0000
vt 0.1179 0.2426 0.0000
vt 0.1604 0.2425 0.0000
vt 0.1179 0.2484 0.0000
vt 0.1057 0.2484 0.0000
vt 0.1110 0.2615 0.0000
vt 0.1057 0.2616 0.0000
vt 0.1180 0.2614 0.0000
vt 0.1180 0.3019 0.0000
vt 0.2051 0.3315 0.0000
vt 0.2051 0.3560 0.0000
vt 0.1057 0.3563 0.0000
vt 0.1057 0.3798 0.0000
vt 0.2051 0.3796 0.0000
vt 0.2051 0.4233 0.0000
vt 0.1057 0.4235 0.0000
vt 0.1180 0.2749 0.0000
vt 0.1110 0.2749 0.0000
vt 0.0854 0.3563 0.0000
vt 0.0854 0.3330 0.0000
vt 0.0854 0.3798 0.0000
vt 0.0967 0.4236 0.0000
vt 0.0855 0.4235 0.0000
vt 0.0855 0.4452 0.0000
vt 0.0854 0.3018 0.0000
vt 0.1057 0.2792 0.0000
vt 0.0853 0.2792 0.0000
vt 0.1873 0.2420 0.0000
vt 0.1975 0.2510 0.0000
vt 0.1975 0.0978 0.0000
vt 0.1975 0.1368 0.0000
vt 0.1975 0.1944 0.0000
vt 0.1975 0.2277 0.0000
vt 0.1975 0.0432 0.0000
vt 0.3494 0.5200 0.0000
vt 0.1874 0.0112 0.0000
vt 0.3493 0.4809 0.0000
vt 0.1975 0.0877 0.0000
vt 0.1975 0.2596 0.0000
vt 0.1873 0.2738 0.0000
vt 0.1975 0.1786 0.0000
vt 0.1975 0.1690 0.0000
vt 0.3493 0.4372 0.0000
vt 0.3826 0.4509 0.0000
vt 0.4255 0.1600 0.0000
vt 0.4505 0.1594 0.0000
vt 0.4137 0.1738 0.0000
vt 0.4164 0.1637 0.0000
vt 0.4670 0.1746 0.0000
vt 0.4654 0.1594 0.0000
vt 0.4803 0.1595 0.0000
vt 0.4732 0.1778 0.0000
vt 0.5010 0.2014 0.0000
vt 0.4912 0.1982 0.0000
vt 0.4959 0.1612 0.0000
vt 0.5050 0.1643 0.0000
vt 0.5332 0.1966 0.0000
vt 0.5756 0.2112 0.0000
vt 0.5758 0.2329 0.0000
vt 0.5532 0.2451 0.0000
vt 0.5751 0.1589 0.0000
vt 0.5477 0.1557 0.0000
vt 0.5725 0.1497 0.0000
vt 0.5383 0.1409 0.0000
vt 0.5469 0.1354 0.0000
vt 0.5531 0.1258 0.0000
vt 0.5469 0.1269 0.0000
vt 0.5172 0.0899 0.0000
vt 0.5274 0.0957 0.0000
vt 0.5176 0.1050 0.0000
vt 0.4703 0.0899 0.0000
vt 0.4542 0.1052 0.0000
vt 0.4047 0.0901 0.0000
vt 0.4382 0.0899 0.0000
vt 0.4109 0.1055 0.0000
vt 0.5198 0.1356 0.0000
vt 0.5199 0.1268 0.0000
vt 0.4281 0.1409 0.0000
vt 0.0737 0.3435 0.0000
vt 0.0577 0.3459 0.0000
vt 0.0454 0.3222 0.0000
vt 0.0414 0.3222 0.0000
vt 0.0415 0.3141 0.0000
vt 0.0456 0.3141 0.0000
vt 0.0415 0.3066 0.0000
vt 0.0456 0.3066 0.0000
vt 0.0454 0.3419 0.0000
vt 0.0414 0.3419 0.0000
vt 0.0413 0.3293 0.0000
vt 0.0453 0.3292 0.0000
vt 0.0413 0.2874 0.0000
vt 0.0453 0.2874 0.0000
vt 0.0965 0.2589 0.0000
vt 0.0969 0.2667 0.0000
vt 0.0756 0.2667 0.0000
vt 0.0758 0.1466 0.0000
vt 0.0758 0.0227 0.0000
vt 0.0968 0.0227 0.0000
vt 0.0968 0.1373 0.0000
vt 0.0758 0.0126 0.0000
vt 0.0967 0.0126 0.0000
vt 0.0758 0.1373 0.0000
vt 0.0968 0.1466 0.0000
vt 0.0569 0.2632 0.0000
vt 0.0569 0.2715 0.0000
vt 0.0412 0.2716 0.0000
vt 0.0240 0.2632 0.0000
vt 0.0569 0.2473 0.0000
vt 0.0240 0.2473 0.0000
vt 0.0412 0.2391 0.0000
vt 0.0569 0.2393 0.0000
vt 0.0261 0.2430 0.0000
vt 0.0261 0.2677 0.0000
vt 0.0179 0.1710 0.0000
vt 0.0264 0.2036 0.0000
vt 0.0228 0.1962 0.0000
vt 0.0294 0.1710 0.0000
vt 0.0475 0.0732 0.0000
vt 0.0608 0.0674 0.0000
vt 0.0608 0.1399 0.0000
vt 0.0475 0.1341 0.0000
vt 0.0094 0.0637 0.0000
vt 0.0375 0.0638 0.0000
vt 0.0376 0.1327 0.0000
vt 0.0094 0.1327 0.0000
vt 0.1639 0.4830 0.0000
vt 0.1655 0.4973 0.0000
vt 0.1558 0.4914 0.0000
vt 0.1530 0.4817 0.0000
vt 0.1641 0.4463 0.0000
vt 0.1633 0.4734 0.0000
vt 0.1526 0.4633 0.0000
vt 0.1547 0.4532 0.0000
vt 0.1032 0.5069 0.0000
vt 0.0972 0.4942 0.0000
vt 0.1419 0.4880 0.0000
vt 0.1169 0.5134 0.0000
vt 0.1473 0.5148 0.0000
vt 0.0977 0.4703 0.0000
vt 0.1009 0.4618 0.0000
vt 0.1421 0.4701 0.0000
vt 0.0972 0.4880 0.0000
vt 0.1197 0.4507 0.0000
vt 0.1476 0.4433 0.0000
vt 0.1062 0.4550 0.0000
vt 0.1169 0.5306 0.0000
vt 0.1473 0.5321 0.0000
vt 0.1404 0.5473 0.0000
vt 0.1332 0.5532 0.0000
vt 0.1225 0.5532 0.0000
vt 0.1032 0.5242 0.0000
vt 0.1151 0.5466 0.0000
vt 0.1779 0.4911 0.0000
vt 0.1774 0.4481 0.0000
vt 0.1855 0.4479 0.0000
vt 0.2190 0.4907 0.0000
vt 0.2186 0.4479 0.0000
vt 0.2192 0.5330 0.0000
vt 0.1782 0.5335 0.0000
vt 0.1779 0.5071 0.0000
vt 0.2190 0.5067 0.0000
vt 0.5243 0.6027 0.0000
vt 0.4527 0.6031 0.0000
vt 0.4534 0.5984 0.0000
vt 0.5224 0.5980 0.0000
vt 0.4819 0.6979 0.0000
vt 0.6225 0.6799 0.0000
vt 0.6037 0.7577 0.0000
vt 0.4940 0.7410 0.0000
vt 0.6442 0.7910 0.0000
vt 0.6522 0.7960 0.0000
vt 0.6240 0.7824 0.0000
vt 0.6385 0.7835 0.0000
vt 0.6359 0.7744 0.0000
vt 0.6187 0.7787 0.0000
vt 0.6368 0.7650 0.0000
vt 0.6064 0.7595 0.0000
vt 0.6232 0.7138 0.0000
vt 0.6410 0.7566 0.0000
vt 0.6662 0.7468 0.0000
vt 0.6732 0.7445 0.0000
vt 0.6750 0.7502 0.0000
vt 0.6568 0.7468 0.0000
vt 0.5283 0.6131 0.0000
vt 0.4514 0.6131 0.0000
vt 0.5389 0.6380 0.0000
vt 0.4439 0.6645 0.0000
vt 0.5442 0.6419 0.0000
vt 0.6480 0.7502 0.0000
vt 0.6734 0.7171 0.0000
vt 0.6253 0.7170 0.0000
vt 0.6246 0.6767 0.0000
vt 0.6476 0.6419 0.0000
vt 0.6681 0.6593 0.0000
vt 0.6552 0.6419 0.0000
vt 0.6736 0.6767 0.0000
vt 0.4051 0.7480 0.0000
vt 0.4149 0.7375 0.0000
vt 0.4224 0.7421 0.0000
vt 0.4171 0.7554 0.0000
vt 0.3966 0.7368 0.0000
vt 0.4096 0.7305 0.0000
vt 0.3927 0.7232 0.0000
vt 0.4072 0.7220 0.0000
vt 0.3940 0.7092 0.0000
vt 0.4080 0.7132 0.0000
vt 0.4003 0.6966 0.0000
vt 0.4120 0.7053 0.0000
vt 0.4107 0.6871 0.0000
vt 0.4185 0.6994 0.0000
vt 0.4239 0.6820 0.0000
vt 0.4267 0.6962 0.0000
vt 0.4379 0.6820 0.0000
vt 0.4355 0.6962 0.0000
vt 0.4510 0.6872 0.0000
vt 0.4437 0.6994 0.0000
vt 0.4579 0.6966 0.0000
vt 0.4502 0.7053 0.0000
vt 0.4697 0.7156 0.0000
vt 0.4603 0.7115 0.0000
vt 0.4704 0.7194 0.0000
vt 0.4549 0.7220 0.0000
vt 0.4653 0.7368 0.0000
vt 0.4583 0.7334 0.0000
vt 0.4567 0.7480 0.0000
vt 0.4472 0.7375 0.0000
vt 0.4448 0.7554 0.0000
vt 0.4397 0.7421 0.0000
vt 0.4309 0.7580 0.0000
vt 0.4311 0.7438 0.0000
vt 0.4309 0.7503 0.0000
vt 0.4199 0.7483 0.0000
vt 0.4420 0.7483 0.0000
vt 0.4515 0.7423 0.0000
vt 0.4525 0.7305 0.0000
vt 0.4615 0.7226 0.0000
vt 0.4541 0.7132 0.0000
vt 0.4547 0.7018 0.0000
vt 0.4469 0.6937 0.0000
vt 0.4365 0.6896 0.0000
vt 0.4253 0.6896 0.0000
vt 0.4148 0.6937 0.0000
vt 0.4065 0.7013 0.0000
vt 0.4015 0.7114 0.0000
vt 0.4004 0.7226 0.0000
vt 0.4035 0.7334 0.0000
vt 0.4103 0.7423 0.0000
vt 0.6551 0.8605 0.0000
vt 0.6426 0.8605 0.0000
vt 0.6426 0.8443 0.0000
vt 0.6551 0.8443 0.0000
vt 0.6648 0.8605 0.0000
vt 0.6648 0.8443 0.0000
vt 0.6745 0.8605 0.0000
vt 0.6745 0.8443 0.0000
vt 0.6842 0.8605 0.0000
vt 0.6842 0.8443 0.0000
vt 0.6940 0.8605 0.0000
vt 0.6939 0.8558 0.0000
vt 0.6587 0.8147 0.0000
vt 0.5215 0.8443 0.0000
vt 0.5215 0.8605 0.0000
vt 0.4992 0.8605 0.0000
vt 0.6696 0.8309 0.0000
vt 0.8176 0.8309 0.0000
vt 0.8036 0.8147 0.0000
vt 0.8698 0.8147 0.0000
vt 0.5442 0.8309 0.0000
vt 0.5442 0.8147 0.0000
vt 0.6504 0.8147 0.0000
vt 0.6509 0.8309 0.0000
vt 0.7574 0.8309 0.0000
vt 0.8701 0.8443 0.0000
vt 0.7613 0.8147 0.0000
vt 0.5819 0.8605 0.0000
vt 0.5819 0.8517 0.0000
vt 0.6101 0.8605 0.0000
vt 0.5375 0.8147 0.0000
vt 0.5374 0.8309 0.0000
vt 0.5095 0.8309 0.0000
vt 0.5089 0.8147 0.0000
vt 0.7384 0.8147 0.0000
vt 0.7232 0.8309 0.0000
vt 0.4980 0.8244 0.0000
vt 0.4928 0.8147 0.0000
vt 0.7340 0.8443 0.0000
vt 0.7340 0.8558 0.0000
vt 0.7270 0.8558 0.0000
vt 0.7270 0.8443 0.0000
vt 0.6939 0.8443 0.0000
vt 0.5397 0.8443 0.0000
vt 0.5402 0.8517 0.0000
vt 0.8701 0.8558 0.0000
vt 0.6244 0.8605 0.0000
vt 0.6163 0.8605 0.0000
vt 0.6163 0.8442 0.0000
vt 0.6244 0.8442 0.0000
vt 0.6398 0.8605 0.0000
vt 0.6398 0.8443 0.0000
vt 0.6101 0.8443 0.0000
vt 0.7336 0.8244 0.0000
vt 0.7604 0.8558 0.0000
vt 0.7569 0.8558 0.0000
vt 0.7569 0.8443 0.0000
vt 0.7604 0.8443 0.0000
vt 0.8020 0.8443 0.0000
vt 0.5817 0.8443 0.0000
vt 0.5403 0.8605 0.0000
vt 0.6696 0.8087 0.0000
vt 0.7384 0.8087 0.0000
vt 0.8655 0.8443 0.0000
vt 0.8437 0.8443 0.0000
vt 0.4927 0.7955 0.0000
vt 0.5088 0.7955 0.0000
vt 0.5375 0.7954 0.0000
vt 0.7523 0.8262 0.0000
vt 0.7523 0.8147 0.0000
vt 0.8036 0.8309 0.0000
vt 0.8176 0.8147 0.0000
vt 0.8698 0.8309 0.0000
vt 0.6696 0.8147 0.0000
vt 0.4992 0.8443 0.0000
vt 0.6588 0.8309 0.0000
vt 0.6355 0.8927 0.0000
vt 0.6364 0.8996 0.0000
vt 0.6286 0.8996 0.0000
vt 0.6295 0.8927 0.0000
vt 0.5884 0.8996 0.0000
vt 0.5886 0.8927 0.0000
vt 0.6584 0.8927 0.0000
vt 0.6632 0.8927 0.0000
vt 0.6612 0.8996 0.0000
vt 0.6593 0.8996 0.0000
vt 0.7725 0.8927 0.0000
vt 0.7748 0.8996 0.0000
vt 0.7765 0.8814 0.0000
vt 0.7275 0.8814 0.0000
vt 0.7275 0.8728 0.0000
vt 0.7765 0.8728 0.0000
vt 0.6852 0.8814 0.0000
vt 0.6354 0.8814 0.0000
vt 0.6354 0.8728 0.0000
vt 0.6852 0.8728 0.0000
vt 0.7236 0.8814 0.0000
vt 0.6891 0.8814 0.0000
vt 0.6891 0.8728 0.0000
vt 0.7236 0.8728 0.0000
vt 0.4128 0.6406 0.0000
vt 0.3660 0.6406 0.0000
vt 0.3654 0.6014 0.0000
vt 0.4130 0.6012 0.0000
vt 0.3640 0.6375 0.0000
vt 0.3634 0.6045 0.0000
vt 0.8506 0.7825 0.0000
vt 0.8613 0.7658 0.0000
vt 0.8785 0.7938 0.0000
vt 0.9174 0.7882 0.0000
vt 0.9139 0.7943 0.0000
vt 0.8664 0.7623 0.0000
vt 0.8937 0.7536 0.0000
vt 0.9250 0.7773 0.0000
vt 0.9256 0.7750 0.0000
vt 0.9019 0.7521 0.0000
vt 0.9099 0.7534 0.0000
vt 0.9225 0.7649 0.0000
vt 0.9123 0.7993 0.0000
vt 0.9125 0.8238 0.0000
vt 0.9017 0.8238 0.0000
vt 0.9015 0.8009 0.0000
vt 0.7770 0.7948 0.0000
vt 0.8126 0.7895 0.0000
vt 0.8131 0.7934 0.0000
vt 0.7766 0.7957 0.0000
vt 0.8328 0.7926 0.0000
vt 0.8482 0.7842 0.0000
vt 0.8523 0.7925 0.0000
vt 0.7584 0.7976 0.0000
vt 0.8972 0.7964 0.0000
vt 0.5480 0.5301 0.0000
vt 0.5527 0.5175 0.0000
vt 0.5640 0.5231 0.0000
vt 0.5929 0.5573 0.0000
vt 0.6127 0.5695 0.0000
vt 0.6099 0.5954 0.0000
vt 0.5910 0.5948 0.0000
vt 0.6317 0.5974 0.0000
vt 0.6357 0.5839 0.0000
vt 0.6423 0.5990 0.0000
vt 0.6452 0.6082 0.0000
vt 0.6446 0.6057 0.0000
vt 0.6457 0.6055 0.0000
vt 0.6468 0.6079 0.0000
vt 0.6281 0.6098 0.0000
vt 0.6289 0.6072 0.0000
vt 0.6050 0.6100 0.0000
vt 0.6069 0.6068 0.0000
vt 0.5836 0.6074 0.0000
vt 0.5866 0.6043 0.0000
vt 0.5757 0.6042 0.0000
vt 0.5793 0.6018 0.0000
vt 0.5721 0.5990 0.0000
vt 0.5762 0.5975 0.0000
vt 0.5664 0.5484 0.0000
vt 0.5708 0.5493 0.0000
vt 0.5669 0.5365 0.0000
vt 0.5713 0.5380 0.0000
vt 0.5699 0.5260 0.0000
vt 0.5737 0.5265 0.0000
vt 0.6477 0.6157 0.0000
vt 0.6259 0.6181 0.0000
vt 0.5995 0.6195 0.0000
vt 0.5708 0.6166 0.0000
vt 0.5591 0.6116 0.0000
vt 0.5554 0.6053 0.0000
vt 0.5479 0.5455 0.0000
vt 0.6298 0.6031 0.0000
vt 0.6085 0.6025 0.0000
vt 0.5895 0.6006 0.0000
vt 0.5776 0.5515 0.0000
vt 0.5778 0.5401 0.0000
vt 0.5920 0.5433 0.0000
vt 0.5899 0.5264 0.0000
vt 0.5805 0.5268 0.0000
vt 0.5841 0.5987 0.0000
vt 0.5824 0.5957 0.0000
vt 0.6492 0.6141 0.0000
vt 0.6439 0.6023 0.0000
vt 0.6652 0.6294 0.0000
vt 0.6356 0.6295 0.0000
vt 0.6357 0.6239 0.0000
vt 0.6627 0.6220 0.0000
vt 0.5512 0.6267 0.0000
vt 0.5448 0.6166 0.0000
vt 0.5511 0.6126 0.0000
vt 0.5562 0.6197 0.0000
vt 0.5368 0.5383 0.0000
vt 0.5420 0.5380 0.0000
vt 0.6042 0.6286 0.0000
vt 0.5712 0.6276 0.0000
vt 0.5701 0.6228 0.0000
vt 0.6039 0.6244 0.0000
vt 0.5383 0.5173 0.0000
vt 0.5436 0.5189 0.0000
vt 0.5499 0.4997 0.0000
vt 0.5522 0.5045 0.0000
vt 0.5540 0.4998 0.0000
vt 0.5644 0.5065 0.0000
vt 0.5622 0.5110 0.0000
vt 0.5757 0.5116 0.0000
vt 0.5795 0.5165 0.0000
vt 0.5992 0.5105 0.0000
vt 0.5940 0.5162 0.0000
vt 0.5961 0.5373 0.0000
vt 0.6022 0.5366 0.0000
vt 0.6024 0.5508 0.0000
vt 0.5964 0.5541 0.0000
vt 0.6195 0.5692 0.0000
vt 0.6254 0.5655 0.0000
vt 0.6512 0.5820 0.0000
vt 0.6470 0.5857 0.0000
vt 0.6605 0.6017 0.0000
vt 0.6554 0.6037 0.0000
vt 0.6642 0.6197 0.0000
vt 0.6706 0.6216 0.0000
vt 0.4298 0.9514 0.0000
vt 0.3998 0.9525 0.0000
vt 0.3998 0.9435 0.0000
vt 0.4298 0.9399 0.0000
vt 0.3145 0.9580 0.0000
vt 0.3027 0.9582 0.0000
vt 0.3027 0.9535 0.0000
vt 0.3145 0.9531 0.0000
vt 0.2242 0.9578 0.0000
vt 0.2242 0.9526 0.0000
vt 0.3678 0.9541 0.0000
vt 0.3678 0.9474 0.0000
vt 0.3344 0.9511 0.0000
vt 0.3344 0.9565 0.0000
vt 0.2034 0.9579 0.0000
vt 0.2038 0.9525 0.0000
vt 0.1829 0.9579 0.0000
vt 0.1830 0.9516 0.0000
vt 0.1785 0.9579 0.0000
vt 0.1788 0.9512 0.0000
vt 0.1665 0.9579 0.0000
vt 0.1665 0.9497 0.0000
vt 0.1541 0.9579 0.0000
vt 0.1542 0.9482 0.0000
vt 0.1307 0.9579 0.0000
vt 0.1219 0.9454 0.0000
vt 0.0952 0.9458 0.0000
vt 0.0809 0.9579 0.0000
vt 0.0809 0.9526 0.0000
vt 0.0708 0.9461 0.0000
vt 0.0420 0.9435 0.0000
vt 0.0419 0.9518 0.0000
vt 0.0093 0.9514 0.0000
vt 0.4852 0.9405 0.0000
vt 0.4623 0.9514 0.0000
vt 0.4624 0.9398 0.0000
vt 0.4395 0.9392 0.0000
vt 0.4395 0.9512 0.0000
vt 0.3193 0.9835 0.0000
vt 0.2975 0.9821 0.0000
vt 0.2976 0.9715 0.0000
vt 0.3175 0.9715 0.0000
vt 0.2796 0.9824 0.0000
vt 0.2651 0.9827 0.0000
vt 0.2536 0.9715 0.0000
vt 0.2796 0.9715 0.0000
vt 0.2294 0.9805 0.0000
vt 0.2012 0.9780 0.0000
vt 0.1926 0.9715 0.0000
vt 0.2296 0.9715 0.0000
vt 0.1752 0.9774 0.0000
vt 0.1754 0.9715 0.0000
vt 0.1596 0.9769 0.0000
vt 0.1652 0.9727 0.0000
vt 0.1677 0.9716 0.0000
vt 0.1715 0.9713 0.0000
vt 0.3343 0.9850 0.0000
vt 0.3279 0.9749 0.0000
vt 0.3337 0.9781 0.0000
vt 0.3441 0.9858 0.0000
vt 0.3246 0.9726 0.0000
vt 0.4850 0.9514 0.0000
vt 0.0094 0.9405 0.0000
vt 0.1924 0.9780 0.0000
vt 0.2014 0.9715 0.0000
vt 0.2535 0.9827 0.0000
vt 0.2652 0.9715 0.0000
vt 0.3073 0.9821 0.0000
vt 0.3075 0.9715 0.0000
vt 0.0708 0.9526 0.0000
vt 0.0809 0.9461 0.0000
vt 0.1218 0.9579 0.0000
vt 0.1307 0.9454 0.0000
vt 0.9026 0.4501 0.0000
vt 0.9379 0.8308 0.0000
vt 0.9671 0.8324 0.0000
vt 0.9585 0.8431 0.0000
vt 0.9570 0.8573 0.0000
vt 0.9644 0.8697 0.0000
vt 0.9818 0.8817 0.0000
vt 0.9835 0.8753 0.0000
vt 0.9886 0.8752 0.0000
vt 0.9587 0.3278 0.0000
vt 0.9902 0.8033 0.0000
vt 0.9278 0.2991 0.0000
vt 0.9498 0.3060 0.0000
vt 0.9353 0.7992 0.0000
vt 0.9352 0.7769 0.0000
vt 0.9339 0.2883 0.0000
vt 0.9237 0.2923 0.0000
vt 0.9363 0.7522 0.0000
vt 0.8988 0.2582 0.0000
vt 0.9911 0.8133 0.0000
vt 0.9616 0.3455 0.0000
vt 0.9375 0.4258 0.0000
vt 0.9596 0.4379 0.0000
vt 0.9448 0.4566 0.0000
vt 0.9577 0.8845 0.0000
vt 0.8904 0.4566 0.0000
vt 0.9355 0.8103 0.0000
vt 0.9382 0.3697 0.0000
vt 0.9804 0.8291 0.0000
vt 0.9664 0.4292 0.0000
vt 0.9678 0.4221 0.0000
vt 0.9772 0.8762 0.0000
vt 0.9546 0.8823 0.0000
vt 0.9506 0.4094 0.0000
vt 0.9419 0.3700 0.0000
vt 0.9191 0.4775 0.0000
vt 0.9129 0.4834 0.0000
vt 0.9410 0.4600 0.0000
vt 0.9474 0.3704 0.0000
vt 0.9605 0.3964 0.0000
vt 0.9590 0.3815 0.0000
vt 0.9213 0.4385 0.0000
vt 0.9177 0.4405 0.0000
vt 0.9460 0.4111 0.0000
vt 0.9409 0.4200 0.0000
vt 0.9493 0.8668 0.0000
vt 0.9767 0.8853 0.0000
vt 0.9366 0.3382 0.0000
vt 0.9772 0.7684 0.0000
vt 0.9722 0.7630 0.0000
vt 0.8933 0.2659 0.0000
vt 0.9368 0.3489 0.0000
vt 0.9892 0.8326 0.0000
vt 0.9409 0.8649 0.0000
vt 0.8989 0.4528 0.0000
vt 0.9229 0.4748 0.0000
vt 0.0603 0.9707 0.0000
vt 0.1357 0.9716 0.0000
vt 0.1459 0.9767 0.0000
vt 0.0599 0.9752 0.0000
vt 0.0421 0.9780 0.0000
vt 0.0406 0.9735 0.0000
vt 0.0242 0.9841 0.0000
vt 0.0244 0.9882 0.0000
vt 0.7306 0.2111 0.0000
vt 0.7510 0.2078 0.0000
vt 0.7522 0.2159 0.0000
vt 0.7336 0.2194 0.0000
vt 0.6938 0.2496 0.0000
vt 0.7080 0.2247 0.0000
vt 0.7126 0.2327 0.0000
vt 0.7005 0.2545 0.0000
vt 0.8331 0.2145 0.0000
vt 0.8336 0.2075 0.0000
vt 0.6953 0.3029 0.0000
vt 0.6883 0.3024 0.0000
vt 0.8459 0.2134 0.0000
vt 0.8399 0.2180 0.0000
vt 0.8451 0.2544 0.0000
vt 0.8547 0.2702 0.0000
vt 0.8417 0.2585 0.0000
vt 0.8181 0.2770 0.0000
vt 0.8190 0.2681 0.0000
vt 0.8562 0.2554 0.0000
vt 0.8577 0.2640 0.0000
vt 0.8478 0.2239 0.0000
vt 0.8421 0.2294 0.0000
vt 0.8458 0.2347 0.0000
vt 0.8669 0.2170 0.0000
vt 0.8782 0.2226 0.0000
vt 0.8757 0.2254 0.0000
vt 0.8665 0.2208 0.0000
vt 0.8839 0.2341 0.0000
vt 0.8803 0.2347 0.0000
vt 0.8824 0.2463 0.0000
vt 0.8791 0.2446 0.0000
vt 0.8545 0.2187 0.0000
vt 0.8564 0.2221 0.0000
vt 0.8730 0.2552 0.0000
vt 0.8715 0.2519 0.0000
vt 0.8491 0.2281 0.0000
vt 0.8470 0.2442 0.0000
vt 0.5578 0.9805 0.0000
vt 0.5578 0.9741 0.0000
vt 0.5708 0.9741 0.0000
vt 0.5708 0.9808 0.0000
vt 0.7679 0.9831 0.0000
vt 0.7679 0.9783 0.0000
vt 0.7746 0.9784 0.0000
vt 0.7746 0.9831 0.0000
vt 0.8160 0.9776 0.0000
vt 0.8103 0.9831 0.0000
vt 0.4789 0.9805 0.0000
vt 0.4591 0.9805 0.0000
vt 0.4591 0.9741 0.0000
vt 0.4788 0.9741 0.0000
vt 0.4339 0.9805 0.0000
vt 0.4064 0.9806 0.0000
vt 0.4067 0.9741 0.0000
vt 0.4340 0.9741 0.0000
vt 0.3555 0.9815 0.0000
vt 0.3555 0.9741 0.0000
vt 0.6013 0.9573 0.0000
vt 0.6134 0.9594 0.0000
vt 0.6134 0.9810 0.0000
vt 0.6013 0.9810 0.0000
vt 0.6256 0.9752 0.0000
vt 0.6256 0.9810 0.0000
vt 0.6373 0.9765 0.0000
vt 0.6373 0.9810 0.0000
vt 0.5955 0.9740 0.0000
vt 0.5893 0.9812 0.0000
vt 0.6496 0.9776 0.0000
vt 0.6574 0.9810 0.0000
vt 0.5893 0.9742 0.0000
vt 0.5811 0.9741 0.0000
vt 0.5811 0.9814 0.0000
vt 0.7596 0.9829 0.0000
vt 0.7596 0.9783 0.0000
vt 0.7108 0.9814 0.0000
vt 0.7011 0.9815 0.0000
vt 0.7011 0.9781 0.0000
vt 0.7108 0.9781 0.0000
vt 0.6913 0.9814 0.0000
vt 0.6913 0.9781 0.0000
vt 0.6818 0.9814 0.0000
vt 0.6818 0.9781 0.0000
vt 0.7205 0.9817 0.0000
vt 0.7205 0.9781 0.0000
vt 0.6609 0.9810 0.0000
vt 0.6609 0.9777 0.0000
vt 0.7295 0.9821 0.0000
vt 0.7295 0.9783 0.0000
vt 0.7458 0.9827 0.0000
vt 0.7457 0.9782 0.0000
vt 0.7365 0.9827 0.0000
vt 0.7361 0.9785 0.0000
vt 0.6719 0.9814 0.0000
vt 0.6719 0.9781 0.0000
vt 0.6574 0.9776 0.0000
vt 0.6496 0.9810 0.0000
vt 0.9597 0.9338 0.0000
vt 0.9532 0.9356 0.0000
vt 0.9542 0.9262 0.0000
vt 0.9597 0.9267 0.0000
vt 0.8390 0.9700 0.0000
vt 0.8391 0.9351 0.0000
vt 0.8447 0.9298 0.0000
vt 0.8445 0.9643 0.0000
vt 0.8744 0.9702 0.0000
vt 0.8740 0.9648 0.0000
vt 0.8956 0.9702 0.0000
vt 0.8964 0.9648 0.0000
vt 0.9068 0.9668 0.0000
vt 0.9042 0.9618 0.0000
vt 0.9277 0.9570 0.0000
vt 0.9251 0.9521 0.0000
vt 0.9506 0.9445 0.0000
vt 0.9452 0.9410 0.0000
vt 0.9484 0.9347 0.0000
vt 0.9497 0.9262 0.0000
vt 0.9350 0.9153 0.0000
vt 0.8659 0.9383 0.0000
vt 0.9369 0.9184 0.0000
vt 0.9259 0.9158 0.0000
vt 0.9256 0.9127 0.0000
vt 0.9121 0.9128 0.0000
vt 0.9120 0.9092 0.0000
vt 0.8980 0.9114 0.0000
vt 0.8981 0.9067 0.0000
vt 0.8834 0.9116 0.0000
vt 0.8834 0.9060 0.0000
vt 0.8689 0.9132 0.0000
vt 0.8690 0.9078 0.0000
vt 0.8544 0.9154 0.0000
vt 0.8681 0.9334 0.0000
vt 0.8825 0.9266 0.0000
vt 0.8824 0.9382 0.0000
vt 0.8677 0.9383 0.0000
vt 0.8972 0.9267 0.0000
vt 0.8972 0.9382 0.0000
vt 0.9111 0.9350 0.0000
vt 0.9113 0.9383 0.0000
vt 0.8547 0.9107 0.0000
vt 0.9143 0.9388 0.0000
vt 0.8483 0.9121 0.0000
vt 0.8451 0.9164 0.0000
vt 0.9671 0.5057 0.0000
vt 0.9760 0.5157 0.0000
vt 0.9778 0.5291 0.0000
vt 0.9552 0.5032 0.0000
vt 0.9656 0.5052 0.0000
vt 0.9432 0.5090 0.0000
vt 0.9370 0.5207 0.0000
vt 0.9386 0.5344 0.0000
vt 0.9484 0.5439 0.0000
vt 0.9620 0.5463 0.0000
vt 0.9720 0.5406 0.0000
vt 0.9697 0.5422 0.0000
vt 0.7021 0.9302 0.0000
vt 0.7292 0.9311 0.0000
vt 0.6369 0.9163 0.0000
vt 0.7014 0.9348 0.0000
vt 0.6859 0.9096 0.0000
vt 0.6640 0.9150 0.0000
vt 0.6848 0.9140 0.0000
vt 0.6926 0.9139 0.0000
vt 0.7078 0.9091 0.0000
vt 0.7133 0.9131 0.0000
vt 0.7337 0.9129 0.0000
vt 0.7346 0.9087 0.0000
vt 0.7400 0.9134 0.0000
vt 0.7417 0.9092 0.0000
vt 0.7454 0.9284 0.0000
vt 0.7476 0.9144 0.0000
vt 0.7501 0.9285 0.0000
vt 0.7486 0.9334 0.0000
vt 0.7483 0.9101 0.0000
vt 0.7440 0.9331 0.0000
vt 0.6382 0.9116 0.0000
vt 0.7282 0.9352 0.0000
vt 0.7763 0.6911 0.0000
vt 0.7721 0.6877 0.0000
vt 0.7712 0.6831 0.0000
vt 0.7942 0.6576 0.0000
vt 0.8693 0.7039 0.0000
vt 0.8291 0.7017 0.0000
vt 0.8331 0.6623 0.0000
vt 0.8105 0.6993 0.0000
vt 0.7947 0.6963 0.0000
vt 0.7857 0.6942 0.0000
vt 0.9053 0.6723 0.0000
vt 0.8374 0.6173 0.0000
vt 0.8826 0.6173 0.0000
vt 0.9272 0.6172 0.0000
vt 0.9452 0.6723 0.0000
vt 0.7715 0.6687 0.0000
vt 0.7720 0.6455 0.0000
vt 0.7725 0.6261 0.0000
vt 0.7768 0.6197 0.0000
vt 0.7832 0.6173 0.0000
vt 0.7924 0.6173 0.0000
vt 0.7142 0.7549 0.0000
vt 0.6946 0.7620 0.0000
vt 0.7618 0.6950 0.0000
vt 0.7575 0.7126 0.0000
vt 0.8425 0.7566 0.0000
vt 0.8045 0.7585 0.0000
vt 0.8125 0.7173 0.0000
vt 0.8538 0.7175 0.0000
vt 0.7587 0.7589 0.0000
vt 0.7933 0.7164 0.0000
vt 0.7475 0.7580 0.0000
vt 0.7290 0.7567 0.0000
vt 0.7675 0.7141 0.0000
vt 0.7768 0.7151 0.0000
vt 0.8546 0.7558 0.0000
vt 0.9384 0.6048 0.0000
vt 0.8912 0.6059 0.0000
vt 0.8856 0.5799 0.0000
vt 0.9303 0.5789 0.0000
vt 0.8418 0.5806 0.0000
vt 0.8433 0.6070 0.0000
vt 0.6864 0.7081 0.0000
vt 0.7610 0.6904 0.0000
vt 0.7016 0.6551 0.0000
vt 0.6847 0.6867 0.0000
vt 0.6844 0.6553 0.0000
vt 0.7610 0.6764 0.0000
vt 0.6849 0.6996 0.0000
vt 0.7437 0.6178 0.0000
vt 0.7419 0.6240 0.0000
vt 0.7228 0.6132 0.0000
vt 0.7436 0.5759 0.0000
vt 0.7317 0.6271 0.0000
vt 0.7427 0.6300 0.0000
vt 0.7446 0.6366 0.0000
vt 0.7357 0.6390 0.0000
vt 0.8113 0.5836 0.0000
vt 0.7957 0.6081 0.0000
vt 0.8060 0.5482 0.0000
vt 0.7926 0.5865 0.0000
vt 0.7885 0.5726 0.0000
vt 0.7828 0.5882 0.0000
vt 0.7793 0.5777 0.0000
vt 0.7508 0.5747 0.0000
vt 0.7692 0.5909 0.0000
vt 0.7609 0.6537 0.0000
vt 0.7297 0.6507 0.0000
vt 0.7168 0.6565 0.0000
vt 0.6914 0.6482 0.0000
vt 0.6841 0.6407 0.0000
vt 0.7860 0.6084 0.0000
vt 0.7642 0.6280 0.0000
vt 0.7609 0.6348 0.0000
vt 0.7063 0.7646 0.0000
vt 0.8397 0.5476 0.0000
vt 0.8814 0.5473 0.0000
vt 0.9216 0.5472 0.0000
vt 0.7614 0.5933 0.0000
vt 0.7234 0.6074 0.0000
vt 0.7791 0.6106 0.0000
vt 0.6911 0.7157 0.0000
vt 0.7523 0.7104 0.0000
vt 0.9106 0.5383 0.0000
vt 0.8719 0.5378 0.0000
vt 0.8709 0.5200 0.0000
vt 0.9089 0.5202 0.0000
vt 0.8310 0.5199 0.0000
vt 0.8316 0.5373 0.0000
vt 0.6905 0.5325 0.0000
vt 0.7069 0.5318 0.0000
vt 0.7074 0.5435 0.0000
vt 0.6914 0.5511 0.0000
vt 0.6154 0.5270 0.0000
vt 0.6258 0.5278 0.0000
vt 0.6260 0.5310 0.0000
vt 0.6372 0.5294 0.0000
vt 0.6506 0.5314 0.0000
vt 0.6512 0.5465 0.0000
vt 0.6376 0.5374 0.0000
vt 0.6639 0.5330 0.0000
vt 0.6648 0.5536 0.0000
vt 0.6778 0.5330 0.0000
vt 0.6788 0.5561 0.0000
vt 0.7137 0.5432 0.0000
vt 0.7132 0.5316 0.0000
vt 0.7202 0.5313 0.0000
vt 0.7208 0.5445 0.0000
vt 0.7479 0.5301 0.0000
vt 0.7488 0.5503 0.0000
vt 0.7583 0.5297 0.0000
vt 0.7592 0.5493 0.0000
vt 0.7979 0.5202 0.0000
vt 0.7991 0.5377 0.0000
vt 0.7865 0.5371 0.0000
vt 0.7895 0.5192 0.0000
vt 0.8396 0.5067 0.0000
vt 0.8275 0.5069 0.0000
vt 0.8281 0.4936 0.0000
vt 0.8398 0.4931 0.0000
vt 0.7918 0.5069 0.0000
vt 0.7919 0.4950 0.0000
vt 0.7515 0.5069 0.0000
vt 0.7350 0.4941 0.0000
vt 0.7314 0.5079 0.0000
vt 0.7207 0.5095 0.0000
vt 0.7209 0.4984 0.0000
vt 0.7292 0.4972 0.0000
vt 0.7028 0.5099 0.0000
vt 0.7041 0.4984 0.0000
vt 0.6923 0.5086 0.0000
vt 0.6957 0.4972 0.0000
vt 0.6840 0.5037 0.0000
vt 0.6905 0.4941 0.0000
vt 0.8661 0.4962 0.0000
vt 0.8661 0.4933 0.0000
vt 0.8851 0.4936 0.0000
vt 0.8849 0.4964 0.0000
vt 0.9255 0.4953 0.0000
vt 0.9253 0.4991 0.0000
vt 0.8550 0.4932 0.0000
vt 0.8549 0.4960 0.0000
vt 0.7403 0.5033 0.0000
vt 0.7484 0.4964 0.0000
vt 0.7238 0.4863 0.0000
vt 0.7350 0.4860 0.0000
vt 0.7301 0.4910 0.0000
vt 0.7212 0.4933 0.0000
vt 0.7052 0.4864 0.0000
vt 0.7030 0.4932 0.0000
vt 0.6901 0.4857 0.0000
vt 0.6942 0.4909 0.0000
vt 0.9121 0.8320 0.0000
vt 0.9123 0.8660 0.0000
vt 0.9022 0.8660 0.0000
vt 0.9020 0.8320 0.0000
vt 0.9077 0.8799 0.0000
vt 0.8976 0.8799 0.0000
vt 0.8903 0.8943 0.0000
vt 0.8048 0.8943 0.0000
vt 0.8048 0.8914 0.0000
vt 0.8903 0.8914 0.0000
vt 0.8970 0.8943 0.0000
vt 0.8004 0.8975 0.0000
vt 0.5058 0.9261 0.0000
vt 0.5058 0.8959 0.0000
vt 0.5105 0.9007 0.0000
vt 0.5106 0.9300 0.0000
vt 0.5549 0.8959 0.0000
vt 0.5537 0.9003 0.0000
vt 0.5747 0.9053 0.0000
vt 0.5720 0.9091 0.0000
vt 0.5983 0.9182 0.0000
vt 0.5942 0.9211 0.0000
vt 0.6017 0.9336 0.0000
vt 0.5979 0.9336 0.0000
vt 0.5968 0.9273 0.0000
vt 0.4893 0.9271 0.0000
vt 0.4893 0.9304 0.0000
vt 0.7674 0.4482 0.0000
vt 0.8363 0.4473 0.0000
vt 0.8368 0.4805 0.0000
vt 0.7779 0.4805 0.0000
vt 0.8764 0.4468 0.0000
vt 0.8768 0.4808 0.0000
vt 0.7498 0.4813 0.0000
vt 0.8255 0.4474 0.0000
vt 0.8260 0.4806 0.0000
vt 0.7775 0.4481 0.0000
vt 0.7678 0.4806 0.0000
vt 0.8720 0.7286 0.0000
vt 0.8899 0.7413 0.0000
vt 0.8746 0.7473 0.0000
vt 0.9185 0.7252 0.0000
vt 0.9006 0.7353 0.0000
vt 0.9050 0.6903 0.0000
vt 0.9558 0.7028 0.0000
vt 0.9467 0.6843 0.0000
vt 0.4322 0.8526 0.0000
vt 0.4667 0.8528 0.0000
vt 0.4488 0.8608 0.0000
vt 0.4576 0.8315 0.0000
vt 0.4604 0.8335 0.0000
vt 0.4378 0.8335 0.0000
vt 0.4405 0.8315 0.0000
vt 0.4114 0.8694 0.0000
vt 0.4362 0.8852 0.0000
vt 0.4117 0.8798 0.0000
vt 0.4088 0.8796 0.0000
vt 0.4634 0.8854 0.0000
vt 0.4641 0.8733 0.0000
vt 0.4862 0.8663 0.0000
vt 0.4873 0.8698 0.0000
vt 0.4499 0.8846 0.0000
vt 0.4394 0.8735 0.0000
vt 0.4599 0.8737 0.0000
vt 0.4599 0.8857 0.0000
vt 0.4351 0.8731 0.0000
vt 0.4397 0.8855 0.0000
vt 0.4873 0.8797 0.0000
vt 0.4901 0.8795 0.0000
vt 0.4123 0.8662 0.0000
vt 0.4900 0.8842 0.0000
vt 0.4090 0.8846 0.0000
vt 0.4599 0.8963 0.0000
vt 0.4819 0.8966 0.0000
vt 0.4830 0.8995 0.0000
vt 0.4807 0.8996 0.0000
vt 0.4599 0.8997 0.0000
vt 0.4223 0.8966 0.0000
vt 0.4211 0.8999 0.0000
vt 0.4431 0.8963 0.0000
vt 0.4431 0.8997 0.0000
vt 0.4515 0.9232 0.0000
vt 0.4289 0.9133 0.0000
vt 0.4265 0.9121 0.0000
vt 0.4462 0.9149 0.0000
vt 0.4613 0.9145 0.0000
vt 0.4750 0.9120 0.0000
vt 0.4632 0.8121 0.0000
vt 0.3443 0.7691 0.0000
vt 0.3538 0.7740 0.0000
vt 0.3544 0.7814 0.0000
vt 0.4677 0.7941 0.0000
vt 0.4622 0.8014 0.0000
vt 0.4621 0.7906 0.0000
vt 0.4688 0.7833 0.0000
vt 0.3395 0.7579 0.0000
vt 0.3520 0.7494 0.0000
vt 0.3392 0.7533 0.0000
vt 0.3599 0.7430 0.0000
vt 0.3400 0.7436 0.0000
vt 0.3568 0.7362 0.0000
vt 0.3696 0.7437 0.0000
vt 0.3688 0.7326 0.0000
vt 0.3746 0.7392 0.0000
vt 0.4354 0.7908 0.0000
vt 0.4275 0.7909 0.0000
vt 0.4272 0.7766 0.0000
vt 0.4353 0.7748 0.0000
vt 0.3152 0.7441 0.0000
vt 0.3150 0.7276 0.0000
vt 0.3349 0.7274 0.0000
vt 0.3349 0.7441 0.0000
vt 0.3544 0.7246 0.0000
vt 0.3664 0.7215 0.0000
vt 0.3341 0.5507 0.0000
vt 0.3341 0.5600 0.0000
vt 0.3130 0.5600 0.0000
vt 0.2769 0.7320 0.0000
vt 0.3098 0.7281 0.0000
vt 0.3105 0.7431 0.0000
vt 0.2944 0.7361 0.0000
vt 0.2976 0.7221 0.0000
vt 0.3402 0.7278 0.0000
vt 0.2818 0.7336 0.0000
vt 0.2835 0.7227 0.0000
vt 0.3530 0.6831 0.0000
vt 0.3540 0.6694 0.0000
vt 0.3720 0.6735 0.0000
vt 0.3719 0.6820 0.0000
vt 0.3351 0.6007 0.0000
vt 0.3776 0.6731 0.0000
vt 0.2709 0.6840 0.0000
vt 0.3117 0.6094 0.0000
vt 0.2767 0.6837 0.0000
vt 0.2762 0.6752 0.0000
vt 0.3080 0.6864 0.0000
vt 0.2942 0.6842 0.0000
vt 0.2940 0.6705 0.0000
vt 0.3067 0.6674 0.0000
vt 0.3135 0.6863 0.0000
vt 0.3120 0.6652 0.0000
vt 0.3351 0.6860 0.0000
vt 0.3358 0.6649 0.0000
vt 0.3406 0.6858 0.0000
vt 0.3412 0.6668 0.0000
vt 0.3533 0.7044 0.0000
vt 0.3687 0.7020 0.0000
vt 0.3346 0.5798 0.0000
vt 0.2750 0.7040 0.0000
vt 0.2805 0.7034 0.0000
vt 0.3090 0.7065 0.0000
vt 0.2956 0.7036 0.0000
vt 0.3144 0.7063 0.0000
vt 0.3349 0.7060 0.0000
vt 0.3402 0.7060 0.0000
vt 0.3347 0.7543 0.0000
vt 0.3151 0.7540 0.0000
vt 0.2729 0.7379 0.0000
vt 0.3341 0.5433 0.0000
vt 0.3105 0.7529 0.0000
vt 0.2771 0.7410 0.0000
vt 0.4392 0.7748 0.0000
vt 0.4393 0.7908 0.0000
vt 0.4587 0.7906 0.0000
vt 0.3350 0.7582 0.0000
vt 0.4587 0.8015 0.0000
vt 0.4394 0.8017 0.0000
vt 0.4355 0.8017 0.0000
vt 0.4277 0.8018 0.0000
vt 0.3996 0.7816 0.0000
vt 0.3776 0.7789 0.0000
vt 0.3812 0.7436 0.0000
vt 0.2708 0.7457 0.0000
vt 0.3386 0.7911 0.0000
vt 0.3191 0.7909 0.0000
vt 0.3184 0.7807 0.0000
vt 0.4590 0.8119 0.0000
vt 0.3431 0.7915 0.0000
vt 0.3145 0.7912 0.0000
vt 0.3135 0.7799 0.0000
vt 0.4356 0.8135 0.0000
vt 0.4278 0.8117 0.0000
vt 0.2818 0.7432 0.0000
vt 0.2732 0.7477 0.0000
vt 0.3013 0.7943 0.0000
vt 0.2903 0.7774 0.0000
vt 0.2881 0.7971 0.0000
vt 0.2827 0.7983 0.0000
vt 0.3751 0.7984 0.0000
vt 0.3696 0.7973 0.0000
vt 0.3096 0.7561 0.0000
vt 0.2943 0.7401 0.0000
vt 0.2910 0.7393 0.0000
vt 0.3563 0.7945 0.0000
vt 0.3632 0.7816 0.0000
vt 0.3775 0.7515 0.0000
vt 0.3939 0.8090 0.0000
vt 0.3746 0.8077 0.0000
vt 0.3688 0.8065 0.0000
vt 0.2889 0.8061 0.0000
vt 0.3384 0.7988 0.0000
vt 0.3192 0.7987 0.0000
vt 0.3428 0.7994 0.0000
vt 0.3148 0.7993 0.0000
vt 0.3020 0.8028 0.0000
vt 0.3557 0.8030 0.0000
vt 0.3730 0.8838 0.0000
vt 0.3863 0.8849 0.0000
vt 0.2891 0.9031 0.0000
vt 0.3727 0.9005 0.0000
vt 0.3650 0.8841 0.0000
vt 0.3644 0.9016 0.0000
vt 0.2946 0.8865 0.0000
vt 0.2967 0.9044 0.0000
vt 0.3214 0.8882 0.0000
vt 0.3387 0.8876 0.0000
vt 0.3393 0.9119 0.0000
vt 0.3230 0.9128 0.0000
vt 0.3429 0.8870 0.0000
vt 0.3434 0.9106 0.0000
vt 0.3172 0.8879 0.0000
vt 0.3186 0.9118 0.0000
vt 0.3028 0.8871 0.0000
vt 0.3040 0.9068 0.0000
vt 0.3570 0.8852 0.0000
vt 0.3573 0.9044 0.0000
vt 0.3196 0.8422 0.0000
vt 0.3152 0.8423 0.0000
vt 0.2999 0.8426 0.0000
vt 0.2876 0.8425 0.0000
vt 0.3909 0.8431 0.0000
vt 0.3769 0.8423 0.0000
vt 0.3691 0.8416 0.0000
vt 0.3574 0.8419 0.0000
vt 0.3424 0.8420 0.0000
vt 0.3381 0.8420 0.0000
vt 0.2835 0.9098 0.0000
vt 0.3742 0.9092 0.0000
vt 0.3671 0.9076 0.0000
vt 0.2933 0.9112 0.0000
vt 0.3189 0.9200 0.0000
vt 0.3015 0.9137 0.0000
vt 0.3600 0.9108 0.0000
vt 0.3442 0.9185 0.0000
vt 0.3238 0.9216 0.0000
vt 0.3398 0.9209 0.0000
vt 0.3043 0.6553 0.0000
vt 0.3357 0.6530 0.0000
vt 0.3458 0.6603 0.0000
vt 0.3563 0.6588 0.0000
vt 0.3702 0.6594 0.0000
vt 0.3117 0.6251 0.0000
vt 0.2822 0.6648 0.0000
vt 0.2912 0.6600 0.0000
vt 0.3019 0.6610 0.0000
vt 0.3656 0.6633 0.0000
vt 0.2898 0.6547 0.0000
vt 0.3575 0.6535 0.0000
vt 0.3723 0.7770 0.0000
vt 0.3643 0.7730 0.0000
vt 0.3441 0.7795 0.0000
vt 0.4686 0.8040 0.0000
vt 0.2718 0.7507 0.0000
vt 0.2847 0.7764 0.0000
vt 0.3341 0.5365 0.0000
vt 0.2682 0.7416 0.0000
vt 0.4393 0.8134 0.0000
vt 0.3396 0.7795 0.0000
vt 0.3843 0.8997 0.0000
vt 0.3874 0.9072 0.0000
vt 0.2792 0.8433 0.0000
vt 0.2863 0.8869 0.0000
vt 0.2832 0.8072 0.0000
vt 0.3952 0.8009 0.0000
vt 0.2792 0.7775 0.0000
vt 0.3125 0.5798 0.0000
vt 0.2782 0.7232 0.0000
vt 0.3743 0.7024 0.0000
vt 0.3776 0.6820 0.0000
vt 0.2774 0.6611 0.0000
vt 0.3117 0.6389 0.0000
vt 0.3355 0.6251 0.0000
vt 0.3355 0.6388 0.0000
vt 0.3430 0.6547 0.0000
vt 0.3118 0.6532 0.0000
vt 0.2705 0.6752 0.0000
vt 0.3354 0.6094 0.0000
vt 0.3132 0.5372 0.0000
vt 0.3131 0.5433 0.0000
vt 0.3784 0.7357 0.0000
vt 0.3840 0.7392 0.0000
vt 0.3131 0.5506 0.0000
vt 0.3737 0.7304 0.0000
vt 0.3718 0.7217 0.0000
vt 0.3120 0.6007 0.0000
vt 0.3148 0.7579 0.0000
vt 0.4585 0.7746 0.0000
vt 0.4623 0.7757 0.0000
vt 0.3501 0.7595 0.0000
vt 0.7456 0.7781 0.0000
vt 0.7280 0.7736 0.0000
vt 0.7530 0.7740 0.0000
vt 0.8160 0.7738 0.0000
vt 0.8390 0.7731 0.0000
vt 0.7998 0.7774 0.0000
vt 0.7940 0.7735 0.0000
vt 0.7530 0.7720 0.0000
vt 0.7649 0.7779 0.0000
vt 0.7456 0.7742 0.0000
vt 0.7531 0.7779 0.0000
vt 0.7224 0.0749 0.0000
vt 0.7251 0.0553 0.0000
vt 0.7301 0.0561 0.0000
vt 0.7270 0.0746 0.0000
vt 0.7380 0.0338 0.0000
vt 0.7408 0.0374 0.0000
vt 0.7631 0.0255 0.0000
vt 0.7615 0.0197 0.0000
vt 0.8127 0.0192 0.0000
vt 0.8122 0.0136 0.0000
vt 0.7290 0.1657 0.0000
vt 0.7232 0.1540 0.0000
vt 0.9173 0.7580 0.0000
vt 0.5743 0.4843 0.0000
vt 0.6271 0.4871 0.0000
vt 0.6270 0.4933 0.0000
vt 0.6890 0.4346 0.0000
vt 0.6818 0.4455 0.0000
vt 0.6768 0.4406 0.0000
vt 0.6432 0.4348 0.0000
vt 0.6311 0.4306 0.0000
vt 0.6306 0.4397 0.0000
vt 0.4689 0.5233 0.0000
vt 0.4025 0.5788 0.0000
vt 0.4007 0.5245 0.0000
vt 0.4047 0.5221 0.0000
vt 0.4648 0.5671 0.0000
vt 0.4070 0.5650 0.0000
vt 0.4070 0.5871 0.0000
vt 0.4009 0.5607 0.0000
vt 0.4031 0.5871 0.0000
vt 0.5180 0.5435 0.0000
vt 0.4619 0.5765 0.0000
vt 0.6431 0.4396 0.0000
vt 0.1172 0.8946 0.0000
vt 0.1140 0.8871 0.0000
vt 0.1132 0.8789 0.0000
vt 0.1225 0.9007 0.0000
vt 0.1294 0.9048 0.0000
vt 0.1371 0.9065 0.0000
vt 0.1451 0.9057 0.0000
vt 0.1523 0.9023 0.0000
vt 0.1583 0.8968 0.0000
vt 0.1623 0.8897 0.0000
vt 0.1640 0.8817 0.0000
vt 0.0963 0.8883 0.0000
vt 0.0931 0.8959 0.0000
vt 0.0970 0.8801 0.0000
vt 0.0879 0.9020 0.0000
vt 0.0811 0.9062 0.0000
vt 0.0733 0.9080 0.0000
vt 0.0654 0.9072 0.0000
vt 0.0580 0.9039 0.0000
vt 0.0521 0.8985 0.0000
vt 0.0480 0.8914 0.0000
vt 0.0463 0.8834 0.0000
vt 0.1115 0.7307 0.0000
vt 0.1643 0.7310 0.0000
vt 0.0446 0.7327 0.0000
vt 0.0974 0.7319 0.0000
vt 0.0469 0.5732 0.0000
vt 0.0951 0.5701 0.0000
vt 0.1124 0.5686 0.0000
vt 0.1607 0.5713 0.0000
vt 0.5025 0.5673 0.0000
vt 0.4618 0.5847 0.0000
vt 0.3993 0.4865 0.0000
vt 0.5089 0.5634 0.0000
vt 0.4822 0.5233 0.0000
vt 0.4036 0.5040 0.0000
vt 0.4103 0.4879 0.0000
vt 0.5187 0.5242 0.0000
vt 0.4653 0.5130 0.0000
vt 0.4096 0.5088 0.0000
vt 0.4155 0.4917 0.0000
vt 0.5227 0.5301 0.0000
vt 0.4657 0.4945 0.0000
vt 0.5237 0.4789 0.0000
vt 0.5087 0.5078 0.0000
vt 0.5040 0.4905 0.0000
vt 0.5139 0.4743 0.0000
vt 0.5020 0.5115 0.0000
vt 0.4983 0.4934 0.0000
vt 0.4743 0.5769 0.0000
vt 0.4725 0.5846 0.0000
vt 0.5027 0.5877 0.0000
vt 0.5081 0.5803 0.0000
vt 0.5147 0.5811 0.0000
vt 0.5192 0.4632 0.0000
vt 0.5284 0.4680 0.0000
vt 0.5085 0.5885 0.0000
vt 0.3967 0.4614 0.0000
vt 0.4060 0.4573 0.0000
vt 9.9267 0.7458 0.0000
vt 9.6700 0.7452 0.0000
vt 9.6702 0.3900 0.0000
vt 9.9267 0.3898 0.0000
vt 9.4156 0.7451 0.0000
vt 9.4157 0.3900 0.0000
vt 9.1683 0.7444 0.0000
vt 9.1682 0.3906 0.0000
vt 8.9331 0.7430 0.0000
vt 8.9332 0.3915 0.0000
vt 8.7166 0.7417 0.0000
vt 8.7166 0.3923 0.0000
vt 8.5088 0.7411 0.0000
vt 8.5088 0.3929 0.0000
vt 8.2801 0.7410 0.0000
vt 8.2801 0.3931 0.0000
vt 8.0713 0.7411 0.0000
vt 8.0716 0.3928 0.0000
vt 7.8584 0.7423 0.0000
vt 7.8584 0.3920 0.0000
vt 7.6376 0.7462 0.0000
vt 7.6376 0.3893 0.0000
vt 13.8433 0.3853 0.0000
vt 13.8430 0.7492 0.0000
vt 3.5013 0.7529 0.0000
vt 3.5011 0.3815 0.0000
vt 18.1044 0.3851 0.0000
vt 18.1044 0.6334 0.0000
vt -0.9091 0.7534 0.0000
vt -0.9091 0.5076 0.0000
vt 3.5013 0.6335 0.0000
vt -0.9091 0.6335 0.0000
vt 13.8430 0.6334 0.0000
vt 18.1044 0.7491 0.0000
vt 13.8433 0.5076 0.0000
vt 18.1044 0.5076 0.0000
vt 3.5011 0.5076 0.0000
vt -0.9091 0.3811 0.0000
vt 9.9267 0.5077 0.0000
vt 7.6376 0.5076 0.0000
vt 7.6376 0.6335 0.0000
vt 9.9267 0.6334 0.0000
vt 7.8584 0.5078 0.0000
vt 8.0716 0.5078 0.0000
vt 8.2801 0.5078 0.0000
vt 8.5088 0.5078 0.0000
vt 8.7166 0.5078 0.0000
vt 8.9332 0.5078 0.0000
vt 9.1682 0.5077 0.0000
vt 9.4157 0.5077 0.0000
vt 9.6702 0.5076 0.0000
vt 7.8584 0.6332 0.0000
vt 8.0713 0.6332 0.0000
vt 8.2801 0.6332 0.0000
vt 8.5088 0.6332 0.0000
vt 8.7166 0.6332 0.0000
vt 8.9331 0.6333 0.0000
vt 9.1683 0.6334 0.0000
vt 9.4156 0.6334 0.0000
vt 9.6700 0.6334 0.0000
vt 9.6816 0.9998 0.0000
vt 9.4296 0.9999 0.0000
vt 9.9250 0.9997 0.0000
vt 9.1813 0.9999 0.0000
vt 8.9421 0.9998 0.0000
vt 8.7231 0.9997 0.0000
vt 8.5099 0.9996 0.0000
vt 8.2777 0.9996 0.0000
vt 8.0656 0.9996 0.0000
vt 7.8524 0.9997 0.0000
vt 7.6254 1.0000 0.0000
vt 13.8336 0.9981 0.0000
vt 3.4975 0.9982 0.0000
vt 18.0944 0.9971 0.0000
vt -0.9159 0.9956 0.0000
vt 9.6824 0.1356 0.0000
vt 9.4296 0.1356 0.0000
vt 9.9249 0.1355 0.0000
vt 9.1812 0.1356 0.0000
vt 8.9424 0.1356 0.0000
vt 8.7227 0.1355 0.0000
vt 8.5093 0.1355 0.0000
vt 8.2780 0.1355 0.0000
vt 8.0664 0.1355 0.0000
vt 7.8523 0.1355 0.0000
vt 7.6254 0.1356 0.0000
vt 3.4975 0.1356 0.0000
vt 13.8335 0.1356 0.0000
vt -0.9159 0.1357 0.0000
vt 18.0943 0.1356 0.0000
vt 0.1824 0.6777 0.4819
vt 0.1824 0.6540 0.0005
vt 0.2568 0.6540 0.0005
vt 0.2568 0.6777 0.4819
vt 0.1824 0.7067 0.9216
vt 0.2568 0.7067 0.9216
vt 0.1824 0.7104 0.9457
vt 0.2568 0.7104 0.9457
vt 0.1824 0.7210 0.9674
vt 0.2568 0.7210 0.9674
vt 0.1824 0.7375 0.9846
vt 0.2568 0.7375 0.9846
vt 0.1824 0.7582 0.9957
vt 0.2568 0.7582 0.9957
vt 0.1824 0.7813 0.9995
vt 0.2568 0.7813 0.9995
vt 0.1824 0.8043 0.9957
vt 0.2568 0.8043 0.9957
vt 0.1824 0.8251 0.9846
vt 0.2568 0.8251 0.9846
vt 0.1824 0.8415 0.9674
vt 0.2568 0.8415 0.9674
vt 0.1824 0.8521 0.9457
vt 0.2568 0.8521 0.9457
vt 0.1824 0.8558 0.9216
vt 0.2568 0.8558 0.9216
vt 0.1824 0.8326 0.4743
vt 0.2568 0.8326 0.4743
vt 0.1824 0.7960 0.0005
vt 0.2568 0.7960 0.0005
# 2648 texture coords

g Chainsaw01
usemtl Chainsaw01
s 1
f 10/3/1 9/4/2 1/872/3 2/2/4 
f 11/6/5 10/3/6 2/871/7 3/5/8 
f 12/8/9 11/6/10 3/870/11 4/7/12 
f 13/10/13 12/8/14 4/869/15 5/9/16 
f 14/12/17 13/10/18 5/868/19 6/11/20 
f 15/14/21 14/12/22 6/867/23 7/13/24 
f 16/16/25 15/14/26 7/866/27 8/15/28 
f 9/4/29 16/16/30 8/865/31 1/1/32 
f 17/17/33 18/18/34 19/19/35 
f 18/18/36 20/20/37 19/19/38 
f 20/20/39 21/21/40 19/19/41 
f 21/21/42 22/22/43 19/19/44 
f 22/22/45 23/23/46 19/19/47 
f 23/23/48 24/24/49 19/19/50 
f 24/24/51 25/25/52 19/19/53 
f 25/25/54 17/17/55 19/19/56 
f 18/18/57 17/17/58 9/4/59 10/3/60 
f 20/20/61 18/18/62 10/3/63 11/6/64 
f 21/21/65 20/20/66 11/6/67 12/8/68 
f 22/22/69 21/21/70 12/8/71 13/10/72 
f 23/23/73 22/22/74 13/10/75 14/12/76 
f 24/24/77 23/23/78 14/12/79 15/14/80 
f 25/25/81 24/24/82 15/14/83 16/16/84 
f 17/17/85 25/25/86 16/16/87 9/4/88 
f 1347/2470/89 1346/2471/90 1348/2472/91 
f 1349/2473/92 1347/2470/93 1348/2472/94 
f 1350/2474/95 1349/2473/96 1348/2472/97 
f 1351/2475/98 1350/2474/99 1348/2472/100 
f 1352/2476/101 1351/2475/102 1348/2472/103 
f 1353/2477/104 1352/2476/105 1348/2472/106 
f 1354/2478/107 1353/2477/108 1348/2472/109 
f 1355/2479/110 1354/2478/111 1348/2472/112 
f 1356/2480/113 1355/2479/114 1348/2472/115 
f 1361/2481/116 1362/2482/117 1363/2483/118 
f 1362/2482/119 1364/2484/120 1363/2483/121 
f 1364/2484/122 1365/2485/123 1363/2483/124 
f 1365/2485/125 1366/2486/126 1363/2483/127 
f 1366/2486/128 1367/2487/129 1363/2483/130 
f 1367/2487/131 1368/2488/132 1363/2483/133 
f 1368/2488/134 1369/2489/135 1363/2483/136 
f 1369/2489/137 1370/2490/138 1363/2483/139 
f 1370/2490/140 1371/2491/141 1363/2483/142 
f 1357/2492/143 1358/2493/144 1356/2480/145 1348/2472/146 
f 1372/2494/147 1373/2495/148 1363/2483/149 1371/2491/150 
f 1374/2496/151 1375/2497/152 1373/2495/153 1372/2494/154 
f 1359/2498/155 1360/2499/156 1358/2493/157 1357/2492/158 
f 36/81/159 37/87/160 34/56/161 35/61/162 
s 2
f 35/28/163 34/29/164 30/26/165 31/27/166 
s 4
f 36/81/167 35/61/168 31/88/169 33/115/170 
s 2
f 37/32/171 36/33/172 33/30/173 32/31/174 
s 4
f 34/801/175 37/802/176 32/799/177 30/800/178 
s 2
f 44/36/179 45/37/180 38/34/181 39/35/182 
s 4
f 41/805/183 40/806/184 39/803/185 38/804/186 
s 2
f 43/40/187 42/41/188 40/38/189 41/39/190 
s 4
f 45/785/191 44/786/192 42/783/193 43/784/194 
s 2
f 52/44/195 53/45/196 46/42/197 47/43/198 
s 4
f 49/809/199 48/810/200 47/807/201 46/808/202 
s 2
f 51/48/203 50/49/204 48/46/205 49/47/206 
s 4
f 53/789/207 52/790/208 50/787/209 51/788/210 
s 2
f 31/27/211 30/26/212 40/38/213 42/41/214 
f 44/36/215 39/35/216 32/31/217 33/30/218 
s 4
f 31/88/219 42/783/220 44/786/221 33/115/222 
f 40/806/223 30/800/224 32/799/225 39/803/226 
f 48/810/227 41/805/228 38/804/229 47/807/230 
s 2
f 43/40/231 41/39/232 48/46/233 50/49/234 
s 4
f 43/784/235 50/787/236 52/790/237 45/785/238 
s 2
f 52/44/239 47/43/240 38/34/241 45/37/242 
s 4
f 57/813/243 56/814/244 54/811/245 55/812/246 
s 2
f 60/52/247 61/53/248 55/50/249 54/51/250 
s 4
f 61/793/251 60/794/252 58/791/253 59/792/254 
f 28/816/255 54/811/256 56/814/257 26/815/258 
s 2
f 60/52/259 54/51/260 28/54/261 29/55/262 
s 4
f 60/794/263 29/96/264 27/779/265 58/791/266 
f 55/812/267 49/809/268 46/808/269 57/813/270 
s 2
f 59/57/271 132/58/272 46/42/273 53/45/274 
s 4
f 53/789/275 51/788/276 61/793/277 59/792/278 
s 2
f 51/48/279 49/47/280 55/50/281 61/53/282 
s 1
f 64/102/283 125/103/284 100/106/285 
s 4
f 110/69/286 111/781/287 108/66/288 109/68/289 
s 1
f 63/709/290 62/710/291 101/107/292 102/112/293 
s 4
f 103/73/294 65/74/295 63/71/296 102/72/297 
f 64/77/298 100/79/299 101/75/300 62/76/301 
s 1
f 119/711/302 116/712/303 62/710/304 63/709/305 
s 4
f 118/80/306 119/82/307 63/71/308 65/74/309 
f 116/83/310 117/84/311 64/77/312 62/76/313 
s 1
f 95/715/314 92/716/315 70/713/316 71/714/317 
s 4
f 94/89/318 95/90/319 71/85/320 72/86/321 
f 92/93/322 93/94/323 73/91/324 70/92/325 
usemtl Chainsaw01_Alpha
s 1
f 78/717/326 122/718/327 98/719/328 
usemtl Chainsaw01
s 4
f 99/97/329 98/98/330 122/95/331 29/96/332 
f 96/101/333 97/104/334 87/99/335 85/100/336 
f 81/109/337 82/110/338 77/105/339 74/108/340 
usemtl Chainsaw01_Alpha
s 1
f 120/720/341 121/721/342 80/722/343 
f 80/722/344 121/721/345 78/717/346 
usemtl Chainsaw01
s 2
f 83/111/347 80/113/348 78/63/349 79/65/350 
s 1
f 1329/724/351 77/725/352 82/726/353 
usemtl Chainsaw01_Alpha
f 88/730/354 89/731/355 96/728/356 123/729/357 
usemtl Chainsaw01
s 4
f 84/114/358 86/116/359 82/110/360 81/109/361 
s 1
f 1329/724/362 82/726/363 86/727/364 1328/732/365 
s 2
f 90/117/366 88/118/367 80/113/368 83/111/369 
s 4
f 87/99/370 86/116/371 84/114/372 85/100/373 
f 90/117/374 91/120/375 89/119/376 88/118/377 
f 74/108/378 77/105/379 93/94/380 92/93/381 
f 76/121/382 75/122/383 95/90/384 94/89/385 
usemtl Chainsaw01_Alpha
s 1
f 75/734/386 74/735/387 92/716/388 95/715/389 
usemtl Chainsaw01
s 4
f 89/119/390 91/120/391 97/104/392 96/101/393 
s 8
f 99/97/394 79/64/395 78/782/396 98/98/397 
s 4
f 100/79/398 66/124/399 68/123/400 101/75/401 
s 1
f 102/112/402 101/107/403 68/736/404 69/737/405 
s 4
f 69/125/406 67/126/407 103/73/408 102/72/409 
s 1
f 67/739/410 66/740/411 100/106/412 103/738/413 
f 1324/742/414 79/743/415 99/733/416 1332/741/417 
f 1324/742/418 1325/745/419 83/744/420 79/743/421 
f 1325/745/422 1326/762/423 90/761/424 83/744/425 
f 114/746/426 115/747/427 66/740/428 67/739/429 
s 4
f 113/127/430 114/128/431 67/126/432 69/125/433 
s 1
f 112/748/434 113/749/435 69/737/436 68/736/437 
s 4
f 115/773/438 112/774/439 68/123/440 66/124/441 
s 1
f 109/752/442 108/753/443 104/750/444 105/751/445 
s 4
f 110/69/446 109/68/447 105/775/448 106/776/449 
s 1
f 111/756/450 110/757/451 106/754/452 107/755/453 
s 4
f 108/780/454 111/70/455 107/777/456 104/778/457 
s 1
f 107/755/458 106/754/459 113/749/460 112/748/461 
s 4
f 106/776/462 105/775/463 114/128/464 113/127/465 
s 1
f 105/751/466 104/750/467 115/747/468 114/746/469 
s 4
f 104/778/470 107/777/471 112/774/472 115/773/473 
f 70/92/474 73/91/475 117/84/476 116/83/477 
f 72/86/478 71/85/479 119/82/480 118/80/481 
s 1
f 71/714/482 70/713/483 116/712/484 119/711/485 
usemtl Chainsaw01_Alpha
f 96/728/486 85/759/487 84/758/488 123/729/489 
f 120/720/490 81/760/491 74/735/492 121/721/493 
f 122/718/494 121/721/495 74/735/496 75/734/497 
usemtl Chainsaw01
s 4
f 75/122/498 76/121/499 27/779/500 
f 29/96/501 122/95/502 75/122/503 27/779/504 
usemtl Chainsaw01_Alpha
s 1
f 123/729/505 84/758/506 81/760/507 120/720/508 
f 120/720/509 80/722/510 88/730/511 123/729/512 
usemtl Chainsaw01
f 1328/732/513 86/727/514 87/763/515 1330/770/516 
f 124/2450/517 97/2451/518 91/771/519 1327/2449/520 
f 64/102/521 117/765/522 126/764/523 125/103/524 
f 117/765/525 73/767/526 127/766/527 126/764/528 
f 73/767/529 93/769/530 128/768/531 127/766/532 
f 93/769/533 77/725/534 129/2452/535 128/768/536 
f 1329/724/537 1331/2453/538 129/2452/539 77/725/540 
s 2
f 130/62/541 26/133/542 56/59/543 131/60/544 
f 132/58/545 131/60/546 56/59/547 57/134/548 
f 46/42/549 132/58/550 57/134/551 
s 4
f 133/825/552 125/826/553 126/67/554 127/78/555 
f 134/824/556 133/825/557 127/78/558 128/131/559 
f 135/823/560 134/824/561 128/131/562 129/135/563 
f 136/822/564 130/138/565 131/139/566 
f 136/822/567 135/823/568 129/135/569 130/138/570 
f 136/822/571 131/139/572 132/821/573 
s 2
f 137/141/574 65/142/575 125/130/576 133/129/577 
f 138/817/578 137/141/579 133/129/580 134/132/581 
f 139/818/582 138/817/583 134/132/584 135/136/585 
f 140/819/586 139/818/587 135/136/588 136/137/589 
s 1
f 59/820/590 140/819/591 136/137/592 132/140/593 
f 65/772/594 103/738/595 100/106/596 125/103/597 
usemtl Chainsaw01_Alpha
f 121/721/598 122/718/599 78/717/600 
usemtl Chainsaw01
s 4
f 138/795/601 139/796/602 76/121/603 94/89/604 
f 94/89/605 72/86/606 137/797/607 138/795/608 
f 65/74/609 137/797/610 72/86/611 118/80/612 
f 27/779/613 76/121/614 139/796/615 140/798/616 
f 58/791/617 27/779/618 140/798/619 
f 59/792/620 58/791/621 140/798/622 
s 1
f 1316/145/623 1317/146/624 143/143/625 146/144/626 
f 1316/145/627 146/144/628 144/147/629 
f 149/150/630 161/151/631 162/148/632 145/149/633 
f 145/149/634 146/144/635 143/143/636 149/150/637 
s 2
f 143/152/638 1317/153/639 150/154/640 
s 4
f 153/1005/641 152/160/642 144/155/643 146/1004/644 
s 2
f 154/162/645 153/157/646 146/156/647 145/161/648 
f 163/677/649 154/162/650 145/161/651 162/164/652 
f 150/154/653 156/990/654 149/989/655 143/152/656 
f 159/993/657 155/994/658 147/991/659 158/992/660 
f 156/990/661 160/996/662 161/995/663 149/989/664 
f 148/997/665 157/998/666 159/993/667 158/992/668 
f 160/996/669 157/998/670 148/997/671 161/995/672 
s 1
f 161/151/673 148/163/674 158/159/675 162/148/676 
f 162/148/677 158/159/678 147/158/679 
s 2
f 147/991/680 155/994/681 163/677/682 162/164/683 
s 1
f 167/1315/684 166/1316/685 164/1313/686 165/1314/687 
s 2
f 169/169/688 168/170/689 166/168/690 167/167/691 
f 165/166/692 164/1318/693 170/1317/694 171/172/695 
s 4
f 166/1319/696 168/1320/697 170/171/698 164/165/699 
s 1
f 177/177/700 176/179/701 172/173/702 173/174/703 
s 2
f 178/184/704 177/177/705 173/174/706 174/181/707 
f 176/179/708 179/942/709 175/941/710 172/173/711 
s 4
f 176/176/712 177/175/713 178/178/714 
f 179/180/715 176/176/716 178/178/717 
s 2
f 180/943/718 181/944/719 178/184/720 174/181/721 
f 183/945/722 182/946/723 175/941/724 179/942/725 
s 4
f 181/182/726 183/183/727 179/180/728 178/178/729 
s 1
f 193/922/730 192/912/731 184/185/732 185/186/733 
f 194/917/734 193/918/735 185/921/736 186/189/737 
f 195/916/738 194/917/739 186/189/740 187/191/741 
f 196/194/742 195/916/743 187/191/744 188/193/745 
f 197/920/746 196/194/747 188/193/748 189/195/749 
f 198/198/750 197/914/751 189/919/752 190/197/753 
f 199/911/754 198/198/755 190/197/756 191/199/757 
f 192/912/758 199/911/759 191/199/760 184/185/761 
s 2
f 192/188/762 193/187/763 197/196/764 
f 193/187/765 194/190/766 197/196/767 
f 194/190/768 195/192/769 197/196/770 
f 195/192/771 196/915/772 197/196/773 
f 198/913/774 199/200/775 197/196/776 
f 199/200/777 192/188/778 197/196/779 
s 1
f 217/1427/780 200/1395/781 201/1392/782 218/1442/783 
f 218/1442/784 201/1392/785 202/1396/786 219/1441/787 
f 219/1441/788 202/1396/789 203/1398/790 220/1440/791 
f 220/1440/792 203/1398/793 204/1400/794 221/1439/795 
f 221/1439/796 204/1400/797 205/1402/798 222/1438/799 
f 222/1438/800 205/1402/801 206/1404/802 223/1437/803 
f 223/1437/804 206/1404/805 207/1406/806 224/1436/807 
f 224/1436/808 207/1406/809 208/1408/810 225/1435/811 
f 225/1435/812 208/1408/813 209/1410/814 226/1434/815 
f 226/1434/816 209/1410/817 210/1412/818 227/1433/819 
f 227/1433/820 210/1412/821 211/1414/822 228/1415/823 
f 228/1415/824 211/1414/825 212/1416/826 229/1431/827 
f 229/1431/828 212/1416/829 213/1418/830 230/1419/831 
f 230/1419/832 213/1418/833 214/1420/834 231/1429/835 
f 231/1429/836 214/1420/837 215/1422/838 232/1428/839 
f 232/1428/840 215/1422/841 216/1424/842 233/1426/843 
f 233/1426/844 216/1424/845 200/1395/846 217/1427/847 
f 217/1394/848 218/1393/849 229/1417/850 
f 218/1393/851 219/1397/852 229/1417/853 
f 219/1397/854 220/1399/855 229/1417/856 
f 220/1399/857 221/1401/858 229/1417/859 
f 221/1401/860 222/1403/861 229/1417/862 
f 222/1403/863 223/1405/864 229/1417/865 
f 223/1405/866 224/1407/867 229/1417/868 
f 224/1407/869 225/1409/870 229/1417/871 
f 225/1409/872 226/1411/873 229/1417/874 
f 226/1411/875 227/1413/876 229/1417/877 
f 227/1413/878 228/1432/879 229/1417/880 
f 230/1430/881 231/1421/882 229/1417/883 
f 231/1421/884 232/1423/885 229/1417/886 
f 232/1423/887 233/1425/888 229/1417/889 
f 233/1425/890 217/1394/891 229/1417/892 
f 235/1445/893 236/1446/894 213/1443/895 212/1444/896 
f 236/1446/897 237/1448/898 214/1447/899 213/1443/900 
f 237/1448/901 238/1450/902 215/1449/903 214/1447/904 
f 238/1450/905 239/1452/906 216/1451/907 215/1449/908 
f 200/1453/909 216/1451/910 261/1454/911 
f 265/1457/912 242/1458/913 240/1517/914 264/1456/915 
s 2
f 248/1514/916 245/1462/917 244/1515/918 247/1460/919 
f 1277/1465/920 1278/1466/921 275/1463/922 262/1464/923 
f 246/1512/924 1295/1469/925 255/1467/926 
f 255/1467/927 1295/1469/928 247/1513/929 
f 247/1513/930 1295/1469/931 248/1461/932 
s 1
f 283/1470/933 287/1471/934 243/1472/935 
s 2
f 271/1475/936 251/1476/937 276/1473/938 274/1474/939 
s 4
f 250/1477/940 273/1478/941 244/1459/942 245/1516/943 
s 2
f 251/1476/944 270/1479/945 253/1480/946 
s 1
f 250/1359/947 253/1360/948 270/1357/949 272/1358/950 
f 280/1363/951 255/1364/952 247/1361/953 249/1362/954 
f 258/1521/955 259/1522/956 256/1519/957 257/1520/958 
f 259/1483/959 260/1484/960 252/1481/961 256/1482/962 
f 200/1523/963 261/1524/964 259/1522/965 258/1521/966 
f 261/1454/967 234/1485/968 260/1484/969 259/1483/970 
f 261/1454/971 239/1452/972 234/1485/973 
f 261/1454/974 216/1451/975 239/1452/976 
f 264/1456/977 263/1486/978 290/1487/979 
f 201/1365/980 200/1366/981 258/1367/982 
f 202/1368/983 201/1365/984 258/1367/985 
f 258/1367/986 257/1370/987 203/1369/988 202/1368/989 
f 257/1370/990 279/1372/991 204/1371/992 203/1369/993 
f 249/1362/994 291/1373/995 280/1363/996 
f 205/1374/997 204/1371/998 279/1372/999 
s 2
f 246/1512/1000 255/1467/1001 254/1511/1002 
s 1
f 267/1491/1003 268/1492/1004 210/1489/1005 209/1490/1006 
f 268/1492/1007 269/1494/1008 211/1493/1009 210/1489/1010 
f 269/1494/1011 235/1445/1012 212/1444/1013 211/1493/1014 
f 243/1472/1015 241/1495/1016 267/1491/1017 209/1490/1018 
f 208/1375/1019 243/1376/1020 209/1377/1021 
f 207/1378/1022 243/1376/1023 208/1375/1024 
s 4
f 272/1496/1025 273/1478/1026 250/1477/1027 
s 1
f 273/1380/1028 272/1358/1029 270/1357/1030 271/1379/1031 
s 2
f 270/1479/1032 251/1476/1033 271/1475/1034 
s 1
f 273/1380/1035 271/1379/1036 274/1381/1037 244/1382/1038 
f 247/1361/1039 244/1382/1040 274/1381/1041 275/1383/1042 
s 2
f 276/1473/1043 262/1464/1044 275/1463/1045 274/1474/1046 
s 1
f 247/1361/1047 275/1383/1048 249/1362/1049 
f 281/1499/1050 282/1500/1051 277/1497/1052 278/1498/1053 
f 280/1527/1054 279/1528/1055 278/1525/1056 277/1526/1057 
f 280/1527/1058 277/1526/1059 254/1529/1060 255/1530/1061 
f 257/1520/1062 256/1519/1063 278/1525/1064 279/1528/1065 
f 277/1497/1066 282/1500/1067 1294/1501/1068 
f 256/1482/1069 252/1481/1070 281/1499/1071 278/1498/1072 
f 280/1363/1073 206/1384/1074 205/1374/1075 279/1372/1076 
s 4
f 281/1549/1077 252/1550/1078 1296/1551/1079 
f 252/1550/1080 260/1554/1081 268/1552/1082 267/1553/1083 
f 269/1556/1084 268/1552/1085 260/1554/1086 234/1555/1087 
f 234/1555/1088 239/1558/1089 235/1557/1090 269/1556/1091 
f 236/1560/1092 235/1557/1093 239/1558/1094 238/1559/1095 
f 237/2448/1096 236/1560/1097 238/1559/1098 
s 1
f 207/1378/1099 283/1385/1100 243/1376/1101 
f 207/1378/1102 206/1384/1103 284/1386/1104 283/1385/1105 
s 2
f 288/1533/1106 287/1534/1107 283/1531/1108 284/1532/1109 
f 290/1537/1110 289/1538/1111 285/1535/1112 266/1536/1113 
s 4
f 292/1541/1114 293/1542/1115 291/1539/1116 249/1540/1117 
s 1
f 263/1486/1118 286/1502/1119 287/1471/1120 290/1487/1121 
f 280/1363/1122 284/1386/1123 206/1384/1124 
s 8
f 289/1545/1125 290/1546/1126 287/1543/1127 288/1544/1128 
s 1
f 286/1502/1129 241/1495/1130 243/1472/1131 287/1471/1132 
f 266/1503/1133 265/1457/1134 264/1456/1135 290/1487/1136 
s 4
f 292/1541/1137 249/1540/1138 285/1535/1139 289/1538/1140 
s 8
f 293/1547/1141 292/1548/1142 289/1545/1143 288/1544/1144 
s 4
f 291/1539/1145 293/1542/1146 288/1533/1147 284/1532/1148 
s 1
f 280/1363/1149 291/1373/1150 284/1386/1151 
f 275/1383/1152 1278/1388/1153 285/1387/1154 249/1362/1155 
f 265/1389/1156 285/1387/1157 242/1390/1158 
f 266/1391/1159 285/1387/1160 265/1389/1161 
f 300/203/1162 299/204/1163 294/201/1164 295/202/1165 
s 2
f 301/206/1166 300/203/1167 295/202/1168 296/205/1169 
s 1
f 302/208/1170 301/206/1171 296/205/1172 297/207/1173 
s 2
f 303/1007/1174 302/208/1175 297/207/1176 298/209/1177 
s 4
f 299/204/1178 303/210/1179 298/1006/1180 294/201/1181 
s 1
f 307/949/1182 306/950/1183 304/947/1184 305/948/1185 
s 2
f 309/217/1186 308/218/1187 312/215/1188 313/216/1189 
s 1
f 311/953/1190 310/954/1191 308/951/1192 309/952/1193 
s 2
f 314/221/1194 315/222/1195 310/220/1196 311/219/1197 
s 4
f 309/952/1198 313/956/1199 314/955/1200 311/953/1201 
s 2
f 313/216/1202 312/215/1203 306/214/1204 307/213/1205 
s 4
f 313/956/1206 307/949/1207 305/948/1208 314/955/1209 
s 2
f 305/212/1210 304/211/1211 315/222/1212 314/221/1213 
s 1
f 323/1015/1214 322/1009/1215 316/1008/1216 317/224/1217 
s 2
f 324/1014/1218 323/1015/1219 317/224/1220 318/227/1221 
s 1
f 325/1013/1222 324/1014/1223 318/227/1224 319/229/1225 
s 2
f 326/1012/1226 325/1013/1227 319/229/1228 320/231/1229 
s 1
f 327/1011/1230 326/1012/1231 320/231/1232 321/233/1233 
s 2
f 322/1010/1234 327/1011/1235 321/233/1236 316/223/1237 
s 4
f 322/226/1238 323/225/1239 328/235/1240 
f 323/225/1241 324/228/1242 328/235/1243 
f 324/228/1244 325/230/1245 328/235/1246 
f 325/230/1247 326/232/1248 328/235/1249 
f 326/232/1250 327/234/1251 328/235/1252 
f 327/234/1253 322/226/1254 328/235/1255 
s 1
f 340/240/1256 339/242/1257 329/236/1258 330/237/1259 
f 341/246/1260 340/240/1261 330/237/1262 331/244/1263 
f 342/250/1264 341/246/1265 331/244/1266 332/248/1267 
f 343/254/1268 342/250/1269 332/248/1270 333/252/1271 
f 344/510/1272 343/254/1273 333/252/1274 334/509/1275 
f 345/515/1276 344/510/1277 334/509/1278 335/513/1279 
f 346/519/1280 345/515/1281 335/513/1282 336/517/1283 
f 347/523/1284 346/519/1285 336/517/1286 337/521/1287 
f 348/850/1288 347/523/1289 337/521/1290 338/525/1291 
f 339/242/1292 348/527/1293 338/849/1294 329/236/1295 
s 2
f 339/239/1296 340/238/1297 349/256/1298 
f 340/238/1299 341/241/1300 349/256/1301 
f 341/241/1302 342/243/1303 349/256/1304 
f 342/243/1305 343/245/1306 349/256/1307 
f 343/245/1308 344/247/1309 349/256/1310 
f 344/247/1311 345/249/1312 349/256/1313 
f 345/249/1314 346/251/1315 349/256/1316 
f 346/251/1317 347/253/1318 349/256/1319 
f 347/253/1320 348/255/1321 349/256/1322 
f 348/255/1323 339/239/1324 349/256/1325 
s 1
f 363/261/1326 362/263/1327 350/257/1328 351/258/1329 
f 364/864/1330 363/261/1331 351/258/1332 352/265/1333 
f 365/271/1334 364/267/1335 352/863/1336 353/269/1337 
f 366/275/1338 365/271/1339 353/269/1340 354/273/1341 
f 367/279/1342 366/275/1343 354/273/1344 355/277/1345 
f 368/852/1346 367/279/1347 355/277/1348 356/851/1349 
f 369/854/1350 368/852/1351 356/851/1352 357/853/1353 
f 370/856/1354 369/854/1355 357/853/1356 358/855/1357 
f 371/858/1358 370/856/1359 358/855/1360 359/857/1361 
f 372/860/1362 371/858/1363 359/857/1364 360/859/1365 
f 373/862/1366 372/860/1367 360/859/1368 361/861/1369 
f 362/263/1370 373/862/1371 361/861/1372 350/257/1373 
s 2
f 362/260/1374 363/259/1375 374/281/1376 
f 363/259/1377 364/262/1378 374/281/1379 
f 364/262/1380 365/264/1381 374/281/1382 
f 365/264/1383 366/266/1384 374/281/1385 
f 366/266/1386 367/268/1387 374/281/1388 
f 367/268/1389 368/270/1390 374/281/1391 
f 368/270/1392 369/272/1393 374/281/1394 
f 369/272/1395 370/274/1396 374/281/1397 
f 370/274/1398 371/276/1399 374/281/1400 
f 371/276/1401 372/278/1402 374/281/1403 
f 372/278/1404 373/280/1405 374/281/1406 
f 373/280/1407 362/260/1408 374/281/1409 
s 1
f 391/940/1410 392/939/1411 406/282/1412 403/283/1413 
f 389/930/1414 390/289/1415 394/937/1416 393/287/1417 
f 393/287/1418 394/937/1419 396/935/1420 395/291/1421 
f 395/291/1422 396/935/1423 398/933/1424 397/293/1425 
f 397/293/1426 398/933/1427 400/931/1428 399/295/1429 
f 399/295/1430 400/931/1431 410/296/1432 407/297/1433 
f 391/284/1434 403/929/1435 404/301/1436 376/300/1437 
f 392/285/1438 391/284/1439 376/300/1440 388/299/1441 
f 406/927/1442 392/285/1443 388/299/1444 405/298/1445 
f 389/288/1446 393/938/1447 377/305/1448 375/304/1449 
f 394/286/1450 390/928/1451 378/303/1452 379/302/1453 
f 393/938/1454 395/936/1455 380/307/1456 377/305/1457 
f 396/290/1458 394/286/1459 379/302/1460 381/306/1461 
f 395/936/1462 397/934/1463 382/309/1464 380/307/1465 
f 398/292/1466 396/290/1467 381/306/1468 383/308/1469 
f 397/934/1470 399/932/1471 384/311/1472 382/309/1473 
f 400/294/1474 398/292/1475 383/308/1476 385/310/1477 
f 401/316/1478 402/924/1479 387/314/1480 386/315/1481 
f 399/932/1482 407/925/1483 408/313/1484 384/311/1485 
f 410/923/1486 400/294/1487 385/310/1488 409/312/1489 
f 403/929/1490 389/288/1491 375/304/1492 404/301/1493 
f 378/303/1494 390/928/1495 406/927/1496 405/298/1497 
f 403/283/1498 406/282/1499 390/289/1500 389/930/1501 
f 407/925/1502 401/316/1503 386/315/1504 408/313/1505 
f 387/314/1506 402/924/1507 410/923/1508 409/312/1509 
f 407/297/1510 410/296/1511 402/317/1512 401/926/1513 
f 417/1100/1514 415/1083/1515 412/320/1516 416/321/1517 
f 418/327/1518 419/1099/1519 417/1100/1520 416/321/1521 
f 420/330/1522 421/1098/1523 419/1099/1524 418/327/1525 
f 422/338/1526 423/1097/1527 421/1098/1528 420/330/1529 
f 877/341/1530 424/343/1531 423/1097/1532 422/338/1533 
f 425/347/1534 426/1079/1535 879/1078/1536 880/345/1537 
f 522/1082/1538 526/353/1539 412/320/1540 415/1083/1541 
f 427/356/1542 428/1085/1543 426/1079/1544 425/347/1545 
s 2
f 414/322/1546 430/324/1547 432/318/1548 416/319/1549 
f 416/319/1550 432/318/1551 431/326/1552 418/328/1553 
f 882/331/1554 425/333/1555 880/334/1556 
f 412/335/1557 526/336/1558 414/322/1559 416/319/1560 
f 1204/1129/1561 430/324/1562 414/322/1563 411/492/1564 
f 413/1130/1565 433/1131/1566 1203/1132/1567 
s 1
f 439/1093/1568 438/363/1569 435/358/1570 437/1094/1571 
f 440/469/1572 438/363/1573 439/1093/1574 441/1092/1575 
f 441/364/1576 439/362/1577 793/482/1578 794/483/1579 
f 442/485/1580 440/469/1581 441/1092/1582 443/1091/1583 
f 441/364/1584 794/483/1585 443/484/1586 
f 443/484/1587 794/483/1588 421/332/1589 
f 421/332/1590 794/483/1591 419/329/1592 
f 444/487/1593 442/485/1594 443/1091/1595 445/1090/1596 
f 443/484/1597 421/332/1598 423/339/1599 445/486/1600 
f 446/635/1601 444/487/1602 445/1090/1603 447/1089/1604 
f 445/486/1605 423/339/1606 424/1096/1607 447/488/1608 
f 448/637/1609 446/635/1610 447/1089/1611 449/1087/1612 
f 879/344/1613 447/488/1614 424/1096/1615 
f 436/641/1616 452/1080/1617 451/638/1618 529/640/1619 
f 450/1086/1620 448/637/1621 449/1087/1622 453/1084/1623 
f 449/636/1624 426/349/1625 428/357/1626 453/1017/1627 
f 455/1020/1628 450/1018/1629 453/1017/1630 521/1019/1631 
s 2
f 467/1662/1632 460/1663/1633 457/1660/1634 466/1661/1635 
s 4
f 464/1666/1636 463/1667/1637 450/1664/1638 454/1665/1639 
f 465/1669/1640 464/1666/1641 454/1665/1642 456/1668/1643 
s 8
f 450/1791/1644 455/1792/1645 456/1789/1646 454/1790/1647 
s 16
f 436/342/1648 438/346/1649 466/337/1650 457/340/1651 
f 459/348/1652 444/350/1653 446/352/1654 
f 442/359/1655 459/348/1656 458/354/1657 440/355/1658 
f 438/346/1659 440/355/1660 458/354/1661 466/337/1662 
s 2
f 458/1670/1663 461/1671/1664 467/1662/1665 466/1661/1666 
s 16
f 446/352/1667 448/489/1668 450/360/1669 459/348/1670 
s 2
f 450/1664/1671 463/1667/1672 462/1672/1673 459/1673/1674 
f 459/1673/1675 462/1672/1676 461/1671/1677 458/1670/1678 
s 16
f 435/1101/1679 438/346/1680 436/342/1681 529/639/1682 
s 1
f 469/1625/1683 468/1626/1684 460/1623/1685 467/1624/1686 
f 472/1629/1687 471/1630/1688 463/1627/1689 464/1628/1690 
f 473/1632/1691 472/1629/1692 464/1628/1693 465/1631/1694 
f 470/1635/1695 474/1636/1696 461/1633/1697 462/1634/1698 
f 474/1636/1699 469/1625/1700 467/1624/1701 461/1633/1702 
f 471/1630/1703 470/1635/1704 462/1634/1705 463/1627/1706 
s 4
f 475/1674/1707 476/1675/1708 465/1669/1709 456/1668/1710 
s 1
f 476/1637/1711 477/1638/1712 473/1632/1713 465/1631/1714 
s 4
f 478/1676/1715 479/1677/1716 476/1675/1717 475/1674/1718 
s 1
f 479/1639/1719 480/1640/1720 477/1638/1721 476/1637/1722 
s 2
f 481/1678/1723 482/1679/1724 479/1677/1725 478/1676/1726 
s 1
f 480/1640/1727 479/1639/1728 482/1641/1729 
s 2
f 483/1680/1730 484/1681/1731 482/1679/1732 481/1678/1733 
s 1
f 484/1642/1734 485/1643/1735 480/1640/1736 482/1641/1737 
s 2
f 486/1682/1738 487/1683/1739 484/1681/1740 483/1680/1741 
s 1
f 487/1644/1742 488/1645/1743 485/1643/1744 484/1642/1745 
s 2
f 489/1684/1746 490/1732/1747 487/1683/1748 486/1682/1749 
s 1
f 490/1646/1750 491/1647/1751 488/1645/1752 487/1644/1753 
s 4
f 492/1688/1754 493/1730/1755 510/1686/1756 511/1687/1757 
s 1
f 493/1650/1758 494/1651/1759 509/1648/1760 510/1649/1761 
s 2
f 495/1692/1762 496/1722/1763 506/1690/1764 507/1691/1765 
s 1
f 496/1654/1766 497/1655/1767 505/1652/1768 506/1653/1769 
s 2
f 515/1694/1770 516/1695/1771 496/1693/1772 495/1721/1773 
s 1
f 516/1656/1774 517/1657/1775 497/1655/1776 496/1654/1777 
s 4
f 457/1660/1778 460/1663/1779 499/1696/1780 498/1697/1781 
s 1
f 460/1623/1782 468/1626/1783 500/1658/1784 499/1659/1785 
f 477/1574/1786 480/1575/1787 519/1576/1788 
s 2
f 501/1728/1789 1235/1701/1790 488/1698/1791 491/1727/1792 
s 4
f 502/1726/1793 508/1705/1794 509/1702/1795 494/1703/1796 
s 2
f 503/1724/1797 504/1709/1798 505/1706/1799 497/1707/1800 
f 518/1711/1801 503/1708/1802 497/1723/1803 517/1710/1804 
f 504/1709/1805 502/1704/1806 494/1725/1807 505/1706/1808 
s 1
f 506/1653/1809 505/1652/1810 494/1651/1811 493/1650/1812 
s 2
f 507/1691/1813 506/1690/1814 493/1689/1815 492/1729/1816 
s 4
f 508/1705/1817 501/1700/1818 491/1699/1819 509/1702/1820 
s 1
f 510/1649/1821 509/1648/1822 491/1647/1823 490/1646/1824 
s 4
f 511/1687/1825 510/1686/1826 490/1685/1827 489/1731/1828 
s 1
f 513/1579/1829 512/1580/1830 502/1577/1831 504/1578/1832 
f 504/1578/1833 503/1582/1834 514/1581/1835 513/1579/1836 
s 2
f 498/1697/1837 499/1696/1838 516/1695/1839 515/1694/1840 
s 1
f 499/1659/1841 500/1658/1842 517/1657/1843 516/1656/1844 
s 2
f 500/1712/1845 1236/1713/1846 517/1710/1847 
f 1236/1713/1848 1246/1714/1849 517/1710/1850 
f 1246/1714/1851 1219/1715/1852 517/1710/1853 
f 518/1711/1854 517/1710/1855 1219/1715/1856 
s 1
f 503/1582/1857 518/1583/1858 514/1581/1859 
s 2
f 1234/1717/1860 519/1718/1861 485/1716/1862 488/1698/1863 
f 480/1719/1864 485/1716/1865 519/1718/1866 
s 16
f 459/348/1867 442/359/1868 444/350/1869 
f 1209/1102/1870 434/1103/1871 436/342/1872 457/340/1873 
s 1
f 429/1021/1874 520/1022/1875 428/357/1876 427/1095/1877 
f 453/1017/1878 428/357/1879 520/1022/1880 521/1019/1881 
f 439/362/1882 437/361/1883 776/1023/1884 793/482/1885 
f 777/1025/1886 780/1026/1887 523/1024/1888 522/351/1889 
f 773/1027/1890 523/1024/1891 780/1026/1892 
f 522/1082/1893 523/1081/1894 414/1028/1895 526/353/1896 
f 452/1080/1897 436/641/1898 434/1029/1899 527/1030/1900 
f 451/638/1901 437/1094/1902 435/358/1903 529/640/1904 
f 535/367/1905 534/987/1906 532/365/1907 533/366/1908 
f 544/371/1909 545/372/1910 542/369/1911 543/370/1912 
f 531/375/1913 530/376/1914 536/373/1915 537/986/1916 
s 2
f 535/971/1917 533/972/1918 531/969/1919 537/970/1920 
f 532/975/1921 534/976/1922 536/973/1923 530/974/1924 
s 4
f 539/377/1925 538/378/1926 534/368/1927 535/988/1928 
s 2
f 540/977/1929 539/978/1930 535/971/1931 537/970/1932 
s 4
f 541/380/1933 540/379/1934 537/374/1935 536/985/1936 
s 2
f 538/979/1937 541/980/1938 536/973/1939 534/976/1940 
s 8
f 543/370/1941 542/369/1942 538/378/1943 539/377/1944 
s 2
f 544/981/1945 543/982/1946 539/978/1947 540/977/1948 
s 8
f 545/372/1949 544/371/1950 540/379/1951 541/380/1952 
s 2
f 542/983/1953 545/984/1954 541/980/1955 538/979/1956 
f 630/383/1957 631/384/1958 546/381/1959 547/382/1960 
f 629/386/1961 630/383/1962 547/382/1963 548/385/1964 
f 628/388/1965 629/386/1966 548/385/1967 549/387/1968 
f 627/390/1969 628/388/1970 549/387/1971 550/389/1972 
f 626/392/1973 627/390/1974 550/389/1975 551/391/1976 
f 633/394/1977 626/392/1978 551/391/1979 552/393/1980 
f 632/396/1981 633/394/1982 552/393/1983 553/395/1984 
f 631/384/1985 632/698/1986 553/706/1987 546/381/1988 
f 600/397/1989 601/398/1990 547/382/1991 546/381/1992 
f 601/398/1993 594/399/1994 548/385/1995 547/382/1996 
f 594/399/1997 595/400/1998 549/387/1999 548/385/2000 
f 595/400/2001 596/401/2002 550/389/2003 549/387/2004 
f 596/401/2005 597/402/2006 551/391/2007 550/389/2008 
f 597/402/2009 598/403/2010 552/393/2011 551/391/2012 
f 598/403/2013 599/702/2014 553/395/2015 552/393/2016 
f 599/404/2017 600/397/2018 546/381/2019 553/706/2020 
f 592/407/2021 593/408/2022 563/405/2023 562/406/2024 
f 593/408/2025 586/410/2026 564/409/2027 563/405/2028 
f 586/410/2029 587/412/2030 565/411/2031 564/409/2032 
f 587/412/2033 588/414/2034 566/413/2035 565/411/2036 
f 588/414/2037 589/416/2038 567/415/2039 566/413/2040 
f 589/416/2041 590/418/2042 568/417/2043 567/415/2044 
f 590/418/2045 591/703/2046 569/695/2047 568/417/2048 
f 591/420/2049 592/407/2050 562/406/2051 569/419/2052 
f 578/423/2053 579/424/2054 571/421/2055 570/422/2056 
f 579/424/2057 580/426/2058 572/425/2059 571/421/2060 
f 580/426/2061 581/428/2062 573/427/2063 572/425/2064 
f 581/428/2065 582/430/2066 574/429/2067 573/427/2068 
f 582/430/2069 583/432/2070 575/431/2071 574/429/2072 
f 583/432/2073 584/434/2074 576/433/2075 575/431/2076 
f 584/434/2077 585/436/2078 577/704/2079 576/433/2080 
f 585/705/2081 578/423/2082 570/422/2083 577/435/2084 
f 572/425/2085 573/427/2086 587/412/2087 586/410/2088 
f 573/427/2089 574/429/2090 588/414/2091 587/412/2092 
f 574/429/2093 575/431/2094 589/416/2095 588/414/2096 
f 575/431/2097 576/433/2098 590/418/2099 589/416/2100 
f 576/433/2101 577/704/2102 591/703/2103 590/418/2104 
f 577/435/2105 570/422/2106 592/407/2107 591/420/2108 
f 570/422/2109 571/421/2110 593/408/2111 592/407/2112 
f 571/421/2113 572/425/2114 586/410/2115 593/408/2116 
f 1254/437/2117 1255/438/2118 595/400/2119 594/399/2120 
f 1255/438/2121 1256/439/2122 596/401/2123 595/400/2124 
f 1256/439/2125 1249/440/2126 597/402/2127 596/401/2128 
f 1249/440/2129 1250/441/2130 598/403/2131 597/402/2132 
f 1250/441/2133 1251/694/2134 599/702/2135 598/403/2136 
f 1251/442/2137 1252/443/2138 600/397/2139 599/404/2140 
f 1252/443/2141 1253/444/2142 601/398/2143 600/397/2144 
f 1253/444/2145 1254/437/2146 594/399/2147 601/398/2148 
f 603/447/2149 602/448/2150 554/445/2151 555/446/2152 
f 604/450/2153 603/447/2154 555/446/2155 556/449/2156 
f 605/452/2157 604/450/2158 556/449/2159 557/451/2160 
f 606/454/2161 605/452/2162 557/451/2163 558/453/2164 
f 607/456/2165 606/454/2166 558/453/2167 559/455/2168 
f 608/458/2169 607/456/2170 559/455/2171 560/457/2172 
f 609/701/2173 608/458/2174 560/457/2175 561/459/2176 
f 602/448/2177 609/460/2178 561/699/2179 554/445/2180 
f 611/461/2181 610/462/2182 602/448/2183 603/447/2184 
f 612/463/2185 611/461/2186 603/447/2187 604/450/2188 
f 613/464/2189 612/463/2190 604/450/2191 605/452/2192 
f 614/465/2193 613/464/2194 605/452/2195 606/454/2196 
f 615/466/2197 614/465/2198 606/454/2199 607/456/2200 
f 616/467/2201 615/466/2202 607/456/2203 608/458/2204 
f 617/700/2205 616/467/2206 608/458/2207 609/701/2208 
f 610/462/2209 617/468/2210 609/460/2211 602/448/2212 
f 919/678/2213 920/679/2214 610/462/2215 611/461/2216 
f 918/680/2217 919/678/2218 611/461/2219 612/463/2220 
f 917/681/2221 918/680/2222 612/463/2223 613/464/2224 
f 916/682/2225 917/681/2226 613/464/2227 614/465/2228 
f 915/683/2229 916/682/2230 614/465/2231 615/466/2232 
f 914/684/2233 915/683/2234 615/466/2235 616/467/2236 
f 921/685/2237 914/684/2238 616/467/2239 617/700/2240 
f 920/679/2241 921/696/2242 617/468/2243 610/462/2244 
f 559/455/2245 558/453/2246 627/390/2247 626/392/2248 
f 558/453/2249 557/451/2250 628/388/2251 627/390/2252 
f 557/451/2253 556/449/2254 629/386/2255 628/388/2256 
f 556/449/2257 555/446/2258 630/383/2259 629/386/2260 
f 555/446/2261 554/445/2262 631/384/2263 630/383/2264 
f 554/445/2265 561/699/2266 632/698/2267 631/384/2268 
f 561/459/2269 560/457/2270 633/394/2271 632/396/2272 
f 560/457/2273 559/455/2274 626/392/2275 633/394/2276 
f 579/2215/2277 729/2216/2278 635/2386/2279 580/2214/2280 
f 636/2218/2281 637/2219/2282 581/2217/2283 580/2387/2284 
f 637/2219/2285 638/2423/2286 582/2220/2287 581/2217/2288 
f 638/2221/2289 690/2223/2290 583/2222/2291 582/2424/2292 
f 639/2225/2293 640/2226/2294 584/2224/2295 583/2222/2296 
f 640/2226/2297 641/2228/2298 585/2227/2299 584/2224/2300 
f 691/2229/2301 585/2227/2302 641/2228/2303 
s 1
f 643/2172/2304 642/2173/2305 644/2174/2306 
s 4
f 655/2179/2307 649/2180/2308 726/2181/2309 645/2182/2310 
f 643/2185/2311 657/2186/2312 654/2183/2313 652/2184/2314 
f 651/2189/2315 653/2190/2316 725/2187/2317 648/2188/2318 
s 8
f 655/2200/2319 714/2201/2320 642/2199/2321 
f 642/2199/2322 714/2201/2323 644/2198/2324 
f 644/2198/2325 714/2201/2326 656/2202/2327 
s 16
f 656/2206/2328 657/2204/2329 643/2203/2330 644/2205/2331 
s 1
f 652/2177/2332 651/2178/2333 648/2175/2334 647/2176/2335 
s 4
f 650/2192/2336 649/2180/2337 647/2191/2338 648/2188/2339 
f 654/2183/2340 653/2190/2341 651/2189/2342 652/2184/2343 
s 2
f 655/2232/2344 645/2233/2345 701/2230/2346 702/2231/2347 
f 687/2236/2348 662/2237/2349 659/2234/2350 686/2235/2351 
f 681/2239/2352 641/2228/2353 640/2226/2354 703/2238/2355 
f 683/2242/2356 668/2417/2357 665/2240/2358 682/2241/2359 
f 723/2246/2360 727/2247/2361 685/2244/2362 658/2245/2363 
f 685/2244/2364 686/2235/2365 659/2234/2366 658/2245/2367 
f 687/2236/2368 680/2248/2369 639/2225/2370 662/2237/2371 
f 681/2239/2372 682/2419/2373 665/2418/2374 641/2228/2375 
f 683/2402/2376 684/2250/2377 669/2249/2378 668/2243/2379 
f 667/2253/2380 673/2254/2381 704/2251/2382 1183/2252/2383 
f 667/2253/2384 666/2256/2385 674/2404/2386 673/2254/2387 
f 666/2412/2388 671/2258/2389 675/2420/2390 674/2255/2391 
f 671/2411/2392 670/2260/2393 676/2259/2394 675/2257/2395 
f 1185/2263/2396 661/2264/2397 677/2261/2398 1184/2262/2399 
f 661/2264/2400 660/2266/2401 678/2265/2402 677/2261/2403 
f 660/2266/2404 664/2268/2405 679/2267/2406 678/2265/2407 
f 664/2268/2408 663/2270/2409 672/2269/2410 679/2267/2411 
f 1259/2272/2412 681/2239/2413 703/2238/2414 1258/2271/2415 
f 1259/2272/2416 1260/2403/2417 682/2419/2418 681/2239/2419 
f 1260/2273/2420 1261/2401/2421 683/2242/2422 682/2241/2423 
f 1261/2274/2424 1262/2275/2425 684/2250/2426 683/2402/2427 
f 727/2247/2428 1263/2277/2429 1264/2276/2430 685/2244/2431 
f 1264/2276/2432 1265/2278/2433 686/2235/2434 685/2244/2435 
f 1265/2278/2436 1266/2279/2437 687/2236/2438 686/2235/2439 
f 1266/2279/2440 1257/2280/2441 680/2248/2442 687/2236/2443 
f 689/2281/2444 688/2282/2445 659/2234/2446 662/2237/2447 
f 693/2414/2448 692/2284/2449 665/2240/2450 668/2417/2451 
f 688/2282/2452 722/2285/2453 658/2245/2454 659/2234/2455 
f 690/2223/2456 689/2281/2457 662/2237/2458 639/2225/2459 
f 692/2415/2460 691/2229/2461 641/2228/2462 665/2418/2463 
f 694/2286/2464 693/2283/2465 668/2243/2466 669/2249/2467 
f 697/2287/2468 700/2288/2469 701/2230/2470 645/2233/2471 
f 638/2423/2472 637/2219/2473 699/2289/2474 695/2422/2475 
f 695/2422/2476 699/2289/2477 700/2288/2478 697/2287/2479 
f 689/2281/2480 638/2221/2481 695/2290/2482 
f 688/2282/2483 689/2281/2484 695/2290/2485 697/2421/2486 
f 637/2219/2487 636/2218/2488 715/2291/2489 699/2289/2490 
f 699/2289/2491 715/2291/2492 716/2292/2493 700/2288/2494 
f 700/2288/2495 716/2292/2496 717/2293/2497 701/2230/2498 
f 702/2231/2499 701/2230/2500 717/2293/2501 718/2294/2502 
f 583/2222/2503 690/2223/2504 639/2225/2505 
f 703/2238/2506 640/2226/2507 639/2225/2508 680/2248/2509 
f 1258/2271/2510 703/2238/2511 680/2248/2512 1257/2280/2513 
f 720/2413/2514 721/2390/2515 692/2284/2516 693/2414/2517 
f 721/2416/2518 634/2297/2519 691/2229/2520 692/2415/2521 
f 719/2298/2522 720/2391/2523 693/2283/2524 694/2286/2525 
f 698/2301/2526 696/2393/2527 709/2299/2528 710/2300/2529 
f 696/2393/2530 635/2386/2531 711/2303/2532 709/2299/2533 
f 713/2305/2534 698/2301/2535 710/2300/2536 712/2304/2537 
s 4
f 713/2193/2538 657/2186/2539 646/2194/2540 
f 649/2180/2541 655/2179/2542 642/2195/2543 647/2191/2544 
s 2
f 689/2281/2545 690/2223/2546 638/2221/2547 
f 636/2218/2548 635/2213/2549 696/2302/2550 715/2291/2551 
f 715/2291/2552 696/2302/2553 698/2392/2554 716/2292/2555 
f 716/2292/2556 698/2392/2557 646/2306/2558 717/2293/2559 
f 718/2294/2560 717/2293/2561 646/2306/2562 657/2307/2563 
s 4
f 698/2196/2564 713/2193/2565 646/2194/2566 
s 2
f 694/2286/2567 725/2308/2568 653/2309/2569 
f 713/2305/2570 724/2310/2571 654/2311/2572 
f 708/2312/2573 706/2313/2574 720/2400/2575 719/2389/2576 
f 706/2399/2577 705/2314/2578 721/2296/2579 720/2295/2580 
f 705/2314/2581 707/2315/2582 634/2384/2583 721/2296/2584 
f 722/2285/2585 723/2246/2586 658/2245/2587 
f 649/2317/2588 723/2246/2589 722/2285/2590 726/2316/2591 
f 708/2312/2592 719/2389/2593 654/2311/2594 724/2310/2595 
f 653/2309/2596 654/2388/2597 719/2298/2598 
f 694/2286/2599 653/2309/2600 719/2298/2601 
f 650/2318/2602 725/2308/2603 694/2286/2604 669/2249/2605 
s 4
f 650/2192/2606 648/2188/2607 725/2187/2608 
s 1
f 655/2209/2609 702/2210/2610 656/2207/2611 714/2208/2612 
f 656/2207/2613 718/2211/2614 657/2212/2615 
s 2
f 726/2316/2616 722/2285/2617 688/2282/2618 697/2421/2619 
s 4
f 645/2182/2620 726/2181/2621 697/2197/2622 
s 2
f 723/2246/2623 684/2250/2624 727/2247/2625 
f 650/2318/2626 723/2246/2627 649/2317/2628 
f 669/2249/2629 684/2250/2630 650/2318/2631 
f 650/2318/2632 684/2250/2633 723/2246/2634 
s 4
f 654/2183/2635 657/2186/2636 713/2193/2637 
s 2
f 728/2319/2638 729/2216/2639 730/2320/2640 
f 728/2319/2641 711/2303/2642 635/2386/2643 729/2216/2644 
f 730/2320/2645 729/2216/2646 579/2215/2647 578/2385/2648 
f 634/2384/2649 707/2315/2650 728/2319/2651 730/2320/2652 
f 580/2387/2653 635/2213/2654 636/2218/2655 
f 585/2227/2656 634/2297/2657 578/2321/2658 
f 755/2322/2659 756/2323/2660 705/2314/2661 706/2399/2662 
f 756/2323/2663 757/2324/2664 707/2315/2665 705/2314/2666 
f 754/2325/2667 755/2398/2668 706/2313/2669 708/2312/2670 
f 760/2326/2671 751/2327/2672 710/2300/2673 709/2299/2674 
f 759/2328/2675 760/2326/2676 709/2299/2677 711/2303/2678 
f 751/2327/2679 752/2329/2680 712/2304/2681 710/2300/2682 
f 752/2329/2683 753/2330/2684 724/2310/2685 712/2304/2686 
f 753/2330/2687 754/2325/2688 708/2312/2689 724/2310/2690 
f 757/2324/2691 758/2331/2692 728/2319/2693 707/2315/2694 
f 758/2331/2695 759/2328/2696 711/2303/2697 728/2319/2698 
f 742/2394/2699 741/2335/2700 731/2332/2701 732/2333/2702 
f 741/2335/2703 743/2337/2704 733/2336/2705 731/2332/2706 
f 744/2339/2707 742/2334/2708 732/2397/2709 734/2338/2710 
f 745/2342/2711 746/2343/2712 736/2340/2713 735/2341/2714 
f 747/2345/2715 745/2342/2716 735/2341/2717 737/2344/2718 
f 746/2343/2719 748/2347/2720 738/2346/2721 736/2340/2722 
f 748/2347/2723 749/2349/2724 739/2348/2725 738/2346/2726 
f 749/2349/2727 744/2339/2728 734/2338/2729 739/2348/2730 
f 743/2337/2731 750/2351/2732 740/2350/2733 733/2336/2734 
f 750/2351/2735 747/2345/2736 737/2344/2737 740/2350/2738 
f 761/2352/2739 762/2353/2740 752/2329/2741 751/2327/2742 
f 762/2353/2743 763/2354/2744 753/2330/2745 752/2329/2746 
f 763/2354/2747 764/2355/2748 754/2325/2749 753/2330/2750 
f 764/2355/2751 765/2396/2752 755/2398/2753 754/2325/2754 
f 765/2356/2755 766/2357/2756 756/2323/2757 755/2322/2758 
f 766/2357/2759 767/2358/2760 757/2324/2761 756/2323/2762 
f 767/2358/2763 768/2359/2764 758/2331/2765 757/2324/2766 
f 768/2359/2767 769/2360/2768 759/2328/2769 758/2331/2770 
f 769/2360/2771 770/2361/2772 760/2326/2773 759/2328/2774 
f 770/2361/2775 761/2352/2776 751/2327/2777 760/2326/2778 
f 736/2340/2779 738/2346/2780 762/2353/2781 761/2352/2782 
f 738/2346/2783 739/2348/2784 763/2354/2785 762/2353/2786 
f 739/2348/2787 734/2338/2788 764/2355/2789 763/2354/2790 
f 734/2338/2791 732/2397/2792 765/2396/2793 764/2355/2794 
f 732/2333/2795 731/2332/2796 766/2357/2797 765/2356/2798 
f 731/2332/2799 733/2336/2800 767/2358/2801 766/2357/2802 
f 733/2336/2803 740/2350/2804 768/2359/2805 767/2358/2806 
f 740/2350/2807 737/2344/2808 769/2360/2809 768/2359/2810 
f 737/2344/2811 735/2341/2812 770/2361/2813 769/2360/2814 
f 735/2341/2815 736/2340/2816 761/2352/2817 770/2361/2818 
f 713/2305/2819 712/2304/2820 724/2310/2821 
s 1
f 702/2210/2822 718/2211/2823 656/2207/2824 
f 772/2395/2825 771/2363/2826 741/2335/2827 742/2394/2828 
s 2
f 771/2363/2829 773/2364/2830 743/2337/2831 741/2335/2832 
f 774/2365/2833 772/2362/2834 742/2334/2835 744/2339/2836 
s 1
f 775/1033/2837 776/1023/2838 795/1031/2839 796/1032/2840 
f 796/1032/2841 777/1025/2842 775/1033/2843 
f 778/1034/2844 795/1031/2845 776/1023/2846 
s 2
f 778/2366/2847 779/2367/2848 749/2349/2849 748/2347/2850 
f 779/2367/2851 774/2365/2852 744/2339/2853 749/2349/2854 
f 773/2364/2855 780/2368/2856 750/2351/2857 743/2337/2858 
f 780/2368/2859 777/2369/2860 747/2345/2861 750/2351/2862 
s 1
f 784/959/2863 783/960/2864 781/957/2865 782/958/2866 
s 2
f 783/473/2867 784/472/2868 789/474/2869 
s 1
f 788/963/2870 787/964/2871 785/961/2872 786/962/2873 
s 2
f 781/470/2874 790/479/2875 782/471/2876 
s 4
f 789/966/2877 784/959/2878 782/958/2879 790/965/2880 
s 2
f 791/480/2881 785/475/2882 783/473/2883 789/474/2884 
f 790/479/2885 781/470/2886 787/478/2887 792/481/2888 
s 4
f 792/967/2889 791/968/2890 789/966/2891 790/965/2892 
s 2
f 785/475/2893 791/480/2894 786/476/2895 
f 787/478/2896 788/477/2897 792/481/2898 
s 4
f 788/963/2899 786/962/2900 791/968/2901 792/967/2902 
s 2
f 578/2385/2903 634/2384/2904 730/2320/2905 
f 691/2229/2906 634/2297/2907 585/2227/2908 
s 1
f 775/1033/2909 777/1025/2910 522/351/2911 415/325/2912 
f 437/361/2913 451/1088/2914 778/1034/2915 776/1023/2916 
f 451/1088/2917 452/1016/2918 779/1035/2919 778/1034/2920 
f 775/1033/2921 415/325/2922 417/323/2923 793/482/2924 
f 775/1033/2925 793/482/2926 776/1023/2927 
s 2
f 795/2370/2928 778/2366/2929 748/2347/2930 746/2343/2931 
f 796/2371/2932 795/2370/2933 746/2343/2934 745/2342/2935 
f 777/2369/2936 796/2371/2937 745/2342/2938 747/2345/2939 
s 1
f 774/1037/2940 452/1016/2941 527/1073/2942 772/1036/2943 
f 773/1027/2944 771/1039/2945 524/1038/2946 523/1024/2947 
f 523/1081/2948 524/1076/2949 411/1040/2950 414/1028/2951 
f 452/1016/2952 774/1037/2953 779/1035/2954 
f 797/1041/2955 798/1042/2956 520/1022/2957 429/1021/2958 
f 800/1043/2959 799/1044/2960 455/1020/2961 521/1019/2962 
f 798/1042/2963 800/1043/2964 521/1019/2965 520/1022/2966 
f 801/1045/2967 802/1046/2968 798/1042/2969 797/1041/2970 
f 803/1047/2971 481/1048/2972 799/1044/2973 800/1043/2974 
f 802/1046/2975 803/1047/2976 800/1043/2977 798/1042/2978 
f 804/1049/2979 805/1050/2980 802/1046/2981 801/1045/2982 
f 807/1051/2983 806/1052/2984 481/1048/2985 803/1047/2986 
f 805/1050/2987 807/1051/2988 803/1047/2989 802/1046/2990 
f 808/1053/2991 809/1238/2992 805/1050/2993 804/1049/2994 
f 811/567/2995 810/1055/2996 806/1052/2997 807/1051/2998 
f 809/1238/2999 811/567/3000 807/1051/3001 805/1050/3002 
s 8
f 475/1794/3003 456/1789/3004 455/1792/3005 799/1793/3006 
f 799/1793/3007 481/1796/3008 478/1795/3009 475/1794/3010 
s 4
f 427/1837/3011 818/1838/3012 812/1835/3013 816/1836/3014 
s 1
f 432/1841/3015 820/1842/3016 819/1839/3017 431/1840/3018 
s 8
f 822/1843/3019 821/1844/3020 820/1842/3021 432/1841/3022 
s 2
f 856/1738/3023 850/1778/3024 864/1737/3025 
f 855/1735/3026 863/1736/3027 852/1734/3028 
f 850/1778/3029 852/1734/3030 864/1737/3031 
f 852/1734/3032 863/1736/3033 864/1737/3034 
f 825/1739/3035 853/1740/3036 876/1741/3037 
f 840/1744/3038 838/1745/3039 836/1742/3040 842/1780/3041 
f 835/1799/3042 836/1800/3043 827/1797/3044 828/1798/3045 
s 4
f 830/1847/3046 829/1848/3047 828/1845/3048 827/1846/3049 
f 834/1851/3050 833/1852/3051 831/1849/3052 832/1850/3053 
s 2
f 838/1803/3054 837/1804/3055 832/1801/3056 831/1802/3057 
f 828/1798/3058 812/1806/3059 823/1805/3060 835/1799/3061 
f 838/1803/3062 831/1802/3063 827/1797/3064 836/1800/3065 
s 4
f 829/1848/3066 816/1836/3067 812/1835/3068 828/1845/3069 
f 817/1854/3070 834/1851/3071 832/1850/3072 815/1853/3073 
f 833/1852/3074 830/1847/3075 827/1846/3076 831/1849/3077 
s 2
f 826/1807/3078 815/1808/3079 832/1801/3080 837/1804/3081 
f 842/1743/3082 851/1746/3083 843/1747/3084 
f 838/1745/3085 840/1744/3086 837/1748/3087 
f 839/1783/3088 826/1751/3089 837/1748/3090 841/1749/3091 
f 836/1742/3092 835/1753/3093 824/1784/3094 842/1780/3095 
f 842/1743/3096 843/1747/3097 840/1781/3098 
f 840/1781/3099 843/1747/3100 841/1782/3101 
f 843/1747/3102 839/1750/3103 841/1782/3104 
f 844/1810/3105 823/1805/3106 812/1806/3107 818/1809/3108 
f 845/1811/3109 820/1812/3110 846/1813/3111 
f 847/1815/3112 846/1813/3113 820/1812/3114 821/1814/3115 
s 1
f 845/1756/3116 893/1774/3117 848/1754/3118 894/1755/3119 
s 2
f 813/1786/3120 852/1734/3121 850/1778/3122 
f 842/1743/3123 824/1752/3124 814/1759/3125 851/1746/3126 
f 854/1785/3127 862/1761/3128 824/1752/3129 
f 825/1777/3130 823/1763/3131 844/1762/3132 848/1754/3133 
f 825/1739/3134 857/1764/3135 853/1740/3136 
f 856/1738/3137 849/1765/3138 850/1778/3139 
s 1
f 867/1917/3140 862/1918/3141 854/1914/3142 866/1916/3143 
f 868/1919/3144 855/1920/3145 862/1918/3146 867/1917/3147 
f 869/1921/3148 863/1922/3149 855/1920/3150 868/1919/3151 
f 870/1923/3152 864/1924/3153 863/1922/3154 869/1921/3155 
f 871/1925/3156 856/1926/3157 864/1924/3158 870/1923/3159 
f 865/1927/3160 857/1936/3161 856/1926/3162 871/1925/3163 
s 2
f 873/1930/3164 872/1931/3165 861/1928/3166 860/1929/3167 
f 874/1933/3168 873/1930/3169 860/1929/3170 859/1932/3171 
f 875/1935/3172 874/1933/3173 859/1932/3174 858/1934/3175 
s 4
f 872/1940/3176 873/1941/3177 874/1942/3178 
f 867/1943/3179 866/1944/3180 874/1942/3181 
f 868/1945/3182 867/1943/3183 874/1942/3184 
f 869/1946/3185 868/1945/3186 874/1942/3187 
f 870/1947/3188 869/1946/3189 874/1942/3190 
f 871/1948/3191 870/1947/3192 874/1942/3193 
f 865/1949/3194 871/1948/3195 874/1942/3196 
f 874/1942/3197 875/1950/3198 876/1951/3199 
s 1
f 853/1938/3200 857/1936/3201 865/1927/3202 
s 2
f 858/1766/3203 823/1763/3204 825/1777/3205 876/1776/3206 
s 4
f 874/1942/3207 876/1951/3208 865/1949/3209 
s 2
f 876/1937/3210 875/1935/3211 858/1934/3212 
s 1
f 876/1939/3213 853/1938/3214 865/1927/3215 
s 2
f 824/1784/3216 866/1767/3217 854/1760/3218 
f 861/1928/3219 872/1931/3220 866/1915/3221 
s 4
f 872/1940/3222 874/1942/3223 866/1944/3224 
f 847/1768/3225 821/1769/3226 813/1758/3227 850/1787/3228 
s 1
f 846/1770/3229 847/1788/3230 850/1733/3231 849/1775/3232 
s 2
f 825/1739/3233 848/1779/3234 893/1757/3235 857/1764/3236 
f 857/1764/3237 893/1757/3238 849/1765/3239 856/1738/3240 
f 824/1752/3241 862/1761/3242 814/1759/3243 
f 862/1761/3244 855/1735/3245 814/1759/3246 
f 855/1735/3247 852/1734/3248 814/1759/3249 
f 866/1767/3250 824/1784/3251 835/1753/3252 861/1771/3253 
f 858/1766/3254 859/1772/3255 823/1763/3256 
f 823/1763/3257 859/1772/3258 835/1753/3259 
f 859/1772/3260 860/1773/3261 835/1753/3262 
f 860/1773/3263 861/1771/3264 835/1753/3265 
s 16
f 797/2438/3266 429/2439/3267 829/2436/3268 830/2437/3269 
f 801/2441/3270 797/2438/3271 830/2437/3272 833/2440/3273 
s 2
f 837/1748/3274 840/1744/3275 841/1749/3276 
s 16
f 833/2440/3277 834/2443/3278 804/2442/3279 801/2441/3280 
f 834/2443/3281 817/2445/3282 808/2444/3283 804/2442/3284 
f 427/2446/3285 816/2447/3286 429/2439/3287 
f 816/2447/3288 829/2436/3289 429/2439/3290 
s 2
f 878/1133/3291 877/1134/3292 422/1135/3293 
f 878/1133/3294 422/1135/3295 420/1136/3296 
s 1
f 885/1857/3297 886/1858/3298 879/1855/3299 424/1856/3300 
f 887/1860/3301 885/1857/3302 424/1856/3303 877/1859/3304 
f 888/1862/3305 887/1860/3306 877/1859/3307 878/1861/3308 
f 880/1863/3309 886/1858/3310 889/1864/3311 
f 890/1893/3312 888/1862/3313 878/1861/3314 884/1865/3315 
f 882/1867/3316 880/1863/3317 889/1864/3318 
f 889/1864/3319 892/1869/3320 881/1868/3321 882/1867/3322 
s 2
f 878/1133/3323 420/1136/3324 418/328/3325 884/1137/3326 
f 884/1137/3327 418/328/3328 431/326/3329 883/1138/3330 
f 903/1139/3331 902/1140/3332 904/1141/3333 
f 902/1140/3334 905/1142/3335 904/1141/3336 
f 905/1142/3337 906/1143/3338 904/1141/3339 
f 907/1144/3340 903/1139/3341 904/1141/3342 
f 906/1143/3343 908/1145/3344 904/1141/3345 
f 908/1145/3346 883/1138/3347 904/1141/3348 
f 909/1146/3349 907/1144/3350 904/1141/3351 
f 427/1147/3352 425/333/3353 882/331/3354 
f 427/1147/3355 882/331/3356 881/1148/3357 
s 1
f 880/1863/3358 879/1855/3359 886/1858/3360 
f 431/1840/3361 819/1839/3362 891/1870/3363 883/1871/3364 
s 8
f 881/1868/3365 892/1869/3366 818/1838/3367 427/1837/3368 
s 1
f 893/1774/3369 845/1756/3370 846/1770/3371 849/1775/3372 
s 2
f 891/1816/3373 819/1817/3374 845/1811/3375 
s 1
f 844/1762/3376 894/1755/3377 848/1754/3378 
s 2
f 894/1819/3379 844/1810/3380 818/1809/3381 892/1818/3382 
f 913/1820/3383 894/1819/3384 892/1818/3385 
f 819/1817/3386 820/1812/3387 845/1811/3388 
f 883/1138/3389 910/1149/3390 904/1141/3391 
f 910/1149/3392 912/1150/3393 904/1141/3394 
f 904/1141/3395 912/1150/3396 909/1146/3397 
f 895/1823/3398 896/1824/3399 886/1821/3400 885/1822/3401 
f 897/1826/3402 895/1823/3403 885/1822/3404 887/1825/3405 
f 898/1828/3406 897/1826/3407 887/1825/3408 888/1827/3409 
f 896/1824/3410 899/1830/3411 889/1829/3412 886/1821/3413 
f 900/1832/3414 898/1828/3415 888/1827/3416 890/1831/3417 
f 899/1830/3418 901/1833/3419 892/1818/3420 889/1829/3421 
s 1
f 902/1874/3422 903/1875/3423 896/1872/3424 895/1873/3425 
f 905/1877/3426 902/1874/3427 895/1873/3428 897/1876/3429 
f 906/1879/3430 905/1877/3431 897/1876/3432 898/1878/3433 
f 903/1875/3434 907/1881/3435 899/1880/3436 896/1872/3437 
f 908/1891/3438 906/1879/3439 898/1878/3440 900/1890/3441 
f 907/1881/3442 909/1885/3443 901/1884/3444 899/1880/3445 
s 2
f 891/1816/3446 845/1811/3447 911/1834/3448 
f 894/1819/3449 913/1820/3450 911/1834/3451 845/1811/3452 
s 4
f 890/1866/3453 884/1892/3454 908/1883/3455 900/1882/3456 
s 1
f 910/1887/3457 883/1871/3458 891/1870/3459 911/1886/3460 
f 912/1889/3461 910/1887/3462 911/1886/3463 913/1888/3464 
s 2
f 913/1820/3465 892/1818/3466 901/1833/3467 
s 1
f 901/1884/3468 909/1885/3469 912/1889/3470 913/1888/3471 
s 2
f 883/1138/3472 908/1145/3473 884/1137/3474 
f 922/686/3475 923/687/3476 915/683/3477 914/684/3478 
f 923/687/3479 924/688/3480 916/682/3481 915/683/3482 
f 924/688/3483 925/689/3484 917/681/3485 916/682/3486 
f 925/689/3487 926/690/3488 918/680/3489 917/681/3490 
f 926/690/3491 927/691/3492 919/678/3493 918/680/3494 
f 927/691/3495 928/692/3496 920/679/3497 919/678/3498 
f 928/692/3499 929/693/3500 921/696/3501 920/679/3502 
f 929/697/3503 922/686/3504 914/684/3505 921/685/3506 
s 1
f 624/495/3507 623/496/3508 923/493/3509 922/494/3510 
f 623/496/3511 622/498/3512 924/497/3513 923/493/3514 
s 2
f 622/498/3515 621/500/3516 925/499/3517 924/497/3518 
f 621/500/3519 620/502/3520 926/501/3521 925/499/3522 
f 620/502/3523 619/504/3524 927/503/3525 926/501/3526 
f 619/504/3527 618/506/3528 928/707/3529 927/503/3530 
f 618/708/3531 625/508/3532 929/507/3533 928/505/3534 
f 625/508/3535 624/495/3536 922/494/3537 929/507/3538 
s 8
f 808/1896/3539 817/1897/3540 815/1894/3541 826/1895/3542 
s 1
f 941/829/3543 940/830/3544 930/827/3545 931/828/3546 
f 942/832/3547 941/829/3548 931/828/3549 932/831/3550 
f 943/834/3551 942/832/3552 932/831/3553 933/833/3554 
f 944/836/3555 943/834/3556 933/833/3557 934/835/3558 
f 945/838/3559 944/836/3560 934/835/3561 935/837/3562 
f 946/840/3563 945/838/3564 935/837/3565 936/839/3566 
f 947/842/3567 946/840/3568 936/839/3569 937/841/3570 
f 948/844/3571 947/842/3572 937/841/3573 938/843/3574 
f 949/848/3575 948/844/3576 938/843/3577 939/845/3578 
f 940/830/3579 949/846/3580 939/847/3581 930/827/3582 
s 2
f 940/512/3583 941/511/3584 950/529/3585 
f 941/511/3586 942/514/3587 950/529/3588 
f 942/514/3589 943/516/3590 950/529/3591 
f 943/516/3592 944/518/3593 950/529/3594 
f 944/518/3595 945/520/3596 950/529/3597 
f 945/520/3598 946/522/3599 950/529/3600 
f 946/522/3601 947/524/3602 950/529/3603 
f 947/524/3604 948/526/3605 950/529/3606 
f 948/526/3607 949/528/3608 950/529/3609 
f 949/528/3610 940/512/3611 950/529/3612 
s 1
f 969/534/3613 955/536/3614 953/531/3615 968/532/3616 
f 970/538/3617 957/540/3618 955/536/3619 969/534/3620 
f 1044/541/3621 1045/542/3622 957/540/3623 970/538/3624 
f 965/543/3625 963/544/3626 1200/545/3627 
f 975/548/3628 976/549/3629 1180/546/3630 1181/547/3631 
f 976/549/3632 977/559/3633 1179/550/3634 1180/546/3635 
f 977/559/3636 1043/563/3637 1178/562/3638 1179/550/3639 
f 978/569/3640 979/570/3641 1170/564/3642 1171/565/3643 
f 979/570/3644 980/1235/3645 1169/572/3646 1170/564/3647 
f 981/576/3648 982/577/3649 965/543/3650 1168/575/3651 
f 980/1235/3652 991/578/3653 1168/575/3654 1169/572/3655 
f 974/1225/3656 952/645/3657 1071/646/3658 
f 954/656/3659 956/1166/3660 976/1237/3661 975/1226/3662 
f 956/1166/3663 958/1167/3664 977/1236/3665 976/1237/3666 
f 958/1167/3667 1038/1168/3668 1043/1227/3669 977/1236/3670 
f 960/1169/3671 962/1170/3672 979/1234/3673 978/1224/3674 
f 962/1170/3675 972/1171/3676 980/573/3677 979/1234/3678 
f 985/556/3679 989/557/3680 990/539/3681 983/555/3682 
f 986/647/3683 988/648/3684 987/558/3685 984/634/3686 
s 2
f 983/1323/3687 990/1324/3688 991/1321/3689 980/1322/3690 
s 1
f 985/556/3691 983/555/3692 980/649/3693 972/651/3694 
s 2
f 984/1327/3695 987/1328/3696 982/1325/3697 981/1326/3698 
s 1
f 987/558/3699 988/648/3700 973/1274/3701 982/1275/3702 
f 989/557/3703 986/647/3704 984/634/3705 990/539/3706 
s 2
f 990/1324/3707 984/1327/3708 981/1326/3709 991/1321/3710 
s 1
f 1168/575/3711 991/578/3712 981/576/3713 
f 999/1174/3714 1000/1175/3715 967/1172/3716 951/1173/3717 
f 1197/1177/3718 1001/1178/3719 974/644/3720 1182/1176/3721 
f 1001/1233/3722 1002/1179/3723 952/645/3724 974/1225/3725 
f 1025/490/3726 1003/491/3727 811/567/3728 
f 811/567/3729 809/1238/3730 1024/1232/3731 1025/490/3732 
f 809/1054/3733 1004/1159/3734 1023/1158/3735 1024/568/3736 
f 1005/2056/3737 1006/1998/3738 1085/1995/3739 962/1996/3740 
f 1008/2001/3741 1009/2002/3742 1079/1999/3743 1080/2000/3744 
f 1091/2004/3745 1008/2001/3746 1080/2000/3747 1081/2003/3748 
f 1090/2007/3749 1007/2008/3750 1082/2005/3751 1084/2006/3752 
f 1075/2009/3753 1079/1999/3754 1009/2002/3755 
f 1039/1976/3756 1020/1977/3757 1006/1974/3758 1005/1975/3759 
f 1009/1978/3760 1008/1979/3761 1021/1980/3762 
f 1008/1979/3763 1091/1981/3764 1021/1980/3765 
f 1007/1982/3766 1090/1983/3767 1020/1977/3768 
f 1015/1984/3769 1014/1985/3770 1016/1986/3771 
f 1017/1987/3772 1018/1988/3773 1015/1984/3774 1016/1986/3775 
f 1020/1977/3776 1019/1989/3777 1022/1990/3778 
f 1011/1991/3779 1012/1992/3780 1020/1977/3781 1022/1990/3782 
f 1020/1977/3783 1012/1992/3784 1056/1993/3785 
f 1013/1994/3786 1014/1985/3787 1021/1980/3788 1020/1977/3789 
f 1014/1985/3790 1015/1984/3791 1009/1978/3792 1021/1980/3793 
f 1024/568/3794 1023/1158/3795 1026/1160/3796 1027/1161/3797 
f 1025/490/3798 1024/1232/3799 1027/1230/3800 1028/1162/3801 
f 1003/491/3802 1025/490/3803 1028/1162/3804 1029/1163/3805 
f 1027/1182/3806 1026/1183/3807 1030/1180/3808 1031/1229/3809 
f 1028/1185/3810 1027/1231/3811 1031/1181/3812 1032/1184/3813 
f 1029/1187/3814 1028/1185/3815 1032/1184/3816 1033/1186/3817 
f 1031/1229/3818 1030/1180/3819 1002/1179/3820 1001/1233/3821 
f 1001/1178/3822 1197/1177/3823 1031/1181/3824 
f 1033/1186/3825 1032/1184/3826 1000/1175/3827 999/1174/3828 
f 1023/2059/3829 1004/2060/3830 1034/2057/3831 1035/2058/3832 
f 1035/2058/3833 1036/2062/3834 1026/2061/3835 1023/2059/3836 
f 1146/2012/3837 1147/2013/3838 1017/2010/3839 1016/2011/3840 
f 1016/2011/3841 1014/2015/3842 1145/2014/3843 1146/2012/3844 
f 1005/1997/3845 962/2055/3846 960/2016/3847 1039/2017/3848 
f 1061/2018/3849 1037/2019/3850 1038/2020/3851 
s 2
f 1046/2065/3852 1057/2066/3853 997/2063/3854 992/2064/3855 
f 958/2067/3856 998/2068/3857 1062/2069/3858 
f 1060/2072/3859 1061/2073/3860 994/2070/3861 993/2071/3862 
f 1059/2075/3863 1060/2072/3864 993/2071/3865 995/2074/3866 
f 1058/2077/3867 1059/2075/3868 995/2074/3869 996/2076/3870 
f 1057/2066/3871 1058/2077/3872 996/2076/3873 997/2063/3874 
f 1061/2073/3875 1062/2069/3876 998/2068/3877 994/2070/3878 
s 1
f 960/2016/3879 1213/2022/3880 1019/2021/3881 1039/2017/3882 
f 1020/1977/3883 1039/1976/3884 1019/1989/3885 
f 1196/1188/3886 1213/1189/3887 960/1169/3888 978/1224/3889 
s 2
f 1175/1348/3890 1174/1349/3891 1172/1350/3892 
s 1
f 1038/1168/3893 1037/1191/3894 1040/1228/3895 1043/1227/3896 
f 1043/563/3897 1040/1190/3898 1177/1192/3899 1178/562/3900 
f 1041/1193/3901 1042/1194/3902 1045/542/3903 1044/541/3904 
f 1046/2025/3905 1047/2053/3906 1067/2023/3907 1068/2024/3908 
s 2
f 992/2064/3909 1048/2079/3910 1047/2078/3911 1046/2065/3912 
s 4
f 1050/2080/3913 1049/2081/3914 1047/2078/3915 1048/2079/3916 
f 1052/2082/3917 1051/2083/3918 1049/2081/3919 1050/2080/3920 
f 1054/2084/3921 1053/2085/3922 1051/2083/3923 1052/2082/3924 
f 1030/2089/3925 1055/2088/3926 1053/2085/3927 1054/2084/3928 
s 1
f 1026/2061/3929 1036/2062/3930 1055/2087/3931 1030/2086/3932 
f 1070/2029/3933 1058/2030/3934 1057/2027/3935 1069/2028/3936 
f 1063/2031/3937 1014/2015/3938 1013/2032/3939 
f 1064/2034/3940 1053/2035/3941 1055/2033/3942 1063/2031/3943 
f 1065/2036/3944 1051/2037/3945 1053/2035/3946 1064/2034/3947 
f 1020/1977/3948 1056/1993/3949 1013/1994/3950 
f 1067/2052/3951 1047/2026/3952 1049/2038/3953 1066/2039/3954 
f 1066/2039/3955 1049/2038/3956 1051/2037/3957 1065/2036/3958 
f 1069/2028/3959 1057/2027/3960 1046/2025/3961 1068/2024/3962 
f 1058/2030/3963 1070/2029/3964 1022/2040/3965 1059/2041/3966 
f 1060/2042/3967 1059/2041/3968 1022/2040/3969 1019/2021/3970 
f 1037/2019/3971 1061/2018/3972 1060/2042/3973 1019/2021/3974 
f 1062/2043/3975 1061/2018/3976 1038/2020/3977 
f 958/2044/3978 1062/2043/3979 1038/2020/3980 
f 1064/2034/3981 1063/2031/3982 1013/2032/3983 
f 1013/2032/3984 1056/2045/3985 1065/2036/3986 1064/2034/3987 
f 1066/2039/3988 1065/2036/3989 1056/2045/3990 
f 1056/2045/3991 1012/2054/3992 1067/2052/3993 1066/2039/3994 
f 1068/2024/3995 1067/2023/3996 1012/2046/3997 1011/2047/3998 
f 1069/2028/3999 1068/2024/4000 1011/2047/4001 
f 1070/2029/4002 1069/2028/4003 1011/2047/4004 
f 1063/2031/4005 1145/2014/4006 1014/2015/4007 
f 1022/2040/4008 1070/2029/4009 1011/2047/4010 
f 993/553/4011 994/554/4012 992/551/4013 997/552/4014 
f 995/580/4015 993/553/4016 997/552/4017 996/566/4018 
f 992/551/4019 994/554/4020 956/1240/4021 954/1241/4022 
f 958/1243/4023 956/1240/4024 994/554/4025 998/1242/4026 
f 1072/1195/4027 975/1226/4028 974/1225/4029 1071/646/4030 
f 1071/1246/4031 1050/1247/4032 1048/1244/4033 1072/1245/4034 
f 952/1250/4035 1002/1251/4036 1054/1248/4037 1052/1249/4038 
f 1052/1249/4039 1050/1247/4040 1071/1246/4041 952/1250/4042 
f 1030/1252/4043 1054/1248/4044 1002/1251/4045 
f 974/644/4046 975/548/4047 1181/547/4048 1182/1176/4049 
f 968/532/4050 953/531/4051 951/1173/4052 967/1172/4053 
f 954/1241/4054 1072/1245/4055 1048/1244/4056 992/551/4057 
f 975/1226/4058 1072/1195/4059 954/656/4060 
s 2
f 1074/2161/4061 1073/2156/4062 1009/2162/4063 1015/2160/4064 
s 4
f 1073/2164/4065 1076/2165/4066 1075/2166/4067 
f 1073/2164/4068 1077/2167/4069 1163/2168/4070 
f 1078/2170/4071 1077/2167/4072 1073/2164/4073 1074/2169/4074 
s 1
f 1079/2092/4075 1075/2093/4076 1010/2090/4077 964/2091/4078 
f 1080/2095/4079 1079/2092/4080 964/2091/4081 966/2094/4082 
f 1081/2117/4083 1080/2095/4084 966/2094/4085 973/2096/4086 
f 1086/2100/4087 1087/2101/4088 988/2098/4089 986/2099/4090 
s 2
f 1083/2158/4091 1074/2155/4092 1015/2154/4093 1018/2157/4094 
s 1
f 1088/2103/4095 1086/2100/4096 986/2099/4097 989/2102/4098 
f 1089/2105/4099 1088/2103/4100 989/2102/4101 985/2104/4102 
s 2
f 1087/2120/4103 1086/2121/4104 1082/2118/4105 1081/2119/4106 
s 1
f 988/2098/4107 1087/2101/4108 1081/2097/4109 973/2116/4110 
s 2
f 1086/2121/4111 1088/2123/4112 1084/2122/4113 1082/2118/4114 
s 1
f 1089/2105/4115 985/2104/4116 972/2106/4117 1085/2107/4118 
s 2
f 1088/2123/4119 1089/2125/4120 1085/2124/4121 1084/2122/4122 
s 1
f 972/2048/4123 962/1996/4124 1085/1995/4125 
f 1084/2006/4126 1085/1995/4127 1006/1998/4128 1090/2007/4129 
f 1020/1977/4130 1090/1983/4131 1006/1974/4132 
f 1081/2003/4133 1082/2005/4134 1007/2008/4135 1091/2004/4136 
f 1007/1982/4137 1020/1977/4138 1021/1980/4139 1091/1981/4140 
f 1077/2110/4141 430/2111/4142 433/2108/4143 1163/2109/4144 
f 1092/2113/4145 430/2111/4146 1077/2110/4147 1078/2112/4148 
s 8
f 1075/2159/4149 1009/2153/4150 1073/2163/4151 
s 1
f 1130/601/4152 1129/602/4153 1101/583/4154 1103/584/4155 
s 2
f 1102/899/4156 1104/900/4157 1100/897/4158 1098/898/4159 
s 1
f 1093/903/4160 1095/904/4161 1107/901/4162 1108/902/4163 
s 4
f 1101/585/4164 1105/586/4165 1106/581/4166 1096/582/4167 
f 1110/589/4168 1103/590/4169 1094/587/4170 1109/588/4171 
s 1
f 1096/906/4172 1095/904/4173 1093/903/4174 1094/905/4175 
s 2
f 1100/897/4176 1099/908/4177 1097/907/4178 1098/898/4179 
s 1
f 1103/584/4180 1101/583/4181 1096/906/4182 1094/905/4183 
s 2
f 1126/909/4184 1125/910/4185 1104/900/4186 1102/899/4187 
s 4
f 1109/588/4188 1094/587/4189 1093/591/4190 1108/592/4191 
f 1106/581/4192 1107/594/4193 1095/593/4194 1096/582/4195 
f 1106/581/4196 1105/586/4197 1111/595/4198 
f 1110/589/4199 1109/588/4200 1112/596/4201 
f 1111/595/4202 1102/598/4203 1098/597/4204 1106/581/4205 
f 1098/597/4206 1097/599/4207 1107/594/4208 1106/581/4209 
s 1
f 1108/902/4210 1107/901/4211 1097/907/4212 1099/908/4213 
s 4
f 1099/600/4214 1100/603/4215 1109/588/4216 1108/592/4217 
f 1100/603/4218 1104/604/4219 1112/596/4220 1109/588/4221 
f 1123/605/4222 1124/606/4223 1110/589/4224 1112/596/4225 
f 1121/607/4226 1122/608/4227 1111/595/4228 1105/586/4229 
f 1115/611/4230 1116/612/4231 1118/609/4232 1117/610/4233 
f 1114/615/4234 1113/616/4235 1120/613/4236 1119/614/4237 
f 1117/610/4238 1118/609/4239 1122/608/4240 1121/607/4241 
f 1119/614/4242 1120/613/4243 1124/606/4244 1123/605/4245 
s 1
f 1128/619/4246 1127/620/4247 1125/617/4248 1126/618/4249 
f 1135/621/4250 1136/622/4251 1127/620/4252 1128/619/4253 
s 2
f 1132/625/4254 1131/626/4255 1129/623/4256 1130/624/4257 
f 1133/627/4258 1134/628/4259 1131/626/4260 1132/625/4261 
f 1143/629/4262 1144/630/4263 1134/628/4264 1133/627/4265 
s 1
f 1139/631/4266 1140/632/4267 1136/622/4268 1135/621/4269 
f 1140/632/4270 1139/631/4271 1138/873/4272 1137/874/4273 
s 2
f 1144/630/4274 1143/629/4275 1142/875/4276 1141/876/4277 
f 1131/626/4278 1105/878/4279 1101/877/4280 1129/623/4281 
f 1103/879/4282 1110/880/4283 1132/625/4284 1130/624/4285 
s 1
f 1104/882/4286 1125/617/4287 1127/620/4288 1112/881/4289 
f 1126/618/4290 1102/884/4291 1111/883/4292 1128/619/4293 
s 2
f 1124/885/4294 1133/627/4295 1132/625/4296 1110/880/4297 
s 1
f 1136/622/4298 1123/886/4299 1112/881/4300 1127/620/4301 
s 2
f 1134/628/4302 1121/887/4303 1105/878/4304 1131/626/4305 
s 1
f 1122/888/4306 1135/621/4307 1128/619/4308 1111/883/4309 
f 1116/890/4310 1138/873/4311 1139/631/4312 1118/889/4313 
f 1137/874/4314 1114/892/4315 1119/891/4316 1140/632/4317 
s 2
f 1113/894/4318 1142/875/4319 1143/629/4320 1120/893/4321 
f 1115/895/4322 1117/896/4323 1144/630/4324 1141/876/4325 
s 1
f 1118/889/4326 1139/631/4327 1135/621/4328 1122/888/4329 
f 1140/632/4330 1119/891/4331 1123/886/4332 1136/622/4333 
s 2
f 1120/893/4334 1143/629/4335 1133/627/4336 1124/885/4337 
f 1144/630/4338 1117/896/4339 1121/887/4340 1134/628/4341 
s 1
f 1063/2031/4342 1055/2033/4343 1036/2049/4344 1145/2014/4345 
f 1146/2012/4346 1145/2014/4347 1036/2049/4348 1035/2050/4349 
f 1035/2050/4350 1034/2051/4351 1147/2013/4352 1146/2012/4353 
f 809/1054/4354 808/1239/4355 1004/1159/4356 
f 810/1055/4357 811/567/4358 1003/491/4359 
f 1150/1973/4360 822/1955/4361 1149/1952/4362 1148/1953/4363 
s 2
f 1152/1957/4364 1150/1954/4365 1148/1972/4366 1151/1956/4367 
f 1153/1958/4368 1152/1957/4369 1151/1956/4370 
f 1151/1956/4371 1155/1960/4372 1154/1959/4373 1153/1958/4374 
f 1156/1961/4375 1154/1959/4376 1155/1960/4377 
f 1155/1960/4378 1158/1963/4379 1157/1962/4380 1156/1961/4381 
f 1159/1964/4382 1162/1965/4383 1160/1970/4384 
s 8
f 1148/2140/4385 1149/2141/4386 1083/2138/4387 1018/2139/4388 
f 822/1900/4389 1150/1901/4390 813/1898/4391 821/1899/4392 
f 1151/2143/4393 1148/2140/4394 1018/2139/4395 1017/2142/4396 
f 1150/1901/4397 1152/1903/4398 852/1902/4399 813/1898/4400 
f 1152/1903/4401 1153/1905/4402 814/1904/4403 852/1902/4404 
f 1153/1905/4405 1154/1907/4406 851/1906/4407 814/1904/4408 
f 1155/2145/4409 1151/2143/4410 1017/2142/4411 1147/2144/4412 
f 1154/1907/4413 1156/1909/4414 843/1908/4415 851/1906/4416 
f 1156/1909/4417 1157/1911/4418 839/1910/4419 843/1908/4420 
f 1158/2147/4421 1155/2145/4422 1147/2144/4423 1034/2146/4424 
f 1157/1911/4425 1159/1912/4426 826/1895/4427 839/1910/4428 
f 1160/2149/4429 1162/2150/4430 1034/2146/4431 1004/2148/4432 
s 4
f 1078/2170/4433 1074/2169/4434 1083/2171/4435 
s 8
f 1159/1912/4436 1161/1913/4437 808/1896/4438 826/1895/4439 
s 2
f 1161/1967/4440 1159/1964/4441 1160/1970/4442 
s 4
f 1004/1968/4443 808/1969/4444 1161/1971/4445 1160/1966/4446 
s 2
f 1158/1963/4447 1162/1965/4448 1159/1964/4449 1157/1962/4450 
s 8
f 1034/2146/4451 1162/2150/4452 1158/2147/4453 
s 1
f 419/329/4454 794/483/4455 793/482/4456 417/323/4457 
s 8
f 1149/2141/4458 1092/2152/4459 1078/2151/4460 1083/2138/4461 
s 2
f 822/1151/4462 1092/1152/4463 1149/1153/4464 
f 430/324/4465 1092/1152/4466 432/318/4467 
f 822/1151/4468 432/318/4469 1092/1152/4470 
s 4
f 1073/2164/4471 1163/2168/4472 1076/2165/4473 
s 1
f 413/2115/4474 1010/2090/4475 1075/2093/4476 1076/2114/4477 
f 433/2108/4478 413/2115/4479 1076/2114/4480 1163/2109/4481 
s 4
f 1010/2425/4482 413/2426/4483 525/2434/4484 
s 16
f 489/1106/4485 486/1124/4486 806/1104/4487 810/1105/4488 
f 486/1124/4489 483/1108/4490 481/1107/4491 806/1104/4492 
f 489/1106/4493 810/1105/4494 1164/1125/4495 
s 1
f 642/2173/4496 643/2172/4497 652/2177/4498 647/2176/4499 
s 2
f 1175/1348/4500 1172/1350/4501 1176/1351/4502 
s 1
f 1172/1196/4503 1174/1197/4504 1042/1194/4505 1041/1193/4506 
f 978/569/4507 1171/565/4508 1173/1198/4509 1196/1223/4510 
f 1167/1199/4511 959/1200/4512 1042/1194/4513 1174/1197/4514 
s 4
f 1166/1329/4515 1167/1330/4516 1175/1331/4517 
f 1165/1332/4518 1166/1329/4519 1175/1331/4520 
f 971/1333/4521 1165/1332/4522 1175/1331/4523 
s 2
f 1172/1350/4524 1173/1352/4525 1176/1351/4526 
s 4
f 1173/1334/4527 1171/1335/4528 1176/1336/4529 
f 1167/1330/4530 1174/1337/4531 1175/1331/4532 
f 1169/1338/4533 1168/1339/4534 1176/1336/4535 
s 8
f 1175/1355/4536 1176/1356/4537 1168/1353/4538 971/1354/4539 
s 4
f 1170/1340/4540 1169/1338/4541 1176/1336/4542 
f 1171/1335/4543 1170/1340/4544 1176/1336/4545 
s 1
f 1173/1198/4546 1172/1196/4547 1041/1193/4548 1177/1192/4549 
f 1178/562/4550 1177/1192/4551 1041/1193/4552 1044/541/4553 
f 1179/550/4554 1178/562/4555 1044/541/4556 970/538/4557 
f 1180/546/4558 1179/550/4559 970/538/4560 969/534/4561 
f 1181/547/4562 1180/546/4563 969/534/4564 968/532/4565 
f 1182/1176/4566 1181/547/4567 968/532/4568 967/1172/4569 
s 2
f 1183/2252/4570 704/2251/4571 672/2269/4572 663/2270/4573 
f 684/2250/4574 1262/2275/4575 1263/2277/4576 727/2247/4577 
f 676/2259/4578 670/2260/4579 1185/2263/4580 1184/2262/4581 
f 1186/2410/4582 1187/2373/4583 664/2268/4584 660/2266/4585 
f 1188/2374/4586 1189/2375/4587 1183/2252/4588 663/2270/4589 
f 1190/2407/4590 1191/2377/4591 671/2258/4592 666/2412/4593 
f 1192/2378/4594 1193/2379/4595 1185/2263/4596 670/2260/4597 
f 1194/2380/4598 1186/2372/4599 660/2266/4600 661/2264/4601 
f 1187/2409/4602 1188/2374/4603 663/2270/4604 664/2268/4605 
f 1195/2381/4606 1190/2376/4607 666/2256/4608 667/2253/4609 
f 1191/2405/4610 1192/2378/4611 670/2260/4612 671/2411/4613 
f 1189/2375/4614 1195/2381/4615 667/2253/4616 1183/2252/4617 
f 1193/2379/4618 1194/2380/4619 661/2264/4620 1185/2263/4621 
s 1
f 1173/1198/4622 1177/1192/4623 1040/1190/4624 1196/1223/4625 
f 967/1172/4626 1000/1175/4627 1197/1177/4628 1182/1176/4629 
f 1032/1184/4630 1197/1177/4631 1000/1175/4632 
f 1031/1181/4633 1197/1177/4634 1032/1184/4635 
s 2
f 1198/2406/4636 1199/2408/4637 1187/2373/4638 1186/2410/4639 
f 1199/2408/4640 1198/2406/4641 1191/2377/4642 1190/2407/4643 
f 1193/2379/4644 1198/2382/4645 1186/2372/4646 1194/2380/4647 
f 1199/2383/4648 1189/2375/4649 1188/2374/4650 1187/2409/4651 
f 1189/2375/4652 1199/2383/4653 1190/2376/4654 1195/2381/4655 
f 1198/2382/4656 1193/2379/4657 1192/2378/4658 1191/2405/4659 
s 1
f 1201/1201/4660 961/1202/4661 959/1200/4662 1167/1199/4663 
f 1201/1201/4664 1167/1199/4665 1166/1203/4666 
f 965/543/4667 971/1204/4668 1168/575/4669 
f 965/543/4670 1200/545/4671 971/1204/4672 
f 1205/1058/4673 1206/1074/4674 1203/1056/4675 1204/1057/4676 
f 1207/1060/4677 1208/1061/4678 1206/1059/4679 1205/1077/4680 
f 1212/1064/4681 1211/1072/4682 1209/1062/4683 1210/1063/4684 
f 1208/1061/4685 1207/1060/4686 1211/1065/4687 1212/1071/4688 
f 411/1040/4689 524/1076/4690 1205/1058/4691 1204/1057/4692 
f 413/1067/4693 1203/1056/4694 1206/1074/4695 525/1075/4696 
f 771/1039/4697 1207/1060/4698 1205/1077/4699 524/1038/4700 
f 525/1066/4701 1206/1059/4702 1208/1061/4703 1202/1068/4704 
f 434/1029/4705 1209/1062/4706 1211/1072/4707 527/1030/4708 
f 527/1073/4709 1211/1065/4710 1207/1060/4711 772/1036/4712 
f 1207/1060/4713 771/1039/4714 772/1036/4715 
f 1202/1068/4716 1208/1061/4717 1212/1071/4718 528/1070/4719 
s 2
f 430/324/4720 1204/1129/4721 1203/1132/4722 433/1131/4723 
s 16
f 246/1110/4724 1210/1111/4725 1209/1102/4726 457/340/4727 
s 1
f 447/488/4728 879/344/4729 426/349/4730 449/636/4731 
f 1196/1188/4732 1040/1228/4733 1037/1191/4734 1213/1189/4735 
f 1019/2021/4736 1213/2022/4737 1037/2019/4738 
f 982/577/4739 973/1205/4740 1214/1206/4741 
f 1214/1206/4742 1215/1207/4743 965/543/4744 982/577/4745 
f 1216/1210/4746 1217/1211/4747 1247/1208/4748 1248/1209/4749 
f 1246/1586/4750 1236/1587/4751 1218/1584/4752 1245/1585/4753 
f 1220/1588/4754 1244/1589/4755 1245/1585/4756 1218/1584/4757 
f 1224/1590/4758 1243/1591/4759 1244/1589/4760 1220/1588/4761 
f 1243/1591/4762 1224/1590/4763 1222/1592/4764 1242/1593/4765 
f 1226/1594/4766 1241/1595/4767 1242/1593/4768 1222/1592/4769 
f 1229/1596/4770 1240/1597/4771 1241/1595/4772 1226/1594/4773 
f 1230/1598/4774 1239/1599/4775 1240/1597/4776 1229/1596/4777 
f 1232/1600/4778 1238/1601/4779 1239/1599/4780 1230/1598/4781 
f 1234/1602/4782 1237/1603/4783 1238/1601/4784 1232/1600/4785 
f 1220/1588/4786 1218/1584/4787 468/1604/4788 469/1605/4789 
f 1222/1592/4790 1224/1590/4791 474/1606/4792 470/1607/4793 
f 1224/1590/4794 1220/1588/4795 469/1605/4796 474/1606/4797 
f 1229/1596/4798 1226/1594/4799 471/1608/4800 472/1609/4801 
f 1226/1594/4802 1222/1592/4803 470/1607/4804 471/1608/4805 
f 1230/1598/4806 1229/1596/4807 472/1609/4808 473/1610/4809 
f 1232/1600/4810 1230/1598/4811 473/1610/4812 477/1574/4813 
f 513/1579/4814 514/1581/4815 1221/1611/4816 1225/1612/4817 
f 1225/1612/4818 1223/1613/4819 512/1580/4820 513/1579/4821 
f 508/1616/4822 502/1577/4823 1231/1614/4824 1233/1615/4825 
f 1233/1615/4826 1235/1618/4827 501/1617/4828 508/1616/4829 
f 1227/1619/4830 1228/1620/4831 512/1580/4832 1223/1613/4833 
f 1228/1620/4834 1231/1614/4835 502/1577/4836 512/1580/4837 
f 500/1621/4838 468/1604/4839 1218/1584/4840 1236/1587/4841 
f 1219/1622/4842 1221/1611/4843 514/1581/4844 518/1583/4845 
f 1234/1602/4846 1232/1600/4847 477/1574/4848 519/1576/4849 
s 2
f 1235/1701/4850 1237/1720/4851 1234/1717/4852 488/1698/4853 
s 1
f 1237/1603/4854 1235/1618/4855 1233/1615/4856 1238/1601/4857 
f 1238/1601/4858 1233/1615/4859 1231/1614/4860 1239/1599/4861 
f 1239/1599/4862 1231/1614/4863 1228/1620/4864 1240/1597/4865 
f 1240/1597/4866 1228/1620/4867 1227/1619/4868 1241/1595/4869 
f 1241/1595/4870 1227/1619/4871 1223/1613/4872 1242/1593/4873 
f 1223/1613/4874 1225/1612/4875 1243/1591/4876 1242/1593/4877 
f 1243/1591/4878 1225/1612/4879 1221/1611/4880 1244/1589/4881 
f 1244/1589/4882 1221/1611/4883 1219/1622/4884 1245/1585/4885 
f 1246/1586/4886 1245/1585/4887 1219/1622/4888 
f 1248/1209/4889 1247/1208/4890 1215/1207/4891 1214/1206/4892 
s 4
f 1214/2428/4893 973/2429/4894 966/2430/4895 
f 1248/2431/4896 1214/2428/4897 966/2430/4898 
f 966/2430/4899 964/2433/4900 1216/2432/4901 1248/2431/4902 
f 525/2427/4903 964/2433/4904 1010/2435/4905 
s 2
f 525/1154/4906 1202/1155/4907 1217/642/4908 1216/643/4909 
s 4
f 1216/2432/4910 964/2433/4911 525/2427/4912 
s 2
f 567/415/4913 568/417/4914 1250/441/4915 1249/440/4916 
f 568/417/4917 569/695/4918 1251/694/4919 1250/441/4920 
f 569/419/4921 562/406/4922 1252/443/4923 1251/442/4924 
f 562/406/4925 563/405/4926 1253/444/4927 1252/443/4928 
f 563/405/4929 564/409/4930 1254/437/4931 1253/444/4932 
f 564/409/4933 565/411/4934 1255/438/4935 1254/437/4936 
f 565/411/4937 566/413/4938 1256/439/4939 1255/438/4940 
f 566/413/4941 567/415/4942 1249/440/4943 1256/439/4944 
f 704/2251/4945 1258/2271/4946 1257/2280/4947 672/2269/4948 
f 704/2251/4949 673/2254/4950 1259/2272/4951 1258/2271/4952 
f 673/2254/4953 674/2404/4954 1260/2403/4955 1259/2272/4956 
f 674/2255/4957 675/2420/4958 1261/2401/4959 1260/2273/4960 
f 675/2257/4961 676/2259/4962 1262/2275/4963 1261/2274/4964 
f 1262/2275/4965 676/2259/4966 1184/2262/4967 1263/2277/4968 
f 1263/2277/4969 1184/2262/4970 677/2261/4971 1264/2276/4972 
f 677/2261/4973 678/2265/4974 1265/2278/4975 1264/2276/4976 
f 678/2265/4977 679/2267/4978 1266/2279/4979 1265/2278/4980 
f 679/2267/4981 672/2269/4982 1257/2280/4983 1266/2279/4984 
s 1
f 1200/545/4985 1267/1213/4986 1165/1212/4987 971/1204/4988 
f 1267/1213/4989 1201/1201/4990 1166/1203/4991 1165/1212/4992 
f 1268/1278/4993 1269/1279/4994 1274/1276/4995 1273/1277/4996 
f 1271/1281/4997 1269/1279/4998 1268/1278/4999 1270/1280/5000 
s 4
f 963/530/5001 1276/533/5002 1272/560/5003 
f 1268/535/5004 1273/537/5005 1276/533/5006 
f 1276/533/5007 1273/537/5008 1272/560/5009 
s 2
f 1200/1342/5010 1275/1343/5011 1267/1341/5012 
f 1275/1343/5013 1274/1344/5014 1267/1341/5015 
f 1267/1341/5016 1274/1344/5017 1269/1345/5018 
s 1
f 1272/1284/5019 1275/1285/5020 1200/1282/5021 963/1283/5022 
s 4
f 1270/571/5023 1268/535/5024 1276/533/5025 961/561/5026 
s 2
f 1269/1345/5027 1271/1347/5028 1201/1346/5029 1267/1341/5030 
s 1
f 1274/1276/5031 1275/1285/5032 1272/1284/5033 1273/1277/5034 
f 1201/1287/5035 1271/1281/5036 1270/1280/5037 961/1286/5038 
f 1210/1063/5039 528/1069/5040 1212/1064/5041 
s 2
f 240/1455/5042 242/1518/5043 1278/1466/5044 1277/1465/5045 
s 1
f 285/1387/5046 1278/1388/5047 242/1390/5048 
s 16
f 248/1112/5049 1295/1113/5050 515/1115/5051 
f 515/1115/5052 1295/1113/5053 498/1114/5054 
f 1295/1113/5055 246/1110/5056 498/1114/5057 
f 248/1112/5058 515/1115/5059 495/1116/5060 
f 495/1116/5061 507/1118/5062 245/1128/5063 248/1112/5064 
f 245/1128/5065 507/1118/5066 492/1127/5067 
s 1
f 810/1055/5068 1003/491/5069 253/1164/5070 250/1165/5071 
s 4
f 1164/1504/5072 810/1505/5073 250/1477/5074 245/1516/5075 
s 16
f 489/1106/5076 1164/1125/5077 511/1120/5078 
s 1
f 511/1126/5079 1164/1109/5080 245/1117/5081 492/1119/5082 
s 4
f 1279/2128/5083 1280/2129/5084 286/2126/5085 263/2127/5086 
f 1281/2131/5087 1279/2128/5088 263/2127/5089 264/2130/5090 
f 1280/1563/5091 1282/1564/5092 241/1561/5093 286/1562/5094 
s 1
f 1283/653/5095 1284/654/5096 1280/650/5097 1279/652/5098 
f 1285/657/5099 1283/653/5100 1279/652/5101 1281/655/5102 
f 1284/654/5103 1286/1288/5104 1282/668/5105 1280/650/5106 
s 16
f 246/1110/5107 457/340/5108 498/1114/5109 
f 1288/1122/5110 1287/1123/5111 528/1121/5112 1210/1111/5113 
s 2
f 1217/642/5114 528/1156/5115 1287/1157/5116 
f 1202/1155/5117 528/1156/5118 1217/642/5119 
s 1
f 254/1488/5120 1288/1506/5121 246/1468/5122 
s 16
f 1288/1122/5123 1210/1111/5124 246/1110/5125 
s 1
f 1290/1214/5126 1289/1215/5127 965/543/5128 1215/1207/5129 
f 1291/1216/5130 1290/1214/5131 1215/1207/5132 1247/1208/5133 
f 1292/1218/5134 1291/1216/5135 1247/1208/5136 1287/1217/5137 
f 254/1488/5138 1293/1507/5139 1288/1506/5140 
f 1293/1507/5141 254/1488/5142 277/1497/5143 1294/1501/5144 
s 4
f 1291/1567/5145 1292/1568/5146 1293/1565/5147 1294/1566/5148 
f 1294/1566/5149 282/1570/5150 1290/1569/5151 1291/1567/5152 
f 1290/1569/5153 282/1570/5154 1289/1571/5155 
f 282/1570/5156 281/1549/5157 1289/1571/5158 
s 1
f 1287/1217/5159 1288/1219/5160 1292/1218/5161 
s 4
f 1292/1568/5162 1288/1572/5163 1293/1565/5164 
s 1
f 1247/1208/5165 1217/1211/5166 1287/1217/5167 
f 1289/1215/5168 1296/1220/5169 963/544/5170 965/543/5171 
f 1296/1220/5172 1297/1222/5173 1276/1221/5174 963/544/5175 
f 1282/668/5176 1286/1288/5177 1276/1289/5178 1297/1290/5179 
s 4
f 267/1553/5180 1297/1573/5181 1296/1551/5182 252/1550/5183 
f 1297/1573/5184 267/1553/5185 241/1561/5186 
f 281/1549/5187 1296/1551/5188 1289/1571/5189 
f 1297/1573/5190 241/1561/5191 1282/1564/5192 
f 1045/633/5193 1042/1253/5194 1284/574/5195 1283/579/5196 
f 1286/1255/5197 1284/574/5198 1042/1253/5199 959/1254/5200 
f 1276/533/5201 1286/1255/5202 961/561/5203 
f 961/561/5204 1286/1255/5205 959/1254/5206 
f 1283/579/5207 1285/1257/5208 957/1256/5209 1045/633/5210 
f 955/1258/5211 957/1256/5212 1285/1257/5213 
f 955/1258/5214 1285/1257/5215 1312/1259/5216 1302/1260/5217 
s 1
f 1314/1301/5218 1300/1302/5219 1299/1299/5220 1298/1300/5221 
s 2
f 1302/663/5222 1299/658/5223 1300/661/5224 1303/1310/5225 
s 4
f 1300/1309/5226 1301/665/5227 1304/1311/5228 1303/662/5229 
s 2
f 1313/667/5230 1314/660/5231 1298/659/5232 1305/666/5233 
s 1
f 1313/1305/5234 1305/1306/5235 1302/1303/5236 1303/1304/5237 
s 4
f 1302/1260/5238 1305/1262/5239 953/1261/5240 955/1258/5241 
f 999/1263/5242 951/1264/5243 1306/1265/5244 
f 1306/1265/5245 1307/1267/5246 1033/1266/5247 999/1263/5248 
f 1307/1267/5249 1308/1270/5250 1003/1268/5251 1029/1269/5252 
f 1029/1269/5253 1033/1266/5254 1307/1267/5255 
f 1306/1265/5256 951/1264/5257 953/1261/5258 1305/1262/5259 
s 8
f 1311/1293/5260 1312/1294/5261 1310/1297/5262 1309/1292/5263 
s 4
f 1309/2134/5264 1310/2135/5265 1277/2132/5266 262/2133/5267 
s 1
f 1285/657/5268 1281/655/5269 1310/1291/5270 1312/1298/5271 
s 4
f 264/2130/5272 240/2136/5273 1310/2135/5274 1281/2131/5275 
f 1277/2132/5276 1310/2135/5277 240/2136/5278 
f 1299/1271/5279 1302/1260/5280 1312/1259/5281 
f 1306/1265/5282 1305/1262/5283 1298/1272/5284 
s 2
f 1003/1508/5285 1308/1509/5286 251/1476/5287 253/1480/5288 
s 1
f 1303/1304/5289 1304/1307/5290 1313/1305/5291 
s 2
f 1304/664/5292 1301/1312/5293 1314/660/5294 1313/667/5295 
s 1
f 1300/1302/5296 1314/1301/5297 1301/1308/5298 
s 4
f 1299/1271/5299 1312/1259/5300 1311/1273/5301 
f 1299/1271/5302 1311/1273/5303 1306/1265/5304 1298/1272/5305 
s 2
f 1308/1509/5306 1315/1510/5307 276/1473/5308 251/1476/5309 
s 4
f 1309/2134/5310 262/2133/5311 276/2137/5312 
s 2
f 276/1295/5313 1315/1296/5314 1311/1293/5315 1309/1292/5316 
s 1
f 141/671/5317 142/672/5318 1318/669/5319 1319/670/5320 
f 1322/675/5321 1323/676/5322 1321/673/5323 1320/674/5324 
s 4
f 1320/674/5325 1321/673/5326 1317/146/5327 1316/145/5328 
f 1323/676/5329 1322/675/5330 1319/670/5331 1318/669/5332 
s 2
f 1321/1000/5333 1323/1001/5334 1318/999/5335 1317/153/5336 
f 151/1002/5337 1318/999/5338 142/1003/5339 
f 1318/999/5340 151/1002/5341 150/154/5342 1317/153/5343 
usemtl Chainsaw01_Alpha
s 1
f 1334/2458/5344 1333/2460/5345 1335/2461/5346 
f 1334/2458/5347 1337/2462/5348 1333/2460/5349 
f 1337/2462/5350 1338/2463/5351 1333/2460/5352 
f 1336/2465/5353 1333/2460/5354 1338/2463/5355 
usemtl Chainsaw01
f 1327/2449/5356 91/771/5357 90/761/5358 1326/762/5359 
usemtl Chainsaw01_Alpha
f 1334/2458/5360 1340/2467/5361 1337/2462/5362 
f 1337/2462/5363 1340/2467/5364 1341/2500/5365 
f 1340/2467/5366 1339/2503/5367 1341/2500/5368 
usemtl Chainsaw01
f 1330/770/5369 87/763/5370 97/2451/5371 124/2450/5372 
usemtl Chainsaw01_Alpha
f 1334/2458/5373 1342/2504/5374 1340/2467/5375 
f 1343/2511/5376 1340/2467/5377 1342/2504/5378 1344/2507/5379 
usemtl Chainsaw01
f 129/2452/5380 1331/2453/5381 1345/2454/5382 130/2455/5383 
f 28/2457/5384 1332/741/5385 99/733/5386 29/2456/5387 
s 4
f 1335/2464/5388 1333/2466/5389 1324/723/5390 1332/2459/5391 
f 1334/2501/5392 1335/2464/5393 1332/2459/5394 28/2468/5395 
s 1
f 1325/2502/5396 1324/2527/5397 1333/2528/5398 
f 1333/2528/5399 1336/2506/5400 1326/2505/5401 1325/2502/5402 
f 1338/2510/5403 1337/2512/5404 124/2508/5405 1327/2509/5406 
f 1336/2506/5407 1338/2510/5408 1327/2509/5409 1326/2505/5410 
f 1339/2515/5411 1340/2516/5412 1329/2513/5413 1328/2514/5414 
f 1341/2518/5415 1339/2515/5416 1328/2514/5417 1330/2517/5418 
f 1337/2512/5419 1341/2518/5420 1330/2517/5421 124/2508/5422 
s 4
f 1342/2520/5423 1334/2501/5424 28/2468/5425 26/2519/5426 
s 2
f 1331/2523/5427 1343/2526/5428 1344/2521/5429 1345/2522/5430 
s 1
f 1340/2516/5431 1343/2524/5432 1331/2525/5433 1329/2513/5434 
s 4
f 1344/2521/5435 1342/2520/5436 26/2519/5437 1345/2522/5438 
s 1
f 26/2469/5439 130/2455/5440 1345/2454/5441 
usemtl Chainsaw01_Chain
f 1388/2579/5442 1387/2567/5443 1376/2570/5444 1377/2588/5445 
f 1389/2578/5446 1388/2579/5447 1377/2588/5448 1378/2587/5449 
f 1390/2577/5450 1389/2578/5451 1378/2587/5452 1379/2586/5453 
f 1391/2576/5454 1390/2577/5455 1379/2586/5456 1380/2585/5457 
f 1392/2575/5458 1391/2576/5459 1380/2585/5460 1381/2584/5461 
f 1393/2574/5462 1392/2575/5463 1381/2584/5464 1382/2583/5465 
f 1394/2573/5466 1393/2574/5467 1382/2583/5468 1383/2582/5469 
f 1395/2572/5470 1394/2573/5471 1383/2582/5472 1384/2581/5473 
f 1396/2571/5474 1395/2572/5475 1384/2581/5476 1385/2580/5477 
f 1397/2568/5478 1396/2571/5479 1385/2580/5480 1386/2569/5481 
f 1403/2563/5482 1404/2561/5483 1376/2570/5484 1387/2567/5485 
f 1405/2559/5486 1402/2565/5487 1397/2568/5488 1386/2569/5489 
f 1399/2564/5490 1398/2556/5491 1404/2561/5492 1403/2563/5493 
f 1400/2560/5494 1401/2558/5495 1402/2565/5496 1405/2559/5497 
s 2
f 1406/2589/5498 1407/2590/5499 1378/2533/5500 1377/2530/5501 
f 1408/2591/5502 1406/2589/5503 1377/2530/5504 1376/2529/5505 
f 1407/2590/5506 1409/2592/5507 1379/2535/5508 1378/2533/5509 
f 1409/2592/5510 1410/2593/5511 1380/2537/5512 1379/2535/5513 
f 1410/2593/5514 1411/2594/5515 1381/2539/5516 1380/2537/5517 
f 1411/2594/5518 1412/2595/5519 1382/2541/5520 1381/2539/5521 
f 1412/2595/5522 1413/2596/5523 1383/2543/5524 1382/2541/5525 
f 1413/2596/5526 1414/2597/5527 1384/2545/5528 1383/2543/5529 
f 1414/2597/5530 1415/2598/5531 1385/2547/5532 1384/2545/5533 
f 1415/2598/5534 1416/2599/5535 1386/2549/5536 1385/2547/5537 
f 1417/2600/5538 1408/2591/5539 1376/2529/5540 1404/2552/5541 
f 1416/2599/5542 1418/2601/5543 1405/2553/5544 1386/2549/5545 
f 1419/2602/5546 1417/2600/5547 1404/2552/5548 1398/2562/5549 
f 1418/2601/5550 1420/2603/5551 1400/2557/5552 1405/2553/5553 
f 1422/2605/5554 1421/2604/5555 1388/2531/5556 1389/2534/5557 
f 1421/2604/5558 1423/2606/5559 1387/2532/5560 1388/2531/5561 
f 1424/2607/5562 1422/2605/5563 1389/2534/5564 1390/2536/5565 
f 1425/2608/5566 1424/2607/5567 1390/2536/5568 1391/2538/5569 
f 1426/2609/5570 1425/2608/5571 1391/2538/5572 1392/2540/5573 
f 1427/2610/5574 1426/2609/5575 1392/2540/5576 1393/2542/5577 
f 1428/2611/5578 1427/2610/5579 1393/2542/5580 1394/2544/5581 
f 1429/2612/5582 1428/2611/5583 1394/2544/5584 1395/2546/5585 
f 1430/2613/5586 1429/2612/5587 1395/2546/5588 1396/2548/5589 
f 1431/2614/5590 1430/2613/5591 1396/2548/5592 1397/2550/5593 
f 1432/2615/5594 1431/2614/5595 1397/2550/5596 1402/2554/5597 
f 1423/2606/5598 1433/2616/5599 1403/2551/5600 1387/2532/5601 
f 1434/2617/5602 1432/2615/5603 1402/2554/5604 1401/2566/5605 
f 1433/2616/5606 1435/2618/5607 1399/2555/5608 1403/2551/5609 
usemtl Chainsaw01
f 1375/2620/5610 1359/2621/5611 1357/2622/5612 1373/2619/5613 
f 1373/2619/5614 1357/2622/5615 1348/2624/5616 1363/2623/5617 
f 1363/2623/5618 1348/2624/5619 1346/2626/5620 1361/2625/5621 
f 1361/2625/5622 1346/2626/5623 1347/2628/5624 1362/2627/5625 
f 1362/2627/5626 1347/2628/5627 1349/2630/5628 1364/2629/5629 
f 1364/2629/5630 1349/2630/5631 1350/2632/5632 1365/2631/5633 
f 1365/2631/5634 1350/2632/5635 1351/2634/5636 1366/2633/5637 
f 1366/2633/5638 1351/2634/5639 1352/2636/5640 1367/2635/5641 
f 1367/2635/5642 1352/2636/5643 1353/2638/5644 1368/2637/5645 
f 1368/2637/5646 1353/2638/5647 1354/2640/5648 1369/2639/5649 
f 1369/2639/5650 1354/2640/5651 1355/2642/5652 1370/2641/5653 
f 1370/2641/5654 1355/2642/5655 1356/2644/5656 1371/2643/5657 
f 1371/2643/5658 1356/2644/5659 1358/2646/5660 1372/2645/5661 
f 1372/2645/5662 1358/2646/5663 1360/2648/5664 1374/2647/5665 
# 1138 polygons - 371 triangles

