mtllib mesh.mtl
g default
v -0.025346852838993073 -0.8944416642189026 -0.08931900560855865 
v 0.3155897855758667 -0.6717551350593567 0.441151887178421 
v -0.11173351854085922 -0.9050078988075256 0.6606310606002808 
v -0.6998136639595032 -0.7937564253807068 0.10026893764734268 
v -0.367813378572464 -0.7567901611328125 -0.546695351600647 
v 0.5741249918937683 -1.1943434476852417 -0.4609205424785614 
v 0.08859290927648544 0.7971078157424927 0.47803524136543274 
v -0.7330491542816162 0.7673770189285278 0.06971216946840286 
v -0.5407350063323975 0.7402058839797974 -0.28078195452690125 
v 0.22079193592071533 0.8105186223983765 -0.38198673725128174 
v 0.5206881761550903 0.7753802537918091 -0.354708731174469 
v -0.14831803739070892 0.8632036447525024 -0.14057299494743347 
v -0.1635657250881195 -1.0632352828979492 0.7732710242271423 
v -0.2990214228630066 -1.3269411325454712 0.7727081179618835 
v -0.21873526275157928 -1.1592308282852173 0.5683519244194031 
v -0.17591747641563416 -0.867350697517395 0.43012896180152893 
v -0.1692388504743576 -0.7756308913230896 0.30584263801574707 
v -0.13098391890525818 -0.8281794786453247 0.177531898021698 
v -0.06704947352409363 -0.8793535828590393 0.047099631279706955 
v 0.08236272633075714 -0.8717968463897705 -0.034246399998664856 
v 0.19445176422595978 -0.845196545124054 0.03872373700141907 
v 0.28949102759361267 -0.8199148774147034 0.11106854677200317 
v 0.35076701641082764 -0.752679169178009 0.187812939286232 
v 0.3515984117984772 -0.6914826035499573 0.271014004945755 
v 0.3108569085597992 -0.6927521824836731 0.37499406933784485 
v 0.30819061398506165 -0.6817916035652161 0.467406690120697 
v 0.2966020107269287 -0.6453652381896973 0.4413553476333618 
v 0.25292372703552246 -0.6789442300796509 0.43572527170181274 
v 0.06535246223211288 -0.7259315252304077 0.5251075625419617 
v -0.09295187890529633 -0.7778879404067993 0.6215947866439819 
v -0.10101602226495743 -0.95928555727005 0.6266512274742126 
v -0.12153331190347672 -1.1760141849517822 0.7063015103340149 
v -0.1462273746728897 -1.0414553880691528 0.7547726631164551 
v 0.6330129504203796 -1.2477970123291016 -0.5082712173461914 
v 0.6048597097396851 -1.2033191919326782 -0.46803227066993713 
v 0.5614773631095886 -0.9530235528945923 -0.46107614040374756 
v 0.5735328793525696 -0.8549761176109314 -0.33185550570487976 
v 0.502282977104187 -0.8224624395370483 -0.024683618918061256 
v 0.421764999628067 -0.7573220133781433 0.28266042470932007 
v 0.3665170967578888 -0.7068339586257935 0.44368740916252136 
v 0.07939211279153824 -0.8720349669456482 -0.19906923174858093 
v 0.2280234694480896 -0.8034068942070007 -0.32980725169181824 
v 0.40289995074272156 -0.7364712357521057 -0.38752880692481995 
v 0.5304102301597595 -0.8585867881774902 -0.3053220510482788 
v 0.5516180396080017 -1.231050968170166 -0.28457045555114746 
v 0.5248359441757202 -1.4775376319885254 -0.4299931526184082 
v 0.6067503690719604 -1.3961340188980103 -0.517333984375 
v -0.639062225818634 -0.938345193862915 0.11870410293340683 
v -0.6950279474258423 -1.161082148551941 0.08873308449983597 
v -0.622016429901123 -1.1171560287475586 0.02003701962530613 
v -0.5107876658439636 -0.9445929527282715 -0.013082452118396759 
v -0.41380807757377625 -0.8917902112007141 -0.03579256311058998 
v -0.31151795387268066 -0.9054533839225769 -0.04771842807531357 
v -0.17297706007957458 -0.8994338512420654 -0.05682629719376564 
v -0.09417761117219925 -0.8387603163719177 0.6591395735740662 
v -0.1465129256248474 -0.8287708163261414 0.5807921290397644 
v -0.37774795293807983 -0.7993463277816772 0.37943217158317566 
v -0.6476554274559021 -0.7610443830490112 0.15305863320827484 
v -0.6962918043136597 -0.7738534808158875 0.0721067413687706 
v -0.6629627346992493 -0.8848562836647034 0.06802629679441452 
v -0.6604676246643066 -0.8815779089927673 0.11730926483869553 
v -0.4356583058834076 -1.130495309829712 -0.5358648300170898 
v -0.4116329550743103 -1.294852614402771 -0.5181365013122559 
v -0.3463662266731262 -1.0989824533462524 -0.6258155703544617 
v -0.38573065400123596 -0.9028953313827515 -0.6020238995552063 
v -0.3279689848423004 -0.8446511626243591 -0.4586757719516754 
v -0.22549420595169067 -0.8789761662483215 -0.31552207469940186 
v -0.1081310361623764 -0.897779107093811 -0.1915597915649414 
v -0.6987521052360535 -0.7755312919616699 0.11767862737178802 
v -0.7356645464897156 -0.8349905014038086 0.12075880914926529 
v -0.6631208062171936 -0.9092558026313782 -0.19539916515350342 
v -0.5539023280143738 -0.95956951379776 -0.5801437497138977 
v -0.5579023361206055 -1.3033924102783203 -0.6049937605857849 
v -0.5300053358078003 -1.445314645767212 -0.5570730566978455 
v -0.4927346110343933 -1.1566532850265503 -0.5532029867172241 
v -0.35389262437820435 -0.6078938841819763 -0.5772756338119507 
v -0.2437354326248169 -0.5699576139450073 -0.5307776927947998 
v 0.0555594265460968 -0.6474905610084534 -0.4887695014476776 
v 0.3775307834148407 -0.6936450600624084 -0.4757690727710724 
v 0.5444454550743103 -0.714177668094635 -0.4613032639026642 
v 0.5431508421897888 -0.8409361243247986 -0.4452552795410156 
v 0.5521185994148254 -1.0795940160751343 -0.41507861018180847 
v 0.504248857498169 0.6921067237854004 -0.3018484115600586 
v 0.49222397804260254 0.5723403692245483 -0.27147504687309265 
v 0.46864017844200134 0.32383573055267334 -0.2304639220237732 
v 0.463331401348114 0.07077328115701675 -0.1015608161687851 
v 0.4595324397087097 -0.3297228217124939 0.06473705917596817 
v 0.4100792109966278 -0.6264896988868713 0.22959043085575104 
v 0.36645644903182983 -0.6853985786437988 0.36112698912620544 
v 0.6198782324790955 -0.9519549608230591 -0.4803469777107239 
v 0.6479293704032898 -0.5940887331962585 -0.5215967893600464 
v 0.6471589207649231 -0.2031002789735794 -0.5470200777053833 
v 0.6161115169525146 0.13973167538642883 -0.5597348213195801 
v 0.5380139350891113 0.33836230635643005 -0.49464666843414307 
v 0.5010378956794739 0.44197848439216614 -0.41728857159614563 
v 0.5103339552879333 0.6064298748970032 -0.3796032965183258 
v -0.00333801144734025 0.7450692057609558 0.5692093372344971 
v -0.05437798053026199 0.65772944688797 0.6186319589614868 
v -0.07957629859447479 0.5273467898368835 0.6475411653518677 
v -0.10156483203172684 0.259758859872818 0.6480463147163391 
v -0.11561740934848785 -0.08057139813899994 0.6489781737327576 
v -0.13064217567443848 -0.4467346668243408 0.6559338569641113 
v -0.14625445008277893 -0.7911763787269592 0.639385998249054 
v 0.3464498519897461 -0.6459652185440063 0.3571554124355316 
v 0.3857412338256836 -0.6015422940254211 0.3135596215724945 
v 0.34439587593078613 -0.2933560013771057 0.34313827753067017 
v 0.31297385692596436 0.21454499661922455 0.37164807319641113 
v 0.25103986263275146 0.5051841139793396 0.3962697684764862 
v 0.1852075308561325 0.5954685807228088 0.4648702144622803 
v 0.10826653987169266 0.6978025436401367 0.47700896859169006 
v -0.7205045223236084 0.6036843061447144 0.0625627338886261 
v -0.7065841555595398 0.5059956312179565 0.08386540412902832 
v -0.705701470375061 0.38483837246894836 0.07223746925592422 
v -0.7142499685287476 0.11889246851205826 0.056908074766397476 
v -0.7204949855804443 -0.2972356975078583 0.029375700280070305 
v -0.675206184387207 -0.6220541000366211 0.02070823311805725 
v -0.6941720247268677 -0.7548910975456238 0.07492738962173462 
v -0.14808893203735352 -0.7253711223602295 0.5943157076835632 
v -0.18198037147521973 -0.3294611871242523 0.5505122542381287 
v -0.2519363462924957 0.0799579992890358 0.5070893168449402 
v -0.3926418125629425 0.2445693165063858 0.45809993147850037 
v -0.45503145456314087 0.4793533980846405 0.38910752534866333 
v -0.5213550925254822 0.630233883857727 0.31334713101387024 
v -0.6537348628044128 0.6673760414123535 0.205392524600029 
v -0.5389851331710815 0.6386896371841431 -0.3116002380847931 
v -0.5238727331161499 0.5211650729179382 -0.3613453507423401 
v -0.48092350363731384 0.4594573974609375 -0.42913728952407837 
v -0.4710538387298584 0.32980960607528687 -0.47884005308151245 
v -0.4651734232902527 0.07456905394792557 -0.5135602951049805 
v -0.4237656593322754 -0.2315700501203537 -0.5620319843292236 
v -0.3673081398010254 -0.5639359951019287 -0.54695063829422 
v -0.6883499026298523 -0.6882352232933044 0.06891309469938278 
v -0.678163468837738 -0.47530847787857056 0.0947762280702591 
v -0.6859958171844482 -0.1772516369819641 0.030312493443489075 
v -0.6777817010879517 0.12824968993663788 -0.022341273725032806 
v -0.6723945140838623 0.3872433602809906 0.0644298866391182 
v -0.6841682195663452 0.5219887495040894 0.03140098601579666 
v -0.6064421534538269 0.6303616166114807 -0.14656281471252441 
v 0.2474655956029892 0.7788020372390747 -0.41677147150039673 
v 0.32551807165145874 0.6889613270759583 -0.42291662096977234 
v 0.40118101239204407 0.5562340021133423 -0.4423489570617676 
v 0.4577893614768982 0.34686198830604553 -0.4547983705997467 
v 0.5004134178161621 0.03446952626109123 -0.4387856423854828 
v 0.5379777550697327 -0.38431552052497864 -0.44126561284065247 
v 0.5717591643333435 -0.8437334895133972 -0.44987887144088745 
v -0.3067830801010132 -0.34074053168296814 -0.5515469908714294 
v -0.25381675362586975 -0.056661028414964676 -0.537604570388794 
v -0.19065549969673157 0.17051362991333008 -0.5097413063049316 
v -0.06140022352337837 0.4000902473926544 -0.5087026953697205 
v 0.03865596652030945 0.4885959029197693 -0.5109310746192932 
v 0.0967983677983284 0.6106519103050232 -0.44761815667152405 
v 0.1771387755870819 0.7348780035972595 -0.42588138580322266 
v 0.47589442133903503 0.8301029801368713 -0.22436344623565674 
v 0.4580560624599457 0.8270518183708191 -0.11481402814388275 
v 0.44634926319122314 0.825769305229187 0.011386535130441189 
v 0.40884673595428467 0.8516533970832825 0.23558075726032257 
v 0.36663055419921875 0.8381169438362122 0.3206958770751953 
v 0.2734411656856537 0.7992928624153137 0.37421566247940063 
v 0.1883345991373062 0.7779366970062256 0.4205268621444702 
v -0.003705671289935708 0.904668927192688 0.5758088231086731 
v -0.07677904516458511 0.987467348575592 0.6339916586875916 
v -0.09499343484640121 0.9715701937675476 0.5863293409347534 
v -0.15987814962863922 0.9186490774154663 0.5035920739173889 
v -0.3274330794811249 0.9009733200073242 0.3658702075481415 
v -0.47907018661499023 0.8988953828811646 0.2726585566997528 
v -0.6467081308364868 0.8831171989440918 0.20564264059066772 
v -0.6952967047691345 0.8001880049705505 -6.904117617523298e-05 
v -0.6726635098457336 0.6959484815597534 0.06885183602571487 
v -0.6952776908874512 0.5364903807640076 0.10381633788347244 
v -0.7017398476600647 0.5526016354560852 0.004813012201339006 
v -0.670330822467804 0.7023469805717468 -0.03263562545180321 
v -0.6912043690681458 0.786605715751648 -0.0033677062019705772 
v -0.5683895349502563 0.7552032470703125 -0.14671927690505981 
v -0.5059208869934082 0.7960789799690247 -0.36122557520866394 
v -0.4537806510925293 0.9485594034194946 -0.4279658794403076 
v -0.42308923602104187 0.9987810850143433 -0.4921378493309021 
v -0.3594419062137604 0.8821243643760681 -0.5566230416297913 
v -0.20805256068706512 0.7611406445503235 -0.5392528772354126 
v 0.02657308429479599 0.7454010248184204 -0.4510931670665741 
v 0.19070720672607422 0.7626042366027832 -0.40449145436286926 
v 0.23312532901763916 0.8922494649887085 -0.4171149730682373 
v 0.302068293094635 0.9819831252098083 -0.448175847530365 
v 0.5258790254592896 1.068647027015686 -0.45893150568008423 
v 0.6470569372177124 1.05028235912323 -0.5423598289489746 
v 0.5785046219825745 0.8708853125572205 -0.5392860174179077 
v 0.49006691575050354 0.7450095415115356 -0.4836188554763794 
v 0.4976724684238434 0.748424232006073 -0.4120935797691345 
v -0.11061739921569824 0.8592097163200378 -0.004864197224378586 
v -0.017042819410562515 0.9398648738861084 0.2182648777961731 
v 0.08944487571716309 1.057504415512085 0.3579985201358795 
v 0.1312628984451294 1.1106369495391846 0.39065003395080566 
v 0.13139048218727112 1.1042605638504028 0.4703402817249298 
v 0.10056144744157791 1.034844160079956 0.5166840553283691 
v 0.09883967787027359 0.9167064428329468 0.49086761474609375 
v 0.518612265586853 0.8984544277191162 -0.3561018109321594 
v 0.5149292945861816 0.977707028388977 -0.38801196217536926 
v 0.5345434546470642 1.0464636087417603 -0.41611218452453613 
v 0.45105990767478943 1.0623564720153809 -0.35996392369270325 
v 0.3878200054168701 0.9942753314971924 -0.25017306208610535 
v 0.21932987868785858 0.9147313833236694 -0.18307916820049286 
v -0.0009002152946777642 0.8678924441337585 -0.1672624796628952 
v -0.227262482047081 0.8658270835876465 -0.01467045582830906 
v -0.2973523736000061 0.8805975317955017 0.18339496850967407 
v -0.4176703691482544 0.9487485885620117 0.25347310304641724 
v -0.5665347576141357 1.0293917655944824 0.14169712364673615 
v -0.6990811228752136 1.0562973022460938 0.03876063600182533 
v -0.7634388208389282 1.0548003911972046 0.024229902774095535 
v -0.7195544838905334 1.0064700841903687 0.06186757609248161 
v -0.19936002790927887 0.8770685791969299 -0.21077238023281097 
v -0.22446760535240173 0.8912843465805054 -0.2761927843093872 
v -0.3031136691570282 0.9506509304046631 -0.3449317514896393 
v -0.4180974066257477 1.0000379085540771 -0.42302078008651733 
v -0.4717728793621063 0.9589241147041321 -0.4109438955783844 
v -0.5034978985786438 0.9210422039031982 -0.33947545289993286 
v -0.5112062692642212 0.8427206873893738 -0.2737136483192444 
v -0.07087282836437225 0.886876106262207 -0.2962789237499237 
v 0.05940822511911392 0.9231196045875549 -0.44733694195747375 
v 0.21163809299468994 0.976618230342865 -0.47870388627052307 
v 0.3176565170288086 0.9564603567123413 -0.4534724950790405 
v 0.31728407740592957 0.9409704208374023 -0.46217024326324463 
v 0.24107548594474792 0.8874817490577698 -0.4286898076534271 
v 0.21238923072814941 0.8274083733558655 -0.3861108124256134 
v 0.133600652217865 0.897026777267456 -0.315235435962677 
v 0.34960970282554626 0.9595951437950134 -0.3469488024711609 
v 0.3033197522163391 0.9836884140968323 -0.4235612452030182 
v 0.4465598165988922 0.9642209410667419 -0.3953353762626648 
v 0.47781047224998474 0.93656325340271 -0.4240550100803375 
v 0.44244736433029175 0.9572729468345642 -0.4401242136955261 
v 0.4968928098678589 1.0129506587982178 -0.46930408477783203 
v 0.5321078300476074 0.8982807993888855 -0.4484022855758667 
v 0.5655571818351746 0.8633639812469482 -0.43314599990844727 
v 0.47439900040626526 0.8982477784156799 -0.41988030076026917 
v 0.48598191142082214 1.0252724885940552 -0.4916272759437561 
v 0.5188132524490356 1.0187106132507324 -0.47850173711776733 
v 0.5919037461280823 0.9085486531257629 -0.4393629729747772 
v 0.5383195281028748 0.866536021232605 -0.42798569798469543 
v 0.3476633131504059 0.9101866483688354 -0.4303326904773712 
v 0.4820654094219208 0.9073917269706726 -0.43389812111854553 
v 0.4841075837612152 0.9868330955505371 -0.46602967381477356 
v 0.58575439453125 1.0374658107757568 -0.46427586674690247 
v 0.5959144830703735 1.0035111904144287 -0.44901999831199646 
v 0.39177435636520386 0.9650723338127136 -0.4517611265182495 
v 0.22359958291053772 0.9186722040176392 -0.4286254644393921 
v -0.13476252555847168 0.8933570384979248 -0.42022836208343506 
v -0.050383713096380234 0.947762668132782 -0.5078473687171936 
v -0.22908031940460205 0.921576976776123 -0.45251747965812683 
v 0.04850010573863983 0.9371866583824158 -0.49566650390625 
v -0.197326198220253 0.951146125793457 -0.5021479725837708 
v -0.34474506974220276 0.9587404727935791 -0.5021246671676636 
v 0.12515509128570557 0.9763990640640259 -0.49212193489074707 
v -0.14225229620933533 0.973243236541748 -0.5200380682945251 
v -0.29739463329315186 0.9796727299690247 -0.5396361351013184 
v -0.3896511495113373 0.9683146476745605 -0.5484705567359924 
v 0.166037455201149 0.9248421788215637 -0.4986303746700287 
v -0.08625978976488113 0.9363633394241333 -0.54918372631073 
v -0.2650115489959717 0.9627975821495056 -0.5680376887321472 
v -0.3392777144908905 0.983368992805481 -0.5471946001052856 
v -0.41191932559013367 0.922156572341919 -0.4909884035587311 
v 0.17561599612236023 0.810623824596405 -0.432809442281723 
v -0.04216306656599045 0.8473118543624878 -0.5059040784835815 
v -0.2541356086730957 0.8826774954795837 -0.5781183242797852 
v -0.3512822091579437 0.9834064245223999 -0.5480454564094543 
v -0.4056083559989929 1.0134828090667725 -0.45193013548851013 
v -0.4735738933086395 0.9243231415748596 -0.3907533288002014 
v -0.2666639983654022 0.8816356062889099 -0.02289785072207451 
v -0.2986055910587311 0.9408305287361145 -0.07730775326490402 
v -0.3717450499534607 0.9235358834266663 0.16074557602405548 
v -0.45075637102127075 0.9995376467704773 -0.1702853888273239 
v -0.5169898271560669 1.000442624092102 0.06181059777736664 
v -0.5751446485519409 0.9790387153625488 0.16217443346977234 
v -0.5726098418235779 0.9959316253662109 -0.18619689345359802 
v -0.6466872096061707 0.9989838004112244 0.010067704133689404 
v -0.6971064805984497 1.002086877822876 0.06290560960769653 
v -0.6662791967391968 0.9881487488746643 0.021703630685806274 
v -0.5841353535652161 0.9363623857498169 -0.13651254773139954 
v -0.6685616970062256 0.954008162021637 0.04159821942448616 
v -0.7114872336387634 0.949562132358551 0.08388257026672363 
v -0.6863905787467957 0.9037162661552429 0.026728330180048943 
v -0.6707189083099365 0.9604455828666687 -0.012315700761973858 
v -0.5732195377349854 0.8592342734336853 -0.12145143002271652 
v -0.6531506180763245 0.867622971534729 0.017599929124116898 
v -0.6871242523193359 0.8221465349197388 0.04993954300880432 
v -0.7090196013450623 0.7389838695526123 0.09682738035917282 
v -0.6730696558952332 0.7885624766349792 0.07496216148138046 
v -0.6713107228279114 0.9706219434738159 0.018383430317044258 
v -0.19180618226528168 0.8872067928314209 0.19037535786628723 
v -0.2771163284778595 0.9793437719345093 0.2953481078147888 
v -0.11075522005558014 1.0118321180343628 0.3544664978981018 
v -0.38176339864730835 1.0760058164596558 0.2524208724498749 
v -0.19381780922412872 1.091642141342163 0.35287731885910034 
v -0.024051446467638016 1.0901899337768555 0.4192970395088196 
v -0.5291310548782349 1.1099183559417725 0.16310058534145355 
v -0.2913973033428192 1.126916527748108 0.3181091845035553 
v -0.11157353222370148 1.1093850135803223 0.4627982974052429 
v 0.007297895383089781 1.1139134168624878 0.5107055902481079 
v -0.6807198524475098 1.0847036838531494 0.14558859169483185 
v -0.4146643877029419 1.086046814918518 0.297488272190094 
v -0.19857195019721985 1.0858708620071411 0.4956148862838745 
v -0.0798359364271164 1.0892666578292847 0.6253330707550049 
v -0.008956113830208778 1.068810224533081 0.6110630035400391 
v -0.6710450649261475 1.0228562355041504 0.14384280145168304 
v -0.4873594641685486 1.0255558490753174 0.2564186155796051 
v -0.2717897891998291 1.0254387855529785 0.431129515171051 
v -0.12122967839241028 1.0241814851760864 0.5872229337692261 
v -0.08301430940628052 1.0261483192443848 0.6543552279472351 
v -0.02142438292503357 1.010004997253418 0.6057277917861938 
v 0.09237857162952423 0.916826069355011 0.003788398578763008 
v 0.21291004121303558 1.0406497716903687 0.19017113745212555 
v 0.32094606757164 1.0150694847106934 -0.022938808426260948 
v 0.263979434967041 1.1073031425476074 0.2691267132759094 
v 0.35377001762390137 1.1053435802459717 0.0986771211028099 
v 0.40491828322410583 1.0724378824234009 -0.12741224467754364 
v 0.2805667221546173 1.1145330667495728 0.33799222111701965 
v 0.3679005205631256 1.1174776554107666 0.2078351527452469 
v 0.3960508406162262 1.095621943473816 0.0078207952901721 
v 0.4541192054748535 1.07439124584198 -0.21704162657260895 
v 0.2520977854728699 1.0480678081512451 0.410958856344223 
v 0.3804224133491516 1.0705113410949707 0.31185051798820496 
v 0.4129396080970764 1.0500788688659668 0.16257396340370178 
v 0.39676207304000854 1.0285953283309937 -0.03106609918177128 
v 0.45351627469062805 1.0010982751846313 -0.23776070773601532 
v 0.20001861453056335 0.9477269649505615 0.4298974871635437 
v 0.32462525367736816 0.9872828722000122 0.3627694845199585 
v 0.39592185616493225 1.0052051544189453 0.28084808588027954 
v 0.42463669180870056 0.9615746140480042 0.11063127964735031 
v 0.42606398463249207 0.926222562789917 -0.07148895412683487 
v 0.4736810326576233 0.903384804725647 -0.22282570600509644 
v 0.499740332365036 0.5289751291275024 -0.45574650168418884 
v 0.5566841959953308 0.3932480216026306 -0.5277312994003296 
v 0.5708360075950623 0.5345343351364136 -0.5461059212684631 
v 0.6378159523010254 0.346338152885437 -0.5564448237419128 
v 0.6475335359573364 0.4570799767971039 -0.5537282228469849 
v 0.6484076380729675 0.7617071866989136 -0.5439162850379944 
v 0.6512237787246704 0.16135084629058838 -0.5073861479759216 
v 0.6416955590248108 0.40981966257095337 -0.4723626673221588 
v 0.6326887607574463 0.6827284693717957 -0.45500561594963074 
v 0.6156700849533081 1.0097541809082031 -0.4365714192390442 
v 0.6391186714172363 -0.130277618765831 -0.4737599790096283 
v 0.6204724311828613 0.24414198100566864 -0.44774705171585083 
v 0.5770142674446106 0.5346569418907166 -0.42425480484962463 
v 0.5323338508605957 0.8250885009765625 -0.4120633006095886 
v 0.4615403413772583 0.9910244345664978 -0.417461097240448 
v 0.6086142063140869 -0.49413684010505676 -0.4493638575077057 
v 0.5796300172805786 -0.026933753862977028 -0.433506578207016 
v 0.535369873046875 0.31973597407341003 -0.4255746603012085 
v 0.48807036876678467 0.5897474884986877 -0.43552157282829285 
v 0.4410768151283264 0.8014360070228577 -0.45226073265075684 
v 0.33510857820510864 0.8992025256156921 -0.4421950578689575 
v 0.09146563708782196 0.6923640966415405 -0.4555068612098694 
v -0.01881670020520687 0.6170834302902222 -0.5061945915222168 
v -0.10697958618402481 0.6886070370674133 -0.5281582474708557 
v -0.15016409754753113 0.5347290635108948 -0.5264186263084412 
v -0.21260467171669006 0.6483358144760132 -0.5378378033638 
v -0.27282166481018066 0.7862932682037354 -0.5512087345123291 
v -0.2476615160703659 0.41959521174430847 -0.5316644906997681 
v -0.29277774691581726 0.5830705761909485 -0.5457532405853271 
v -0.32723602652549744 0.7282319068908691 -0.5464097261428833 
v -0.3897573947906494 0.867525577545166 -0.5378756523132324 
v -0.30826708674430847 0.21645011007785797 -0.5367996692657471 
v -0.3406622111797333 0.44650664925575256 -0.5455129146575928 
v -0.38050180673599243 0.5983202457427979 -0.5381528735160828 
v -0.42602041363716125 0.6989336609840393 -0.5071015357971191 
v -0.44517481327056885 0.8377934098243713 -0.4760870635509491 
v -0.3467664122581482 -0.0757744163274765 -0.5429589748382568 
v -0.38514256477355957 0.20756882429122925 -0.5377843976020813 
v -0.43329963088035583 0.3992565870285034 -0.5271788835525513 
v -0.4546244442462921 0.5176793932914734 -0.4875437617301941 
v -0.46074697375297546 0.5978743433952332 -0.4555826485157013 
v -0.4748612940311432 0.7059161067008972 -0.4093165397644043 
v -0.7268057465553284 0.657197117805481 0.02857905998826027 
v -0.7231283187866211 0.531821072101593 0.10551192611455917 
v -0.7391687631607056 0.6509029269218445 0.009695236571133137 
v -0.6708269715309143 0.30215901136398315 0.03410601243376732 
v -0.698161780834198 0.4562425911426544 0.003233697498217225 
v -0.66794353723526 0.5014024972915649 -0.05630619451403618 
v -0.645494818687439 0.059081871062517166 -0.058272819966077805 
v -0.6320831775665283 0.2799665033817291 -0.06854864209890366 
v -0.6247205138206482 0.39901405572891235 -0.04972798377275467 
v -0.6678940653800964 0.42390280961990356 0.002972134156152606 
v -0.6526974439620972 -0.23479942977428436 -0.013068905100226402 
v -0.6343237161636353 0.05612282454967499 -0.08221043646335602 
v -0.6245626211166382 0.3079490065574646 -0.040394145995378494 
v -0.649863600730896 0.4146502912044525 0.009352104738354683 
v -0.67044597864151 0.48071688413619995 0.05992722511291504 
v -0.6583317518234253 -0.5459016561508179 0.036820489913225174 
v -0.6600530743598938 -0.27241331338882446 -0.008772014640271664 
v -0.6773286461830139 0.08263333141803741 -0.008570702746510506 
v -0.6956386566162109 0.35596486926078796 0.03697904944419861 
v -0.6922873258590698 0.4725067615509033 0.045323554426431656 
v -0.687915563583374 0.583392322063446 0.02609582617878914 
v -0.4762212038040161 0.7679835557937622 0.313780277967453 
v -0.38576415181159973 0.6575371026992798 0.3602727949619293 
v -0.3577432930469513 0.7916597127914429 0.3673568069934845 
v -0.3429296314716339 0.4982326626777649 0.4604201018810272 
v -0.2705840766429901 0.6604915857315063 0.4670535624027252 
v -0.20009443163871765 0.7911432981491089 0.4715748727321625 
v -0.23041783273220062 0.2794739603996277 0.5236116051673889 
v -0.17919151484966278 0.5079317092895508 0.5149691104888916 
v -0.13427577912807465 0.6626017093658447 0.5341225266456604 
v -0.10730607807636261 0.8338232040405273 0.5489482879638672 
v -0.1508781760931015 0.057736366987228394 0.5478395223617554 
v -0.13185282051563263 0.2895508408546448 0.5550478100776672 
v -0.11527524143457413 0.4990744888782501 0.5681289434432983 
v -0.105403371155262 0.6892676949501038 0.5802833437919617 
v -0.09603828191757202 0.8839168548583984 0.6174055933952332 
v -0.12820787727832794 -0.38592246174812317 0.6008970737457275 
v -0.12843318283557892 -0.019871219992637634 0.6053923964500427 
v -0.11981204152107239 0.2529279589653015 0.6064172983169556 
v -0.10908672213554382 0.49869781732559204 0.6246160864830017 
v -0.08640090376138687 0.6998399496078491 0.6358181834220886 
v -0.05523442104458809 0.8366156220436096 0.6370292901992798 
v 0.2429872751235962 0.6843976378440857 0.39048585295677185 
v 0.29264596104621887 0.5997800230979919 0.3667294681072235 
v 0.3379673659801483 0.6761036515235901 0.335623562335968 
v 0.3292924761772156 0.4378749132156372 0.34406283497810364 
v 0.360068678855896 0.5823695063591003 0.31855088472366333 
v 0.3869626820087433 0.7090587615966797 0.2865774929523468 
v 0.35550612211227417 0.08173186331987381 0.32445549964904785 
v 0.375764936208725 0.39163658022880554 0.2924659848213196 
v 0.40241488814353943 0.6133252382278442 0.2550930380821228 
v 0.4245043098926544 0.7419254779815674 0.16385440528392792 
v 0.3722650706768036 -0.33898499608039856 0.30195456743240356 
v 0.38301965594291687 0.08733529597520828 0.26682376861572266 
v 0.4108612537384033 0.41895079612731934 0.20910638570785522 
v 0.43465766310691833 0.6393882632255554 0.07811769098043442 
v 0.46958109736442566 0.737159788608551 -0.058708079159259796 
v 0.3860974907875061 -0.6006823182106018 0.29217594861984253 
v 0.3985735774040222 -0.29911723732948303 0.24338595569133759 
v 0.43750202655792236 0.11797879636287689 0.13660797476768494 
v 0.4180145859718323 0.38410618901252747 -0.012517604045569897 
v 0.4655410349369049 0.6054025888442993 -0.13445918262004852 
v 0.464813232421875 0.7355483770370483 -0.1565905660390854 
v 0.18388837575912476 0.631809651851654 -0.40984100103378296 
v 0.23606494069099426 0.5196493268013 -0.40169671177864075 
v 0.12770439684391022 0.4868428409099579 -0.42855724692344666 
v 0.3353177011013031 0.3772094249725342 -0.4370777904987335 
v 0.17447499930858612 0.39628875255584717 -0.4394133985042572 
v 0.11471021920442581 0.40252572298049927 -0.4858364760875702 
v 0.4136734902858734 0.09685307741165161 -0.4542620778083801 
v 0.24537205696105957 0.15092916786670685 -0.44373419880867004 
v 0.15063674747943878 0.19726337492465973 -0.47044795751571655 
v 0.07154551893472672 0.16607438027858734 -0.4860331416130066 
v 0.47082310914993286 -0.2858657240867615 -0.44213220477104187 
v 0.3489885926246643 -0.17270837724208832 -0.44872915744781494 
v 0.1885760873556137 -0.09668701887130737 -0.4484268128871918 
v 0.14599107205867767 -0.05902308598160744 -0.499664306640625 
v -0.046853646636009216 -0.08606445789337158 -0.5402241945266724 
v 0.5103041529655457 -0.6951897740364075 -0.4414840638637543 
v 0.4543680250644684 -0.5638800859451294 -0.4440191686153412 
v 0.3642837703227997 -0.46051454544067383 -0.4642334580421448 
v 0.19982802867889404 -0.3717842400074005 -0.49460214376449585 
v -0.006557697895914316 -0.2775003910064697 -0.5470802783966064 
v -0.21620436012744904 -0.2645062804222107 -0.5497393012046814 
v -0.6122468709945679 0.5142431259155273 -0.17185759544372559 
v -0.5646767616271973 0.4406358003616333 -0.24051174521446228 
v -0.6578673124313354 0.44754892587661743 -0.016051605343818665 
v -0.5160173773765564 0.30822837352752686 -0.3636910021305084 
v -0.6060711741447449 0.2841663956642151 -0.11246370524168015 
v -0.6892039179801941 0.24547478556632996 0.013470390811562538 
v -0.48682838678359985 -0.017951732501387596 -0.47514480352401733 
v -0.5720621347427368 -0.07557648420333862 -0.30451542139053345 
v -0.6677567362785339 -0.10874404013156891 -0.04798779636621475 
v -0.6962862014770508 -0.12676973640918732 0.032312195748090744 
v -0.46877485513687134 -0.4257042407989502 -0.5042180418968201 
v -0.49868667125701904 -0.5258877277374268 -0.46907439827919006 
v -0.5951518416404724 -0.5730487704277039 -0.25709348917007446 
v -0.6906528472900391 -0.5356940627098083 -0.007790624629706144 
v -0.7051356434822083 -0.4736934006214142 0.10013818740844727 
v -0.4363907277584076 -0.8442983627319336 -0.5631908178329468 
v -0.4534730613231659 -0.9847760200500488 -0.5378103256225586 
v -0.4941616654396057 -0.8991353511810303 -0.48316699266433716 
v -0.5903202891349792 -0.8087711334228516 -0.26546773314476013 
v -0.6915631890296936 -0.7562965750694275 0.044540487229824066 
v -0.6970259547233582 -0.6771163940429688 0.1310194432735443 
v -0.6736496686935425 0.5573089122772217 0.18217554688453674 
v -0.6861275434494019 0.41886141896247864 0.14707177877426147 
v -0.6138877272605896 0.47395217418670654 0.2679126560688019 
v -0.6904138922691345 0.15527977049350739 0.12209919840097427 
v -0.6473724842071533 0.21096721291542053 0.21944043040275574 
v -0.5126864314079285 0.23666229844093323 0.3520805835723877 
v -0.7019321918487549 -0.27874135971069336 0.10034053027629852 
v -0.6769278049468994 -0.19574150443077087 0.1549730896949768 
v -0.5631259083747864 -0.08139614015817642 0.29410210251808167 
v -0.37705934047698975 0.02798854559659958 0.4104223847389221 
v -0.7087583541870117 -0.6784507036209106 0.0627412423491478 
v -0.6959044933319092 -0.6293236017227173 0.11971374601125717 
v -0.6518821120262146 -0.53705233335495 0.20894300937652588 
v -0.4466260075569153 -0.4333309531211853 0.39274585247039795 
v -0.24819888174533844 -0.34556761384010315 0.4990544021129608 
v -0.6783274412155151 -0.8128806352615356 0.07756543159484863 
v -0.6920516490936279 -0.8052178621292114 0.09362813085317612 
v -0.6989625096321106 -0.7314409017562866 0.13380616903305054 
v -0.5600807070732117 -0.7134931087493896 0.2769405245780945 
v -0.3177447021007538 -0.7165223360061646 0.46886301040649414 
v -0.20236393809318542 -0.720711886882782 0.5497403144836426 
v 0.020160725340247154 0.6026741862297058 0.5644968748092651 
v -0.03958048298954964 0.523868203163147 0.6129500865936279 
v 0.08727123588323593 0.5151705145835876 0.5256741046905518 
v -0.049399420619010925 0.3197197914123535 0.6450525522232056 
v -0.02075042575597763 0.35267189145088196 0.5893242955207825 
v 0.17642325162887573 0.33984410762786865 0.4602460265159607 
v -0.06301850825548172 -0.06617888063192368 0.6592865586280823 
v -0.06559569388628006 -0.036413658410310745 0.6124297976493835 
v 0.015767531469464302 -0.0935346856713295 0.5354568958282471 
v 0.2591618299484253 -0.16317108273506165 0.42535606026649475 
v -0.07237116992473602 -0.4740224778652191 0.6677077412605286 
v -0.07414624840021133 -0.46480298042297363 0.6315534114837646 
v -0.08109220117330551 -0.51436847448349 0.5659937858581543 
v 0.08584998548030853 -0.5593485236167908 0.4756500720977783 
v 0.31968948245048523 -0.5674999356269836 0.38657981157302856 
v -0.10875892639160156 -0.8285701274871826 0.686227560043335 
v -0.08071494847536087 -0.8214637041091919 0.6502990126609802 
v -0.09688837081193924 -0.7428919076919556 0.5993340015411377 
v -0.04559585452079773 -0.7166047692298889 0.5410990715026855 
v 0.16720230877399445 -0.6612539291381836 0.4364646077156067 
v 0.3266794681549072 -0.6323237419128418 0.3761419355869293 
v 0.5126890540122986 0.5050916075706482 -0.3327479362487793 
v 0.49803292751312256 0.340389221906662 -0.3254455626010895 
v 0.5011033415794373 0.35711967945098877 -0.3843492269515991 
v 0.490863561630249 0.07116882503032684 -0.26790276169776917 
v 0.5070890188217163 0.11171423643827438 -0.3570452034473419 
v 0.5123519897460938 0.14403274655342102 -0.45909953117370605 
v 0.49203693866729736 -0.3496268093585968 -0.19832131266593933 
v 0.5236263275146484 -0.29903125762939453 -0.33118221163749695 
v 0.5222434401512146 -0.2451571822166443 -0.422978937625885 
v 0.5668380856513977 -0.21214547753334045 -0.522261381149292 
v 0.4744498133659363 -0.6732702851295471 0.009205590933561325 
v 0.5125455856323242 -0.6765775084495544 -0.25330299139022827 
v 0.5372630953788757 -0.6469469666481018 -0.3849436640739441 
v 0.552952766418457 -0.6080508232116699 -0.45721712708473206 
v 0.5947055816650391 -0.6152939200401306 -0.5440652966499329 
v 0.418480783700943 -0.712256133556366 0.2576974630355835 
v 0.4643726348876953 -0.7547945976257324 -0.014550271444022655 
v 0.5144535303115845 -0.7933810949325562 -0.2897089123725891 
v 0.550072431564331 -0.8094019293785095 -0.4238791763782501 
v 0.5739530324935913 -0.8881506323814392 -0.48413124680519104 
v 0.6215169429779053 -0.9740366339683533 -0.5172529220581055 
v 0.5773289799690247 -1.1460769176483154 -0.4285336434841156 
v 0.46672916412353516 -1.08514404296875 -0.3755399286746979 
v 0.5754378437995911 -0.8477978706359863 -0.4293549060821533 
v 0.4236818552017212 -0.9230587482452393 -0.37173235416412354 
v 0.4087080657482147 -0.8837093114852905 -0.4177359342575073 
v 0.4611392319202423 -0.7754098176956177 -0.44437915086746216 
v 0.3381424844264984 -0.7819751501083374 -0.460431843996048 
v 0.2704301178455353 -0.8859299421310425 -0.4907335638999939 
v 0.22601063549518585 -0.8480814099311829 -0.46984928846359253 
v 0.16568130254745483 -0.7719423770904541 -0.4674087464809418 
v 0.1506003588438034 -0.7465823292732239 -0.45403656363487244 
v 0.061972685158252716 -0.8115488290786743 -0.5088086128234863 
v -0.023152848705649376 -0.9230949282646179 -0.5142635107040405 
v -0.08624240756034851 -0.8749476075172424 -0.4723583161830902 
v -0.1799638420343399 -0.7947481274604797 -0.46175551414489746 
v -0.0050235288217663765 -0.8349185585975647 -0.3294832706451416 
v -0.12167776376008987 -0.7973634600639343 -0.43973711133003235 
v -0.23339810967445374 -0.8637419939041138 -0.5193697214126587 
v -0.2940228283405304 -0.9628804326057434 -0.5330590605735779 
v -0.29834794998168945 -0.9301408529281616 -0.4635196030139923 
v -0.38530564308166504 -0.8568639159202576 -0.49319204688072205 
v -0.5288915634155273 -1.6169588565826416 -0.5014621019363403 
v -0.35880544781684875 -1.5478236675262451 -0.7131475210189819 
v -0.5915597677230835 -1.6267889738082886 -0.6466498970985413 
v -0.38005462288856506 -1.08977472782135 -0.691581666469574 
v -0.4521661698818207 -1.319656252861023 -0.6460530757904053 
v -0.5822427272796631 -1.1093199253082275 -0.6638708710670471 
v -0.4159153699874878 -0.8895440101623535 -0.5181158781051636 
v -0.40953078866004944 -0.982586681842804 -0.494463175535202 
v -0.4667336046695709 -0.9601629972457886 -0.4833150804042816 
v -0.5567640662193298 -0.858351469039917 -0.4365047812461853 
v -0.3899390995502472 -0.8903549909591675 -0.3444533944129944 
v -0.43698668479919434 -0.8800706267356873 -0.3519322872161865 
v -0.4633805751800537 -0.8896946907043457 -0.30760860443115234 
v -0.5524566769599915 -0.8542255759239197 -0.2242783010005951 
v -0.6734170913696289 -0.8330397605895996 -0.0629318505525589 
v -0.2899145185947418 -0.9150500893592834 -0.18951229751110077 
v -0.3995937407016754 -0.9056479930877686 -0.20014044642448425 
v -0.4658699333667755 -0.8945053219795227 -0.17484892904758453 
v -0.5529964566230774 -0.9323328733444214 -0.11033306270837784 
v -0.6638697385787964 -0.9555280208587646 0.0046709273010492325 
v -0.7010850310325623 -0.8808568716049194 0.097860187292099 
v -0.6480968594551086 -1.1015872955322266 0.0730290487408638 
v -0.6877492070198059 -1.1896533966064453 0.03613168001174927 
v -0.6826676726341248 -0.9518869519233704 0.04708012193441391 
v -0.5778626203536987 -1.0276201963424683 0.07735908776521683 
v -0.6793115139007568 -0.9820535778999329 0.10189155489206314 
v -0.7235367298126221 -0.8115209937095642 0.1126859039068222 
v -0.4563247859477997 -0.8721632957458496 0.11767552047967911 
v -0.5430706143379211 -0.8747902512550354 0.20705744624137878 
v -0.603111207485199 -0.903770923614502 0.2622748613357544 
v -0.5270097255706787 -0.8419367074966431 0.3044426143169403 
v -0.34283536672592163 -0.8520666360855103 0.11594665795564651 
v -0.381118506193161 -0.795462965965271 0.2770251929759979 
v -0.3978997766971588 -0.8410552144050598 0.4046960771083832 
v -0.379075825214386 -0.9493343234062195 0.49221670627593994 
v -0.2379351407289505 -0.8734488487243652 0.5475764274597168 
v -0.219132199883461 -0.8731648325920105 0.09521450102329254 
v -0.25488826632499695 -0.7992753982543945 0.24714264273643494 
v -0.24456079304218292 -0.7735634446144104 0.4086022675037384 
v -0.24041089415550232 -0.8842481374740601 0.5271483063697815 
v -0.27666783332824707 -1.0167121887207031 0.6213095188140869 
v -0.15209299325942993 -0.9297791719436646 0.6856886148452759 
v 0.7251325249671936 -1.4773536920547485 -0.4879753291606903 
v 0.6004949808120728 -1.3392844200134277 -0.440433531999588 
v 0.6832286715507507 -1.5030908584594727 -0.2536919414997101 
v 0.565593957901001 -0.9860255122184753 -0.3688318729400635 
v 0.6117615103721619 -1.1938097476959229 -0.28885263204574585 
v 0.6344802379608154 -1.100083827972412 -0.18221354484558105 
v 0.5082787275314331 -0.9322824478149414 -0.06995853781700134 
v 0.5539299249649048 -0.9228609800338745 -0.15901222825050354 
v 0.6004225015640259 -0.8914378881454468 -0.1827595978975296 
v 0.5624709129333496 -0.7883551716804504 -0.24468597769737244 
v 0.38949835300445557 -0.860538125038147 0.24871642887592316 
v 0.44334927201271057 -0.8469295501708984 0.11311859637498856 
v 0.5218833684921265 -0.793864905834198 -0.016092920675873756 
v 0.5145081281661987 -0.7797542810440063 -0.12944726645946503 
v 0.41303640604019165 -0.7907103300094604 -0.2442646026611328 
v 0.3074502944946289 -0.7527900338172913 0.4363200068473816 
v 0.3156522512435913 -0.7452411651611328 0.30629590153694153 
v 0.397121399641037 -0.735803484916687 0.17409394681453705 
v 0.4220184087753296 -0.7763906717300415 0.04985509812831879 
v 0.36414843797683716 -0.8284043073654175 -0.05942909047007561 
v 0.24252325296401978 -0.8531003594398499 -0.1503196805715561 
v -0.18768207728862762 -1.3730647563934326 0.8284359574317932 
v -0.12925250828266144 -1.3982996940612793 0.6286614537239075 
v -0.10822169482707977 -1.289544701576233 0.6155567169189453 
v -0.15074428915977478 -1.074245572090149 0.4283418357372284 
v -0.11431124061346054 -1.1475707292556763 0.43749186396598816 
v -0.10493309795856476 -0.9552309513092041 0.5148935317993164 
v -0.12604321539402008 -0.8300508856773376 0.3190789222717285 
v -0.08106054365634918 -0.9339823722839355 0.3360545039176941 
v 0.025715814903378487 -0.9481561779975891 0.41561099886894226 
v 0.05629248172044754 -0.833385169506073 0.5341673493385315 
v -0.05561593174934387 -0.7882652282714844 0.21741168200969696 
v 0.01967775821685791 -0.8053542375564575 0.2529146373271942 
v 0.1512114703655243 -0.8460261821746826 0.30055996775627136 
v 0.28292495012283325 -0.8492951393127441 0.3817654550075531 
v 0.2571854591369629 -0.7704298496246338 0.44675010442733765 
v 0.022647105157375336 -0.8401150107383728 0.11512653529644012 
v 0.11517483741044998 -0.8144148588180542 0.16660264134407043 
v 0.21921765804290771 -0.7924147248268127 0.21537208557128906 
v 0.3305981159210205 -0.7584483623504639 0.2626950442790985 
v 0.35489028692245483 -0.7297249436378479 0.33196279406547546 
v 0.31929948925971985 -0.6956680417060852 0.41557466983795166 
vt 0.18181900680065155 0.008594989776611328 
vt 0.19318300485610962 0.04978001117706299 
vt 0.1704549938440323 0.04978001117706299 
vt 0.27272799611091614 0.3380820155143738 
vt 0.2840920090675354 0.29689598083496094 
vt 0.2954550087451935 0.3380820155143738 
vt 0.9090909957885742 0.008594989776611328 
vt 0.9204549789428711 0.04978001117706299 
vt 0.8977270126342773 0.04978001117706299 
vt 0.7272729873657227 0.008594989776611328 
vt 0.7386369705200195 0.04978001117706299 
vt 0.7159090042114258 0.04978001117706299 
vt 0.5454549789428711 0.008594989776611328 
vt 0.5568190217018127 0.04978001117706299 
vt 0.5340909957885742 0.04978001117706299 
vt 0.2840920090675354 0.37926799058914185 
vt 0.09091000258922577 0.3380820155143738 
vt 0.11363700032234192 0.3380820155143738 
vt 0.10227400064468384 0.37926799058914185 
vt 0.8181819915771484 0.3380820155143738 
vt 0.8409090042114258 0.3380820155143738 
vt 0.8295459747314453 0.37926799058914185 
vt 0.6363639831542969 0.3380820155143738 
vt 0.6590909957885742 0.3380820155143738 
vt 0.6477280259132385 0.37926799058914185 
vt 0.4545460045337677 0.3380820155143738 
vt 0.47727298736572266 0.3380820155143738 
vt 0.4659099876880646 0.37926799058914185 
vt 0.26136401295661926 0.37926799058914185 
vt 0.0795459970831871 0.37926799058914185 
vt 0.8068180084228516 0.37926799058914185 
vt 0.625 0.37926799058914185 
vt 0.44318199157714844 0.37926799058914185 
vt 0.18181900680065155 0.6675670146942139 
vt 0.2045460045337677 0.6675670146942139 
vt 0.19318300485610962 0.7087529897689819 
vt 0.0 0.6675670146942139 
vt 0.0227269995957613 0.6675670146942139 
vt 0.011363999918103218 0.7087529897689819 
vt 0.7272729873657227 0.6675670146942139 
vt 0.75 0.6675670146942139 
vt 0.7386369705200195 0.7087529897689819 
vt 0.5454549789428711 0.6675670146942139 
vt 0.5681819915771484 0.6675670146942139 
vt 0.5568190217018127 0.7087529897689819 
vt 0.3636370003223419 0.6675670146942139 
vt 0.38636401295661926 0.6675670146942139 
vt 0.3750010132789612 0.7087529897689819 
vt 0.44318199157714844 0.9558690004050732 
vt 0.4659099876880646 0.9558690004050732 
vt 0.4545460045337677 0.9970549999270588 
vt 0.43181899189949036 0.914682999253273 
vt 0.4545460045337677 0.914682999253273 
vt 0.4204550087451935 0.8734969943761826 
vt 0.44318199157714844 0.8734969943761826 
vt 0.4090920090675354 0.8323110044002533 
vt 0.43181899189949036 0.8323110044002533 
vt 0.39772799611091614 0.7911249995231628 
vt 0.4204550087451935 0.7911249995231628 
vt 0.38636401295661926 0.7499389946460724 
vt 0.4090909957885742 0.7499389946460724 
vt 0.39772799611091614 0.7087529897689819 
vt 0.47727298736572266 0.914682999253273 
vt 0.4659099876880646 0.8734969943761826 
vt 0.4886370003223419 0.8734969943761826 
vt 0.4545460045337677 0.8323110044002533 
vt 0.47727298736572266 0.8323110044002533 
vt 0.5 0.8323110044002533 
vt 0.44318199157714844 0.7911249995231628 
vt 0.4659099876880646 0.7911249995231628 
vt 0.4886370003223419 0.7911249995231628 
vt 0.5113639831542969 0.7911249995231628 
vt 0.43181899189949036 0.7499389946460724 
vt 0.4545460045337677 0.7499389946460724 
vt 0.47727298736572266 0.7499389946460724 
vt 0.5 0.7499389946460724 
vt 0.5227280259132385 0.7499389946460724 
vt 0.4204550087451935 0.7087529897689819 
vt 0.44318199157714844 0.7087529897689819 
vt 0.4659099876880646 0.7087529897689819 
vt 0.4886370003223419 0.7087529897689819 
vt 0.5113639831542969 0.7087529897689819 
vt 0.5340909957885742 0.7087529897689819 
vt 0.4090909957885742 0.6675670146942139 
vt 0.43181899189949036 0.6675670146942139 
vt 0.4545460045337677 0.6675670146942139 
vt 0.47727298736572266 0.6675670146942139 
vt 0.5 0.6675670146942139 
vt 0.5227280259132385 0.6675670146942139 
vt 0.625 0.9558690004050732 
vt 0.6477280259132385 0.9558690004050732 
vt 0.6363639831542969 0.9970549999270588 
vt 0.6136369705200195 0.914682999253273 
vt 0.6363639831542969 0.914682999253273 
vt 0.6022729873657227 0.8734969943761826 
vt 0.625 0.8734969943761826 
vt 0.590910017490387 0.8323110044002533 
vt 0.6136369705200195 0.8323110044002533 
vt 0.5795459747314453 0.7911249995231628 
vt 0.6022729873657227 0.7911249995231628 
vt 0.5681819915771484 0.7499389946460724 
vt 0.5909090042114258 0.7499389946460724 
vt 0.5795459747314453 0.7087529897689819 
vt 0.6590909957885742 0.914682999253273 
vt 0.6477280259132385 0.8734969943761826 
vt 0.6704549789428711 0.8734969943761826 
vt 0.6363639831542969 0.8323110044002533 
vt 0.6590909957885742 0.8323110044002533 
vt 0.6818180084228516 0.8323110044002533 
vt 0.625 0.7911249995231628 
vt 0.6477280259132385 0.7911249995231628 
vt 0.6704549789428711 0.7911249995231628 
vt 0.6931819915771484 0.7911249995231628 
vt 0.6136369705200195 0.7499389946460724 
vt 0.6363639831542969 0.7499389946460724 
vt 0.6590909957885742 0.7499389946460724 
vt 0.6818180084228516 0.7499389946460724 
vt 0.7045459747314453 0.7499389946460724 
vt 0.6022729873657227 0.7087529897689819 
vt 0.625 0.7087529897689819 
vt 0.6477280259132385 0.7087529897689819 
vt 0.6704549789428711 0.7087529897689819 
vt 0.6931819915771484 0.7087529897689819 
vt 0.7159090042114258 0.7087529897689819 
vt 0.5909090042114258 0.6675670146942139 
vt 0.6136369705200195 0.6675670146942139 
vt 0.6363639831542969 0.6675670146942139 
vt 0.6590909957885742 0.6675670146942139 
vt 0.6818190217018127 0.6675670146942139 
vt 0.7045459747314453 0.6675670146942139 
vt 0.8068180084228516 0.9558690004050732 
vt 0.8295459747314453 0.9558690004050732 
vt 0.8181819915771484 0.9970549999270588 
vt 0.7954549789428711 0.914682999253273 
vt 0.8181819915771484 0.914682999253273 
vt 0.7840909957885742 0.8734969943761826 
vt 0.8068180084228516 0.8734969943761826 
vt 0.7727270126342773 0.8323110044002533 
vt 0.7954549789428711 0.8323110044002533 
vt 0.7613639831542969 0.7911249995231628 
vt 0.7840909957885742 0.7911249995231628 
vt 0.75 0.7499389946460724 
vt 0.7727270126342773 0.7499389946460724 
vt 0.7613639831542969 0.7087529897689819 
vt 0.8409090042114258 0.914682999253273 
vt 0.8295459747314453 0.8734969943761826 
vt 0.8522729873657227 0.8734969943761826 
vt 0.8181819915771484 0.8323110044002533 
vt 0.8409090042114258 0.8323110044002533 
vt 0.8636360168457031 0.8323110044002533 
vt 0.8068180084228516 0.7911249995231628 
vt 0.8295459747314453 0.7911249995231628 
vt 0.8522729873657227 0.7911249995231628 
vt 0.875 0.7911249995231628 
vt 0.7954549789428711 0.7499389946460724 
vt 0.8181819915771484 0.7499389946460724 
vt 0.8409090042114258 0.7499389946460724 
vt 0.8636360168457031 0.7499389946460724 
vt 0.8863639831542969 0.7499389946460724 
vt 0.7840909957885742 0.7087529897689819 
vt 0.8068180084228516 0.7087529897689819 
vt 0.8295459747314453 0.7087529897689819 
vt 0.8522729873657227 0.7087529897689819 
vt 0.875 0.7087529897689819 
vt 0.8977270126342773 0.7087529897689819 
vt 0.7727270126342773 0.6675670146942139 
vt 0.7954549789428711 0.6675670146942139 
vt 0.8181819915771484 0.6675670146942139 
vt 0.8409090042114258 0.6675670146942139 
vt 0.8636360168457031 0.6675670146942139 
vt 0.8863639831542969 0.6675670146942139 
vt 0.9090909957885742 0.6675670146942139 
vt 0.0795459970831871 0.9558690004050732 
vt 0.10227400064468384 0.9558690004050732 
vt 0.09091000258922577 0.9970549999270588 
vt 0.06818199902772903 0.914682999253273 
vt 0.09091000258922577 0.914682999253273 
vt 0.05681899935007095 0.8734969943761826 
vt 0.0795459970831871 0.8734969943761826 
vt 0.045455001294612885 0.8323110044002533 
vt 0.06818199902772903 0.8323110044002533 
vt 0.03409099951386452 0.7911249995231628 
vt 0.05681899935007095 0.7911249995231628 
vt 0.0227269995957613 0.7499389946460724 
vt 0.045455001294612885 0.7499389946460724 
vt 0.03409099951386452 0.7087529897689819 
vt 0.11363700032234192 0.914682999253273 
vt 0.10227300226688385 0.8734969943761826 
vt 0.1250009983778 0.8734969943761826 
vt 0.09091000258922577 0.8323110044002533 
vt 0.11363700032234192 0.8323110044002533 
vt 0.13636499643325806 0.8323110044002533 
vt 0.0795459970831871 0.7911249995231628 
vt 0.10227300226688385 0.7911249995231628 
vt 0.1250009983778 0.7911249995231628 
vt 0.14772799611091614 0.7911249995231628 
vt 0.06818199902772903 0.7499389946460724 
vt 0.09091000258922577 0.7499389946460724 
vt 0.11363700032234192 0.7499389946460724 
vt 0.13636399805545807 0.7499389946460724 
vt 0.1590919941663742 0.7499389946460724 
vt 0.056818000972270966 0.7087529897689819 
vt 0.0795459970831871 0.7087529897689819 
vt 0.10227300226688385 0.7087529897689819 
vt 0.1250009983778 0.7087529897689819 
vt 0.14772799611091614 0.7087529897689819 
vt 0.1704549938440323 0.7087529897689819 
vt 0.045455001294612885 0.6675670146942139 
vt 0.06818199902772903 0.6675670146942139 
vt 0.09091000258922577 0.6675670146942139 
vt 0.11363700032234192 0.6675670146942139 
vt 0.13636399805545807 0.6675670146942139 
vt 0.1590919941663742 0.6675670146942139 
vt 0.26136401295661926 0.9558690004050732 
vt 0.2840920090675354 0.9558690004050732 
vt 0.27272799611091614 0.9970549999270588 
vt 0.2500010132789612 0.914682999253273 
vt 0.27272799611091614 0.914682999253273 
vt 0.23863700032234192 0.8734969943761826 
vt 0.26136401295661926 0.8734969943761826 
vt 0.22727300226688385 0.8323110044002533 
vt 0.2500010132789612 0.8323110044002533 
vt 0.21591000258922577 0.7911249995231628 
vt 0.23863700032234192 0.7911249995231628 
vt 0.2045460045337677 0.7499389946460724 
vt 0.22727300226688385 0.7499389946460724 
vt 0.21591000258922577 0.7087529897689819 
vt 0.2954550087451935 0.914682999253273 
vt 0.2840920090675354 0.8734969943761826 
vt 0.30681899189949036 0.8734969943761826 
vt 0.27272799611091614 0.8323110044002533 
vt 0.2954550087451935 0.8323110044002533 
vt 0.31818199157714844 0.8323110044002533 
vt 0.26136401295661926 0.7911249995231628 
vt 0.2840920090675354 0.7911249995231628 
vt 0.30681899189949036 0.7911249995231628 
vt 0.3295460045337677 0.7911249995231628 
vt 0.2500010132789612 0.7499389946460724 
vt 0.27272799611091614 0.7499389946460724 
vt 0.2954550087451935 0.7499389946460724 
vt 0.31818199157714844 0.7499389946460724 
vt 0.3409099876880646 0.7499389946460724 
vt 0.23863700032234192 0.7087529897689819 
vt 0.26136401295661926 0.7087529897689819 
vt 0.2840920090675354 0.7087529897689819 
vt 0.30681899189949036 0.7087529897689819 
vt 0.3295460045337677 0.7087529897689819 
vt 0.35227298736572266 0.7087529897689819 
vt 0.22727400064468384 0.6675670146942139 
vt 0.2500010132789612 0.6675670146942139 
vt 0.27272799611091614 0.6675670146942139 
vt 0.2954550087451935 0.6675670146942139 
vt 0.3181830048561096 0.6675670146942139 
vt 0.3409099876880646 0.6675670146942139 
vt 0.3750010132789612 0.6263819932937622 
vt 0.38636401295661926 0.5851959884166718 
vt 0.39772799611091614 0.6263819932937622 
vt 0.39772799611091614 0.5440100133419037 
vt 0.4090920090675354 0.5851959884166718 
vt 0.4090920090675354 0.502824991941452 
vt 0.4204550087451935 0.5440100133419037 
vt 0.4204550087451935 0.4616389870643616 
vt 0.43181899189949036 0.502824991941452 
vt 0.43181899189949036 0.4204530119895935 
vt 0.44318199157714844 0.4616389870643616 
vt 0.4545460045337677 0.4204530119895935 
vt 0.4204550087451935 0.6263819932937622 
vt 0.43181899189949036 0.5851959884166718 
vt 0.44318199157714844 0.6263819932937622 
vt 0.44318199157714844 0.5440100133419037 
vt 0.4545460045337677 0.5851959884166718 
vt 0.4659099876880646 0.6263819932937622 
vt 0.4545460045337677 0.502824991941452 
vt 0.4659099876880646 0.5440100133419037 
vt 0.47727298736572266 0.5851959884166718 
vt 0.4886370003223419 0.6263819932937622 
vt 0.4659099876880646 0.4616389870643616 
vt 0.47727298736572266 0.502824991941452 
vt 0.4886370003223419 0.5440100133419037 
vt 0.5 0.5851959884166718 
vt 0.5113639831542969 0.6263819932937622 
vt 0.47727298736572266 0.4204530119895935 
vt 0.4886370003223419 0.4616389870643616 
vt 0.5 0.502824991941452 
vt 0.5113639831542969 0.5440100133419037 
vt 0.5227280259132385 0.5851959884166718 
vt 0.5340909957885742 0.6263819932937622 
vt 0.5568190217018127 0.6263819932937622 
vt 0.5681819915771484 0.5851959884166718 
vt 0.5795459747314453 0.6263819932937622 
vt 0.5795459747314453 0.5440100133419037 
vt 0.590910017490387 0.5851959884166718 
vt 0.590910017490387 0.502824991941452 
vt 0.6022729873657227 0.5440100133419037 
vt 0.6022729873657227 0.4616389870643616 
vt 0.6136369705200195 0.502824991941452 
vt 0.6136369705200195 0.4204530119895935 
vt 0.625 0.4616389870643616 
vt 0.6363639831542969 0.4204530119895935 
vt 0.6022729873657227 0.6263819932937622 
vt 0.6136369705200195 0.5851959884166718 
vt 0.625 0.6263819932937622 
vt 0.625 0.5440100133419037 
vt 0.6363639831542969 0.5851959884166718 
vt 0.6477280259132385 0.6263819932937622 
vt 0.6363639831542969 0.502824991941452 
vt 0.6477280259132385 0.5440100133419037 
vt 0.6590909957885742 0.5851959884166718 
vt 0.6704549789428711 0.6263819932937622 
vt 0.6477280259132385 0.4616389870643616 
vt 0.6590909957885742 0.502824991941452 
vt 0.6704549789428711 0.5440100133419037 
vt 0.6818180084228516 0.5851959884166718 
vt 0.6931819915771484 0.6263819932937622 
vt 0.6590909957885742 0.4204530119895935 
vt 0.6704549789428711 0.4616389870643616 
vt 0.6818180084228516 0.502824991941452 
vt 0.6931819915771484 0.5440100133419037 
vt 0.7045459747314453 0.5851959884166718 
vt 0.7159090042114258 0.6263819932937622 
vt 0.7386369705200195 0.6263819932937622 
vt 0.75 0.5851959884166718 
vt 0.7613639831542969 0.6263819932937622 
vt 0.7613639831542969 0.5440100133419037 
vt 0.7727270126342773 0.5851959884166718 
vt 0.7727270126342773 0.502824991941452 
vt 0.7840909957885742 0.5440100133419037 
vt 0.7840909957885742 0.4616389870643616 
vt 0.7954549789428711 0.502824991941452 
vt 0.7954549789428711 0.4204530119895935 
vt 0.8068180084228516 0.4616389870643616 
vt 0.8181819915771484 0.4204530119895935 
vt 0.7840909957885742 0.6263819932937622 
vt 0.7954549789428711 0.5851959884166718 
vt 0.8068180084228516 0.6263819932937622 
vt 0.8068180084228516 0.5440100133419037 
vt 0.8181819915771484 0.5851959884166718 
vt 0.8295459747314453 0.6263819932937622 
vt 0.8181819915771484 0.502824991941452 
vt 0.8295459747314453 0.5440100133419037 
vt 0.8409090042114258 0.5851959884166718 
vt 0.8522729873657227 0.6263819932937622 
vt 0.8295459747314453 0.4616389870643616 
vt 0.8409090042114258 0.502824991941452 
vt 0.8522729873657227 0.5440100133419037 
vt 0.8636360168457031 0.5851959884166718 
vt 0.875 0.6263819932937622 
vt 0.8409090042114258 0.4204530119895935 
vt 0.8522729873657227 0.4616389870643616 
vt 0.8636360168457031 0.502824991941452 
vt 0.875 0.5440100133419037 
vt 0.8863639831542969 0.5851959884166718 
vt 0.8977270126342773 0.6263819932937622 
vt 0.011363999918103218 0.6263819932937622 
vt 0.0227269995957613 0.5851959884166718 
vt 0.03409099951386452 0.6263819932937622 
vt 0.03409099951386452 0.5440100133419037 
vt 0.045455001294612885 0.5851959884166718 
vt 0.045455001294612885 0.502824991941452 
vt 0.05681899935007095 0.5440100133419037 
vt 0.05681899935007095 0.4616389870643616 
vt 0.06818199902772903 0.502824991941452 
vt 0.06818199902772903 0.4204530119895935 
vt 0.0795459970831871 0.4616389870643616 
vt 0.09091000258922577 0.4204530119895935 
vt 0.05681899935007095 0.6263819932937622 
vt 0.06818199902772903 0.5851959884166718 
vt 0.0795459970831871 0.6263819932937622 
vt 0.0795459970831871 0.5440100133419037 
vt 0.09091000258922577 0.5851959884166718 
vt 0.10227300226688385 0.6263819932937622 
vt 0.09091000258922577 0.502824991941452 
vt 0.10227300226688385 0.5440100133419037 
vt 0.11363700032234192 0.5851959884166718 
vt 0.1250009983778 0.6263819932937622 
vt 0.10227300226688385 0.4616389870643616 
vt 0.11363700032234192 0.502824991941452 
vt 0.1250009983778 0.5440100133419037 
vt 0.13636399805545807 0.5851959884166718 
vt 0.14772799611091614 0.6263819932937622 
vt 0.11363700032234192 0.4204530119895935 
vt 0.1250009983778 0.4616389870643616 
vt 0.13636499643325806 0.502824991941452 
vt 0.14772799611091614 0.5440100133419037 
vt 0.1590919941663742 0.5851959884166718 
vt 0.1704549938440323 0.6263819932937622 
vt 0.19318300485610962 0.6263819932937622 
vt 0.2045460045337677 0.5851959884166718 
vt 0.21591000258922577 0.6263819932937622 
vt 0.21591000258922577 0.5440100133419037 
vt 0.22727400064468384 0.5851959884166718 
vt 0.22727300226688385 0.502824991941452 
vt 0.23863700032234192 0.5440100133419037 
vt 0.23863700032234192 0.4616389870643616 
vt 0.2500010132789612 0.502824991941452 
vt 0.2500010132789612 0.4204530119895935 
vt 0.26136401295661926 0.4616389870643616 
vt 0.27272799611091614 0.4204530119895935 
vt 0.23863700032234192 0.6263819932937622 
vt 0.2500010132789612 0.5851959884166718 
vt 0.26136401295661926 0.6263819932937622 
vt 0.26136401295661926 0.5440100133419037 
vt 0.27272799611091614 0.5851959884166718 
vt 0.2840920090675354 0.6263819932937622 
vt 0.27272799611091614 0.502824991941452 
vt 0.2840920090675354 0.5440100133419037 
vt 0.2954550087451935 0.5851959884166718 
vt 0.30681899189949036 0.6263819932937622 
vt 0.2840920090675354 0.4616389870643616 
vt 0.2954550087451935 0.502824991941452 
vt 0.30681899189949036 0.5440100133419037 
vt 0.31818199157714844 0.5851959884166718 
vt 0.3295460045337677 0.6263819932937622 
vt 0.2954550087451935 0.4204530119895935 
vt 0.30681899189949036 0.4616389870643616 
vt 0.31818199157714844 0.502824991941452 
vt 0.3295460045337677 0.5440100133419037 
vt 0.3409099876880646 0.5851959884166718 
vt 0.35227298736572266 0.6263819932937622 
vt 0.5454549789428711 0.5851959884166718 
vt 0.5340909957885742 0.5440100133419037 
vt 0.5227280259132385 0.502824991941452 
vt 0.5113639831542969 0.4616389870643616 
vt 0.5 0.4204530119895935 
vt 0.4886370003223419 0.37926799058914185 
vt 0.5568190217018127 0.5440100133419037 
vt 0.5454549789428711 0.502824991941452 
vt 0.5681819915771484 0.502824991941452 
vt 0.5340909957885742 0.4616389870643616 
vt 0.5568190217018127 0.4616389870643616 
vt 0.5795459747314453 0.4616389870643616 
vt 0.5227280259132385 0.4204530119895935 
vt 0.5454549789428711 0.4204530119895935 
vt 0.5681819915771484 0.4204530119895935 
vt 0.5909090042114258 0.4204530119895935 
vt 0.5113639831542969 0.37926799058914185 
vt 0.5340909957885742 0.37926799058914185 
vt 0.5568190217018127 0.37926799058914185 
vt 0.5795459747314453 0.37926799058914185 
vt 0.6022729873657227 0.37926799058914185 
vt 0.5 0.3380820155143738 
vt 0.5227280259132385 0.3380820155143738 
vt 0.5454549789428711 0.3380820155143738 
vt 0.5681819915771484 0.3380820155143738 
vt 0.5909090042114258 0.3380820155143738 
vt 0.6136369705200195 0.3380820155143738 
vt 0.7272729873657227 0.5851959884166718 
vt 0.7159090042114258 0.5440100133419037 
vt 0.7045459747314453 0.502824991941452 
vt 0.6931819915771484 0.4616389870643616 
vt 0.6818180084228516 0.4204530119895935 
vt 0.6704549789428711 0.37926799058914185 
vt 0.7386369705200195 0.5440100133419037 
vt 0.7272729873657227 0.502824991941452 
vt 0.75 0.502824991941452 
vt 0.7159090042114258 0.4616389870643616 
vt 0.7386369705200195 0.4616389870643616 
vt 0.7613639831542969 0.4616389870643616 
vt 0.7045459747314453 0.4204530119895935 
vt 0.7272729873657227 0.4204530119895935 
vt 0.75 0.4204530119895935 
vt 0.7727270126342773 0.4204530119895935 
vt 0.6931819915771484 0.37926799058914185 
vt 0.7159090042114258 0.37926799058914185 
vt 0.7386369705200195 0.37926799058914185 
vt 0.7613639831542969 0.37926799058914185 
vt 0.7840909957885742 0.37926799058914185 
vt 0.6818180084228516 0.3380820155143738 
vt 0.7045459747314453 0.3380820155143738 
vt 0.7272729873657227 0.3380820155143738 
vt 0.75 0.3380820155143738 
vt 0.7727270126342773 0.3380820155143738 
vt 0.7954549789428711 0.3380820155143738 
vt 0.9204549789428711 0.6263819932937622 
vt 0.9090909957885742 0.5851959884166718 
vt 0.8977270126342773 0.5440100133419037 
vt 0.8863639831542969 0.502824991941452 
vt 0.875 0.4616389870643616 
vt 0.8636360168457031 0.4204530119895935 
vt 0.8522729873657227 0.37926799058914185 
vt 0.9318180084228516 0.5851959884166718 
vt 0.9204549789428711 0.5440100133419037 
vt 0.9431819915771484 0.5440100133419037 
vt 0.9090909957885742 0.502824991941452 
vt 0.9318180084228516 0.502824991941452 
vt 0.9545450210571289 0.502824991941452 
vt 0.8977270126342773 0.4616389870643616 
vt 0.9204549789428711 0.4616389870643616 
vt 0.9431819915771484 0.4616389870643616 
vt 0.9659090042114258 0.4616389870643616 
vt 0.8863639831542969 0.4204530119895935 
vt 0.9090909957885742 0.4204530119895935 
vt 0.9318180084228516 0.4204530119895935 
vt 0.9545450210571289 0.4204530119895935 
vt 0.9772729873657227 0.4204530119895935 
vt 0.875 0.37926799058914185 
vt 0.8977270126342773 0.37926799058914185 
vt 0.9204549789428711 0.37926799058914185 
vt 0.9431819915771484 0.37926799058914185 
vt 0.9659090042114258 0.37926799058914185 
vt 0.9886360168457031 0.37926799058914185 
vt 0.8636360168457031 0.3380820155143738 
vt 0.8863639831542969 0.3380820155143738 
vt 0.9090909957885742 0.3380820155143738 
vt 0.9318180084228516 0.3380820155143738 
vt 0.9545450210571289 0.3380820155143738 
vt 0.9772729873657227 0.3380820155143738 
vt 1.0 0.3380820155143738 
vt 0.18181900680065155 0.5851959884166718 
vt 0.1704549938440323 0.5440100133419037 
vt 0.1590919941663742 0.502824991941452 
vt 0.14772799611091614 0.4616389870643616 
vt 0.13636399805545807 0.4204530119895935 
vt 0.1250009983778 0.37926799058914185 
vt 0.19318300485610962 0.5440100133419037 
vt 0.18181900680065155 0.502824991941452 
vt 0.2045460045337677 0.502824991941452 
vt 0.1704549938440323 0.4616389870643616 
vt 0.19318300485610962 0.4616389870643616 
vt 0.21591000258922577 0.4616389870643616 
vt 0.1590919941663742 0.4204530119895935 
vt 0.18181900680065155 0.4204530119895935 
vt 0.2045460045337677 0.4204530119895935 
vt 0.22727300226688385 0.4204530119895935 
vt 0.14772799611091614 0.37926799058914185 
vt 0.1704549938440323 0.37926799058914185 
vt 0.19318300485610962 0.37926799058914185 
vt 0.21591000258922577 0.37926799058914185 
vt 0.23863700032234192 0.37926799058914185 
vt 0.13636399805545807 0.3380820155143738 
vt 0.1590919941663742 0.3380820155143738 
vt 0.18181900680065155 0.3380820155143738 
vt 0.2045460045337677 0.3380820155143738 
vt 0.22727300226688385 0.3380820155143738 
vt 0.2500010132789612 0.3380820155143738 
vt 0.3636370003223419 0.5851959884166718 
vt 0.35227298736572266 0.5440100133419037 
vt 0.3409099876880646 0.502824991941452 
vt 0.3295460045337677 0.4616389870643616 
vt 0.31818199157714844 0.4204530119895935 
vt 0.30681899189949036 0.37926799058914185 
vt 0.3750010132789612 0.5440100133419037 
vt 0.3636370003223419 0.502824991941452 
vt 0.38636401295661926 0.502824991941452 
vt 0.35227298736572266 0.4616389870643616 
vt 0.3750010132789612 0.4616389870643616 
vt 0.39772799611091614 0.4616389870643616 
vt 0.3409099876880646 0.4204530119895935 
vt 0.3636370003223419 0.4204530119895935 
vt 0.38636401295661926 0.4204530119895935 
vt 0.4090920090675354 0.4204530119895935 
vt 0.3295460045337677 0.37926799058914185 
vt 0.35227298736572266 0.37926799058914185 
vt 0.3750010132789612 0.37926799058914185 
vt 0.39772799611091614 0.37926799058914185 
vt 0.4204550087451935 0.37926799058914185 
vt 0.31818199157714844 0.3380820155143738 
vt 0.3409099876880646 0.3380820155143738 
vt 0.3636370003223419 0.3380820155143738 
vt 0.38636401295661926 0.3380820155143738 
vt 0.4090920090675354 0.3380820155143738 
vt 0.43181899189949036 0.3380820155143738 
vt 0.4659099876880646 0.29689598083496094 
vt 0.47727298736572266 0.25571000576019287 
vt 0.4886370003223419 0.29689598083496094 
vt 0.4886370003223419 0.21452397108078003 
vt 0.5 0.25571000576019287 
vt 0.5 0.17333799600601196 
vt 0.5113639831542969 0.21452397108078003 
vt 0.5113639831542969 0.1321520209312439 
vt 0.5227280259132385 0.17333799600601196 
vt 0.5227280259132385 0.09096598625183105 
vt 0.5340909957885742 0.1321520209312439 
vt 0.5454549789428711 0.09096598625183105 
vt 0.5113639831542969 0.29689598083496094 
vt 0.5227280259132385 0.25571000576019287 
vt 0.5340909957885742 0.29689598083496094 
vt 0.5340909957885742 0.21452397108078003 
vt 0.5454549789428711 0.25571000576019287 
vt 0.5568190217018127 0.29689598083496094 
vt 0.5454549789428711 0.17333799600601196 
vt 0.5568190217018127 0.21452397108078003 
vt 0.5681819915771484 0.25571000576019287 
vt 0.5795459747314453 0.29689598083496094 
vt 0.5568190217018127 0.1321520209312439 
vt 0.5681819915771484 0.17333799600601196 
vt 0.5795459747314453 0.21452397108078003 
vt 0.5909090042114258 0.25571000576019287 
vt 0.6022729873657227 0.29689598083496094 
vt 0.5681819915771484 0.09096598625183105 
vt 0.5795459747314453 0.1321520209312439 
vt 0.590910017490387 0.17333799600601196 
vt 0.6022729873657227 0.21452397108078003 
vt 0.6136369705200195 0.25571000576019287 
vt 0.625 0.29689598083496094 
vt 0.6477280259132385 0.29689598083496094 
vt 0.6590909957885742 0.25571000576019287 
vt 0.6704549789428711 0.29689598083496094 
vt 0.6704549789428711 0.21452397108078003 
vt 0.6818180084228516 0.25571000576019287 
vt 0.6818180084228516 0.17333799600601196 
vt 0.6931819915771484 0.21452397108078003 
vt 0.6931819915771484 0.1321520209312439 
vt 0.7045459747314453 0.17333799600601196 
vt 0.7045459747314453 0.09096598625183105 
vt 0.7159090042114258 0.1321520209312439 
vt 0.7272729873657227 0.09096598625183105 
vt 0.6931819915771484 0.29689598083496094 
vt 0.7045459747314453 0.25571000576019287 
vt 0.7159090042114258 0.29689598083496094 
vt 0.7159090042114258 0.21452397108078003 
vt 0.7272729873657227 0.25571000576019287 
vt 0.7386369705200195 0.29689598083496094 
vt 0.7272729873657227 0.17333799600601196 
vt 0.7386369705200195 0.21452397108078003 
vt 0.75 0.25571000576019287 
vt 0.7613639831542969 0.29689598083496094 
vt 0.7386369705200195 0.1321520209312439 
vt 0.75 0.17333799600601196 
vt 0.7613639831542969 0.21452397108078003 
vt 0.7727270126342773 0.25571000576019287 
vt 0.7840909957885742 0.29689598083496094 
vt 0.75 0.09096598625183105 
vt 0.7613639831542969 0.1321520209312439 
vt 0.7727270126342773 0.17333799600601196 
vt 0.7840909957885742 0.21452397108078003 
vt 0.7954549789428711 0.25571000576019287 
vt 0.8068180084228516 0.29689598083496094 
vt 0.8295459747314453 0.29689598083496094 
vt 0.8409090042114258 0.25571000576019287 
vt 0.8522729873657227 0.29689598083496094 
vt 0.8522729873657227 0.21452397108078003 
vt 0.8636360168457031 0.25571000576019287 
vt 0.8636360168457031 0.17333799600601196 
vt 0.875 0.21452397108078003 
vt 0.875 0.1321520209312439 
vt 0.8863639831542969 0.17333799600601196 
vt 0.8863639831542969 0.09096598625183105 
vt 0.8977270126342773 0.1321520209312439 
vt 0.9090909957885742 0.09096598625183105 
vt 0.875 0.29689598083496094 
vt 0.8863639831542969 0.25571000576019287 
vt 0.8977270126342773 0.29689598083496094 
vt 0.8977270126342773 0.21452397108078003 
vt 0.9090909957885742 0.25571000576019287 
vt 0.9204549789428711 0.29689598083496094 
vt 0.9090909957885742 0.17333799600601196 
vt 0.9204549789428711 0.21452397108078003 
vt 0.9318180084228516 0.25571000576019287 
vt 0.9431819915771484 0.29689598083496094 
vt 0.9204549789428711 0.1321520209312439 
vt 0.9318180084228516 0.17333799600601196 
vt 0.9431819915771484 0.21452397108078003 
vt 0.9545450210571289 0.25571000576019287 
vt 0.9659090042114258 0.29689598083496094 
vt 0.9318180084228516 0.09096598625183105 
vt 0.9431819915771484 0.1321520209312439 
vt 0.9545450210571289 0.17333799600601196 
vt 0.9659090042114258 0.21452397108078003 
vt 0.9772729873657227 0.25571000576019287 
vt 0.9886360168457031 0.29689598083496094 
vt 0.44318199157714844 0.29689598083496094 
vt 0.4204550087451935 0.29689598083496094 
vt 0.39772799611091614 0.29689598083496094 
vt 0.3750010132789612 0.29689598083496094 
vt 0.35227298736572266 0.29689598083496094 
vt 0.3295460045337677 0.29689598083496094 
vt 0.30681899189949036 0.29689598083496094 
vt 0.43181899189949036 0.25571000576019287 
vt 0.4090909957885742 0.25571000576019287 
vt 0.4204550087451935 0.21452397108078003 
vt 0.38636401295661926 0.25571000576019287 
vt 0.39772799611091614 0.21452397108078003 
vt 0.4090920090675354 0.17333799600601196 
vt 0.3636370003223419 0.25571000576019287 
vt 0.3750010132789612 0.21452397108078003 
vt 0.38636401295661926 0.17333799600601196 
vt 0.39772799611091614 0.1321520209312439 
vt 0.3409099876880646 0.25571000576019287 
vt 0.35227298736572266 0.21452397108078003 
vt 0.3636370003223419 0.17333799600601196 
vt 0.3750010132789612 0.1321520209312439 
vt 0.38636401295661926 0.09096598625183105 
vt 0.31818199157714844 0.25571000576019287 
vt 0.3295460045337677 0.21452397108078003 
vt 0.3409099876880646 0.17333799600601196 
vt 0.35227298736572266 0.1321520209312439 
vt 0.3636370003223419 0.09096598625183105 
vt 0.3750010132789612 0.04978001117706299 
vt 0.2954550087451935 0.25571000576019287 
vt 0.30681899189949036 0.21452397108078003 
vt 0.31818199157714844 0.17333799600601196 
vt 0.3295460045337677 0.1321520209312439 
vt 0.3409099876880646 0.09096598625183105 
vt 0.35227298736572266 0.04978001117706299 
vt 0.3636370003223419 0.008594989776611328 
vt 0.10227400064468384 0.29689598083496094 
vt 0.11363700032234192 0.25571000576019287 
vt 0.1250009983778 0.29689598083496094 
vt 0.1250009983778 0.21452397108078003 
vt 0.13636499643325806 0.25571000576019287 
vt 0.13636499643325806 0.17333799600601196 
vt 0.14772799611091614 0.21452397108078003 
vt 0.14772799611091614 0.1321520209312439 
vt 0.1590919941663742 0.17333799600601196 
vt 0.1590919941663742 0.09096598625183105 
vt 0.1704549938440323 0.1321520209312439 
vt 0.18181900680065155 0.09096598625183105 
vt 0.14772799611091614 0.29689598083496094 
vt 0.1590919941663742 0.25571000576019287 
vt 0.1704549938440323 0.29689598083496094 
vt 0.1704549938440323 0.21452397108078003 
vt 0.18181900680065155 0.25571000576019287 
vt 0.19318300485610962 0.29689598083496094 
vt 0.18181900680065155 0.17333799600601196 
vt 0.19318300485610962 0.21452397108078003 
vt 0.2045460045337677 0.25571000576019287 
vt 0.21591000258922577 0.29689598083496094 
vt 0.19318300485610962 0.1321520209312439 
vt 0.2045460045337677 0.17333799600601196 
vt 0.21591000258922577 0.21452397108078003 
vt 0.22727300226688385 0.25571000576019287 
vt 0.23863700032234192 0.29689598083496094 
vt 0.2045460045337677 0.09096598625183105 
vt 0.21591000258922577 0.1321520209312439 
vt 0.22727400064468384 0.17333799600601196 
vt 0.23863700032234192 0.21452397108078003 
vt 0.2500010132789612 0.25571000576019287 
vt 0.26136401295661926 0.29689598083496094 
vn 0.02280000038444996 -0.9973000288009644 0.07010000199079514
vn 0.7254999876022339 -0.49939998984336853 0.47350001335144043
vn -0.059700001031160355 -0.9973000288009644 0.04340000078082085
vn -0.059700001031160355 -0.9973000288009644 -0.04340000078082085
vn 0.02280000038444996 -0.9973000288009644 -0.07010000199079514
vn 0.7710999846458435 -0.42559999227523804 0.47350001335144043
vn -0.21209999918937683 -0.42559999227523804 0.8797000050544739
vn -0.9021999835968018 -0.42559999227523804 0.07010000199079514
vn -0.34549999237060547 -0.42559999227523804 -0.8363000154495239
vn 0.6887000203132629 -0.42559999227523804 -0.5870000123977661
vn 0.7483000159263611 -0.3799999952316284 0.5436999797821045
vn -0.2858000099658966 -0.3799999952316284 0.8797000050544739
vn -0.925000011920929 -0.3799999952316284 0.0
vn -0.2858000099658966 -0.3799999952316284 -0.8797000050544739
vn 0.7483000159263611 -0.3799999952316284 -0.5436999797821045
vn 0.3086000084877014 0.49939998984336853 0.8095999956130981
vn -0.6746000051498413 0.49939998984336853 0.5436999797821045
vn -0.7254999876022339 0.49939998984336853 -0.47350001335144043
vn 0.22619999945163727 0.49939998984336853 -0.8363000154495239
vn 0.8652999997138977 0.49939998984336853 -0.04340000078082085
vn 0.059700001031160355 0.9973000288009644 -0.04340000078082085
vn 0.18539999425411224 0.9817000031471252 -0.043299999088048935
vn 0.32100000977516174 0.9460999965667725 -0.042899999767541885
vn 0.4586000144481659 0.8876000046730042 -0.042500000447034836
vn 0.5888000130653381 0.807200014591217 -0.042500000447034836
vn 0.7027000188827515 0.7102000117301941 -0.042899999767541885
vn 0.7950999736785889 0.6049000024795532 -0.043299999088048935
vn 0.10450000315904617 0.991599977016449 -0.07590000331401825
vn 0.09849999845027924 0.9817000031471252 -0.16300000250339508
vn 0.23989999294281006 0.967199981212616 -0.08290000259876251
vn 0.23389999568462372 0.9573000073432922 -0.16990000009536743
vn 0.15299999713897705 0.967199981212616 -0.20260000228881836
vn 0.14000000059604645 0.9460999965667725 -0.2919999957084656
vn 0.3828999996185303 0.9196000099182129 -0.08789999783039093
vn 0.376800000667572 0.9096999764442444 -0.1745000034570694
vn 0.2955000102519989 0.930899977684021 -0.21469999849796295
vn 0.2824000120162964 0.9096999764442444 -0.304500013589859
vn 0.20200000703334808 0.9196000099182129 -0.3370000123977661
vn 0.18219999969005585 0.8876000046730042 -0.4230000078678131
vn 0.5235999822616577 0.8471999764442444 -0.08980000019073486
vn 0.5174999833106995 0.8374000191688538 -0.17599999904632568
vn 0.4415999948978424 0.8694000244140625 -0.2214999943971634
vn 0.4284999966621399 0.8482000231742859 -0.31130000948905945
vn 0.3472000062465668 0.8694000244140625 -0.351500004529953
vn 0.3273000121116638 0.8374000191688538 -0.43779999017715454
vn 0.24719999730587006 0.8471999764442444 -0.4702000021934509
vn 0.2223999947309494 0.807200014591217 -0.5468000173568726
vn 0.6513000130653381 0.7537000179290771 -0.08789999783039093
vn 0.6450999975204468 0.7439000010490417 -0.1745000034570694
vn 0.5800999999046326 0.7838000059127808 -0.2214999943971634
vn 0.5669999718666077 0.7626000046730042 -0.31130000948905945
vn 0.491100013256073 0.794700026512146 -0.35679998993873596
vn 0.47130000591278076 0.7626000046730042 -0.4431000053882599
vn 0.38999998569488525 0.7838000059127808 -0.48330000042915344
vn 0.3652999997138977 0.7439000010490417 -0.5595999956130981
vn 0.2849000096321106 0.7537000179290771 -0.592199981212616
vn 0.2578999996185303 0.7102000117301941 -0.6549999713897705
vn 0.7577999830245972 0.6471999883651733 -0.08290000259876251
vn 0.7516000270843506 0.6373000144958496 -0.16990000009536743
vn 0.7005000114440918 0.6805999875068665 -0.21469999849796295
vn 0.6873999834060669 0.6593999862670898 -0.304500013589859
vn 0.6223999857902527 0.6992999911308289 -0.351500004529953
vn 0.6025999784469604 0.6672999858856201 -0.43779999017715454
vn 0.5267000198364258 0.6992999911308289 -0.48330000042915344
vn 0.5019999742507935 0.6593999862670898 -0.5595999956130981
vn 0.4205999970436096 0.6805999875068665 -0.5999000072479248
vn 0.3939000070095062 0.6373000144958496 -0.6622999906539917
vn 0.31299999356269836 0.6471999883651733 -0.6951000094413757
vn 0.28690001368522644 0.6049000024795532 -0.7427999973297119
vn 0.8402000069618225 0.536899983882904 -0.07590000331401825
vn 0.8339999914169312 0.5271000266075134 -0.16300000250339508
vn 0.7967000007629395 0.5694000124931335 -0.20260000228881836
vn 0.7835999727249146 0.54830002784729 -0.2919999957084656
vn 0.732200026512146 0.5918999910354614 -0.3370000123977661
vn 0.7124000191688538 0.5598999857902527 -0.4230000078678131
vn 0.6471999883651733 0.6000000238418579 -0.4702000021934509
vn 0.6225000023841858 0.5598999857902527 -0.5468000173568726
vn 0.5468000173568726 0.5918999910354614 -0.592199981212616
vn 0.5199000239372253 0.54830002784729 -0.6549999713897705
vn 0.43880000710487366 0.5694000124931335 -0.6951000094413757
vn 0.41269999742507935 0.5271000266075134 -0.7427999973297119
vn 0.33180001378059387 0.536899983882904 -0.775600016117096
vn 0.3086000084877014 0.49939998984336853 -0.8095999956130981
vn -0.02280000038444996 0.9973000288009644 -0.07010000199079514
vn 0.016100000590085983 0.9817000031471252 -0.18970000743865967
vn 0.058400001376867294 0.9460999965667725 -0.31850001215934753
vn 0.10130000114440918 0.8876000046730042 -0.44929999113082886
vn 0.14149999618530273 0.807200014591217 -0.5730999708175659
vn 0.17630000412464142 0.7102000117301941 -0.6815000176429749
vn 0.2045000046491623 0.6049000024795532 -0.769599974155426
vn -0.039900001138448715 0.991599977016449 -0.12280000001192093
vn -0.12460000067949295 0.9817000031471252 -0.14399999380111694
vn -0.004699999932199717 0.967199981212616 -0.25380000472068787
vn -0.0892999991774559 0.9573000073432922 -0.27489998936653137
vn -0.1454000025987625 0.967199981212616 -0.20810000598430634
vn -0.2345000058412552 0.9460999965667725 -0.22339999675750732
vn 0.034699998795986176 0.9196000099182129 -0.3912999927997589
vn -0.0494999997317791 0.9096999764442444 -0.4122999906539917
vn -0.11289999634027481 0.930899977684021 -0.3472999930381775
vn -0.20229999721050262 0.9096999764442444 -0.3625999987125397
vn -0.2581000030040741 0.9196000099182129 -0.2962000072002411
vn -0.34599998593330383 0.8876000046730042 -0.30399999022483826
vn 0.07639999687671661 0.8471999764442444 -0.5256999731063843
vn -0.007499999832361937 0.8374000191688538 -0.5465999841690063
vn -0.07419999688863754 0.8694000244140625 -0.4884999990463257
vn -0.16369999945163727 0.8482000231742859 -0.5037000179290771
vn -0.22709999978542328 0.8694000244140625 -0.43880000710487366
vn -0.31520000100135803 0.8374000191688538 -0.4465999901294708
vn -0.3707999885082245 0.8471999764442444 -0.38040000200271606
vn -0.4512999951839447 0.807200014591217 -0.3804999887943268
vn 0.11760000139474869 0.7537000179290771 -0.6466000080108643
vn 0.033399999141693115 0.7439000010490417 -0.6675000190734863
vn -0.03139999881386757 0.7838000059127808 -0.620199978351593
vn -0.120899997651577 0.7626000046730042 -0.6355000138282776
vn -0.1876000016927719 0.794700026512146 -0.5773000121116638
vn -0.27570000290870667 0.7626000046730042 -0.5852000117301941
vn -0.3391000032424927 0.7838000059127808 -0.5202000141143799
vn -0.41940000653266907 0.7439000010490417 -0.5202999711036682
vn -0.47519999742507935 0.7537000179290771 -0.453900009393692
vn -0.5432999730110168 0.7102000117301941 -0.44769999384880066
vn 0.15530000627040863 0.6471999883651733 -0.7462999820709229
vn 0.07069999724626541 0.6373000144958496 -0.7674000263214111
vn 0.012299999594688416 0.6805999875068665 -0.7325999736785889
vn -0.07720000296831131 0.6593999862670898 -0.7477999925613403
vn -0.1420000046491623 0.6992999911308289 -0.7005000114440918
vn -0.23019999265670776 0.6672999858856201 -0.7084000110626221
vn -0.2969000041484833 0.6992999911308289 -0.6502000093460083
vn -0.37709999084472656 0.6593999862670898 -0.6503999829292297
vn -0.4406000077724457 0.6805999875068665 -0.5853999853134155
vn -0.5081999897956848 0.6373000144958496 -0.5792999863624573
vn -0.5644000172615051 0.6471999883651733 -0.512499988079071
vn -0.6177999973297119 0.6049000024795532 -0.5023999810218811
vn 0.1873999983072281 0.536899983882904 -0.8224999904632568
vn 0.10270000249147415 0.5271000266075134 -0.8435999751091003
vn 0.05350000038743019 0.5694000124931335 -0.8202999830245972
vn -0.035599999129772186 0.54830002784729 -0.8355000019073486
vn -0.094200000166893 0.5918999910354614 -0.8004999756813049
vn -0.18219999969005585 0.5598999857902527 -0.8083000183105469
vn -0.24719999730587006 0.6000000238418579 -0.7608000040054321
vn -0.3276999890804291 0.5598999857902527 -0.7609999775886536
vn -0.39430001378059387 0.5918999910354614 -0.703000009059906
vn -0.46230000257492065 0.54830002784729 -0.6967999935150146
vn -0.5254999995231628 0.5694000124931335 -0.6322000026702881
vn -0.5788999795913696 0.5271000266075134 -0.6220999956130981
vn -0.6351000070571899 0.536899983882904 -0.5552999973297119
vn -0.6746000051498413 0.49939998984336853 -0.5436999797821045
vn -0.0737999975681305 0.9973000288009644 0.0
vn -0.17550000548362732 0.9817000031471252 -0.07400000095367432
vn -0.2849000096321106 0.9460999965667725 -0.15399999916553497
vn -0.3959999978542328 0.8876000046730042 -0.23520000278949738
vn -0.5012999773025513 0.807200014591217 -0.3116999864578247
vn -0.5936999917030334 0.7102000117301941 -0.3783000111579895
vn -0.6686999797821045 0.6049000024795532 -0.43230000138282776
vn -0.12919999659061432 0.991599977016449 0.0
vn -0.17550000548362732 0.9817000031471252 0.07400000095367432
vn -0.24279999732971191 0.967199981212616 -0.07400000095367432
vn -0.2890999913215637 0.9573000073432922 0.0
vn -0.24279999732971191 0.967199981212616 0.07400000095367432
vn -0.2849000096321106 0.9460999965667725 0.15399999916553497
vn -0.36149999499320984 0.9196000099182129 -0.15389999747276306
vn -0.4074000120162964 0.9096999764442444 -0.0803999975323677
vn -0.365200012922287 0.930899977684021 0.0
vn -0.4074000120162964 0.9096999764442444 0.0803999975323677
vn -0.36149999499320984 0.9196000099182129 0.15389999747276306
vn -0.3959999978542328 0.8876000046730042 0.23520000278949738
vn -0.4763999879360199 0.8471999764442444 -0.23510000109672546
vn -0.5220999717712402 0.8374000191688538 -0.16179999709129333
vn -0.48750001192092896 0.8694000244140625 -0.08030000329017639
vn -0.529699981212616 0.8482000231742859 0.0
vn -0.48750001192092896 0.8694000244140625 0.08030000329017639
vn -0.5220999717712402 0.8374000191688538 0.16179999709129333
vn -0.4763999879360199 0.8471999764442444 0.23510000109672546
vn -0.5012999773025513 0.807200014591217 0.3116999864578247
vn -0.5785999894142151 0.7537000179290771 -0.311599999666214
vn -0.6244999766349792 0.7439000010490417 -0.23810000717639923
vn -0.5996000170707703 0.7838000059127808 -0.16179999709129333
vn -0.641700029373169 0.7626000046730042 -0.08139999955892563
vn -0.6071000099182129 0.794700026512146 0.0
vn -0.641700029373169 0.7626000046730042 0.08139999955892563
vn -0.5996000170707703 0.7838000059127808 0.16179999709129333
vn -0.6244999766349792 0.7439000010490417 0.23810000717639923
vn -0.5785999894142151 0.7537000179290771 0.311599999666214
vn -0.5936999917030334 0.7102000117301941 0.3783000111579895
vn -0.6618000268936157 0.6471999883651733 -0.3783999979496002
vn -0.7080000042915344 0.6373000144958496 -0.3043000102043152
vn -0.6929000020027161 0.6805999875068665 -0.23810000717639923
vn -0.7350999712944031 0.6593999862670898 -0.15770000219345093
vn -0.710099995136261 0.6992999911308289 -0.08139999955892563
vn -0.7447999715805054 0.6672999858856201 0.0
vn -0.710099995136261 0.6992999911308289 0.08139999955892563
vn -0.7350999712944031 0.6593999862670898 0.15770000219345093
vn -0.6929000020027161 0.6805999875068665 0.23810000717639923
vn -0.7080000042915344 0.6373000144958496 0.3043000102043152
vn -0.6618000268936157 0.6471999883651733 0.3783999979496002
vn -0.6686999797821045 0.6049000024795532 0.43230000138282776
vn -0.724399983882904 0.536899983882904 -0.4323999881744385
vn -0.7705000042915344 0.5271000266075134 -0.35839998722076416
vn -0.7635999917984009 0.5694000124931335 -0.3043999969959259
vn -0.8055999875068665 0.54830002784729 -0.22439999878406525
vn -0.7904000282287598 0.5918999910354614 -0.15770000219345093
vn -0.824999988079071 0.5598999857902527 -0.07649999856948853
vn -0.800000011920929 0.6000000238418579 0.0
vn -0.824999988079071 0.5598999857902527 0.07649999856948853
vn -0.7904000282287598 0.5918999910354614 0.15770000219345093
vn -0.8055999875068665 0.54830002784729 0.22439999878406525
vn -0.7635999917984009 0.5694000124931335 0.3043999969959259
vn -0.7705000042915344 0.5271000266075134 0.35839998722076416
vn -0.724399983882904 0.536899983882904 0.4323999881744385
vn -0.7254999876022339 0.49939998984336853 0.47350001335144043
vn -0.02280000038444996 0.9973000288009644 0.07010000199079514
vn -0.12460000067949295 0.9817000031471252 0.14399999380111694
vn -0.2345000058412552 0.9460999965667725 0.22339999675750732
vn -0.34599998593330383 0.8876000046730042 0.30399999022483826
vn -0.4512999951839447 0.807200014591217 0.3804999887943268
vn -0.5432999730110168 0.7102000117301941 0.44769999384880066
vn -0.6177999973297119 0.6049000024795532 0.5023999810218811
vn -0.039900001138448715 0.991599977016449 0.12280000001192093
vn 0.016100000590085983 0.9817000031471252 0.18970000743865967
vn -0.1454000025987625 0.967199981212616 0.20810000598430634
vn -0.0892999991774559 0.9573000073432922 0.27489998936653137
vn -0.004699999932199717 0.967199981212616 0.25380000472068787
vn 0.058400001376867294 0.9460999965667725 0.31850001215934753
vn -0.2581000030040741 0.9196000099182129 0.2962000072002411
vn -0.20229999721050262 0.9096999764442444 0.3625999987125397
vn -0.11289999634027481 0.930899977684021 0.3472999930381775
vn -0.0494999997317791 0.9096999764442444 0.4122999906539917
vn 0.034699998795986176 0.9196000099182129 0.3912999927997589
vn 0.10130000114440918 0.8876000046730042 0.44929999113082886
vn -0.3707999885082245 0.8471999764442444 0.38040000200271606
vn -0.31520000100135803 0.8374000191688538 0.4465999901294708
vn -0.22709999978542328 0.8694000244140625 0.43880000710487366
vn -0.16369999945163727 0.8482000231742859 0.5037000179290771
vn -0.07419999688863754 0.8694000244140625 0.4884999990463257
vn -0.007499999832361937 0.8374000191688538 0.5465999841690063
vn 0.07639999687671661 0.8471999764442444 0.5256999731063843
vn 0.14149999618530273 0.807200014591217 0.5730999708175659
vn -0.47519999742507935 0.7537000179290771 0.453900009393692
vn -0.41940000653266907 0.7439000010490417 0.5202999711036682
vn -0.3391000032424927 0.7838000059127808 0.5202000141143799
vn -0.27570000290870667 0.7626000046730042 0.5852000117301941
vn -0.1876000016927719 0.794700026512146 0.5773000121116638
vn -0.120899997651577 0.7626000046730042 0.6355000138282776
vn -0.03139999881386757 0.7838000059127808 0.620199978351593
vn 0.033399999141693115 0.7439000010490417 0.6675000190734863
vn 0.11760000139474869 0.7537000179290771 0.6466000080108643
vn 0.17630000412464142 0.7102000117301941 0.6815000176429749
vn -0.5644000172615051 0.6471999883651733 0.512499988079071
vn -0.5081999897956848 0.6373000144958496 0.5792999863624573
vn -0.4406000077724457 0.6805999875068665 0.5853999853134155
vn -0.37709999084472656 0.6593999862670898 0.6503999829292297
vn -0.2969000041484833 0.6992999911308289 0.6502000093460083
vn -0.23019999265670776 0.6672999858856201 0.7084000110626221
vn -0.1420000046491623 0.6992999911308289 0.7005000114440918
vn -0.07720000296831131 0.6593999862670898 0.7477999925613403
vn 0.012299999594688416 0.6805999875068665 0.7325999736785889
vn 0.07069999724626541 0.6373000144958496 0.7674000263214111
vn 0.15530000627040863 0.6471999883651733 0.7462999820709229
vn 0.2045000046491623 0.6049000024795532 0.769599974155426
vn -0.6351000070571899 0.536899983882904 0.5552999973297119
vn -0.5788999795913696 0.5271000266075134 0.6220999956130981
vn -0.5254999995231628 0.5694000124931335 0.6322000026702881
vn -0.46230000257492065 0.54830002784729 0.6967999935150146
vn -0.39430001378059387 0.5918999910354614 0.703000009059906
vn -0.3276999890804291 0.5598999857902527 0.7609999775886536
vn -0.24719999730587006 0.6000000238418579 0.7608000040054321
vn -0.18219999969005585 0.5598999857902527 0.8083000183105469
vn -0.094200000166893 0.5918999910354614 0.8004999756813049
vn -0.035599999129772186 0.54830002784729 0.8355000019073486
vn 0.05350000038743019 0.5694000124931335 0.8202999830245972
vn 0.10270000249147415 0.5271000266075134 0.8435999751091003
vn 0.1873999983072281 0.536899983882904 0.8224999904632568
vn 0.22619999945163727 0.49939998984336853 0.8363000154495239
vn 0.059700001031160355 0.9973000288009644 0.04340000078082085
vn 0.09849999845027924 0.9817000031471252 0.16300000250339508
vn 0.14000000059604645 0.9460999965667725 0.2919999957084656
vn 0.18219999969005585 0.8876000046730042 0.4230000078678131
vn 0.2223999947309494 0.807200014591217 0.5468000173568726
vn 0.2578999996185303 0.7102000117301941 0.6549999713897705
vn 0.28690001368522644 0.6049000024795532 0.7427999973297119
vn 0.10450000315904617 0.991599977016449 0.07590000331401825
vn 0.18539999425411224 0.9817000031471252 0.043299999088048935
vn 0.15299999713897705 0.967199981212616 0.20260000228881836
vn 0.23389999568462372 0.9573000073432922 0.16990000009536743
vn 0.23989999294281006 0.967199981212616 0.08290000259876251
vn 0.32100000977516174 0.9460999965667725 0.042899999767541885
vn 0.20200000703334808 0.9196000099182129 0.3370000123977661
vn 0.2824000120162964 0.9096999764442444 0.304500013589859
vn 0.2955000102519989 0.930899977684021 0.21469999849796295
vn 0.376800000667572 0.9096999764442444 0.1745000034570694
vn 0.3828999996185303 0.9196000099182129 0.08789999783039093
vn 0.4586000144481659 0.8876000046730042 0.042500000447034836
vn 0.24719999730587006 0.8471999764442444 0.4702000021934509
vn 0.3273000121116638 0.8374000191688538 0.43779999017715454
vn 0.3472000062465668 0.8694000244140625 0.351500004529953
vn 0.4284999966621399 0.8482000231742859 0.31130000948905945
vn 0.4415999948978424 0.8694000244140625 0.2214999943971634
vn 0.5174999833106995 0.8374000191688538 0.17599999904632568
vn 0.5235999822616577 0.8471999764442444 0.08980000019073486
vn 0.5888000130653381 0.807200014591217 0.042500000447034836
vn 0.2849000096321106 0.7537000179290771 0.592199981212616
vn 0.3652999997138977 0.7439000010490417 0.5595999956130981
vn 0.38999998569488525 0.7838000059127808 0.48330000042915344
vn 0.47130000591278076 0.7626000046730042 0.4431000053882599
vn 0.491100013256073 0.794700026512146 0.35679998993873596
vn 0.5669999718666077 0.7626000046730042 0.31130000948905945
vn 0.5800999999046326 0.7838000059127808 0.2214999943971634
vn 0.6450999975204468 0.7439000010490417 0.1745000034570694
vn 0.6513000130653381 0.7537000179290771 0.08789999783039093
vn 0.7027000188827515 0.7102000117301941 0.042899999767541885
vn 0.31299999356269836 0.6471999883651733 0.6951000094413757
vn 0.3939000070095062 0.6373000144958496 0.6622999906539917
vn 0.4205999970436096 0.6805999875068665 0.5999000072479248
vn 0.5019999742507935 0.6593999862670898 0.5595999956130981
vn 0.5267000198364258 0.6992999911308289 0.48330000042915344
vn 0.6025999784469604 0.6672999858856201 0.43779999017715454
vn 0.6223999857902527 0.6992999911308289 0.351500004529953
vn 0.6873999834060669 0.6593999862670898 0.304500013589859
vn 0.7005000114440918 0.6805999875068665 0.21469999849796295
vn 0.7516000270843506 0.6373000144958496 0.16990000009536743
vn 0.7577999830245972 0.6471999883651733 0.08290000259876251
vn 0.7950999736785889 0.6049000024795532 0.043299999088048935
vn 0.33180001378059387 0.536899983882904 0.775600016117096
vn 0.41269999742507935 0.5271000266075134 0.7427999973297119
vn 0.43880000710487366 0.5694000124931335 0.6951000094413757
vn 0.5199000239372253 0.54830002784729 0.6549999713897705
vn 0.5468000173568726 0.5918999910354614 0.592199981212616
vn 0.6225000023841858 0.5598999857902527 0.5468000173568726
vn 0.6471999883651733 0.6000000238418579 0.4702000021934509
vn 0.7124000191688538 0.5598999857902527 0.4230000078678131
vn 0.732200026512146 0.5918999910354614 0.3370000123977661
vn 0.7835999727249146 0.54830002784729 0.2919999957084656
vn 0.7967000007629395 0.5694000124931335 0.20260000228881836
vn 0.8339999914169312 0.5271000266075134 0.16300000250339508
vn 0.8402000069618225 0.536899983882904 0.07590000331401825
vn 0.8652999997138977 0.49939998984336853 0.04340000078082085
vn 0.9021999835968018 0.42559999227523804 -0.07020000368356705
vn 0.9337999820709229 0.32760000228881836 -0.14399999380111694
vn 0.9510999917984009 0.2134000062942505 -0.22339999675750732
vn 0.9487000107765198 0.08739999681711197 -0.30399999022483826
vn 0.923799991607666 -0.04270000010728836 -0.3804999887943268
vn 0.8781999945640564 -0.16830000281333923 -0.44769999384880066
vn 0.817300021648407 -0.28209999203681946 -0.5023999810218811
vn 0.9047999978065491 0.40779998898506165 -0.12280000001192093
vn 0.8708000183105469 0.45350000262260437 -0.18970000743865967
vn 0.9301000237464905 0.30250000953674316 -0.20810000598430634
vn 0.8962000012397766 0.3481999933719635 -0.27489998936653137
vn 0.8672000169754028 0.4284000098705292 -0.25380000472068787
vn 0.8201000094413757 0.47530001401901245 -0.31850001215934753
vn 0.9379000067710876 0.18039999902248383 -0.2962000072002411
vn 0.9041000008583069 0.22589999437332153 -0.3625999987125397
vn 0.8830999732017517 0.31540000438690186 -0.3472999930381775
vn 0.8357999920845032 0.3625999987125397 -0.4122999906539917
vn 0.8069999814033508 0.4422999918460846 -0.3912999927997589
vn 0.7486000061035156 0.48750001192092896 -0.44929999113082886
vn 0.9236000180244446 0.047200001776218414 -0.38040000200271606
vn 0.8899000287055969 0.0925000011920929 -0.4465999901294708
vn 0.8791999816894531 0.18569999933242798 -0.43880000710487366
vn 0.8319000005722046 0.2328999936580658 -0.5037000179290771
vn 0.8108000159263611 0.3224000036716461 -0.4884999990463257
vn 0.7523000240325928 0.3677999973297119 -0.5465999841690063
vn 0.7235999703407288 0.4472000002861023 -0.5256999731063843
vn 0.6586999893188477 0.48750001192092896 -0.5730999708175659
vn 0.8866999745368958 -0.08789999783039093 -0.45399999618530273
vn 0.8529000282287598 -0.042399998754262924 -0.5202999711036682
vn 0.8526999950408936 0.047200001776218414 -0.5202000141143799
vn 0.805400013923645 0.09440000355243683 -0.5852000117301941
vn 0.794700026512146 0.1876000016927719 -0.5773000121116638
vn 0.7361999750137329 0.2328999936580658 -0.6355000138282776
vn 0.7150999903678894 0.3224000036716461 -0.620199978351593
vn 0.6503999829292297 0.3625999987125397 -0.6675000190734863
vn 0.6215999722480774 0.4422999918460846 -0.6466000080108643
vn 0.5564000010490417 0.47530001401901245 -0.6815000176429749
vn 0.8312000036239624 -0.21539999544620514 -0.512499988079071
vn 0.7972999811172485 -0.1695999950170517 -0.5792999863624573
vn 0.8058000206947327 -0.08969999849796295 -0.5853999853134155
vn 0.758400022983551 -0.042399998754262924 -0.6503999829292297
vn 0.7583000063896179 0.047200001776218414 -0.6502000093460083
vn 0.6998000144958496 0.0925000011920929 -0.7084000110626221
vn 0.6890000104904175 0.18569999933242798 -0.7005000114440918
vn 0.6243000030517578 0.22589999437332153 -0.7477999925613403
vn 0.6032000184059143 0.31540000438690186 -0.7325999736785889
vn 0.5383999943733215 0.3481999933719635 -0.7674000263214111
vn 0.5094000101089478 0.4284000098705292 -0.746399998664856
vn 0.4496000111103058 0.45350000262260437 -0.769599974155426
vn 0.7642999887466431 -0.3278999924659729 -0.5552999973297119
vn 0.730400025844574 -0.28209999203681946 -0.6220999956130981
vn 0.7443000078201294 -0.21539999544620514 -0.6322000026702881
vn 0.6972000002861023 -0.16830000281333923 -0.6967999935150146
vn 0.7056999802589417 -0.08789999783039093 -0.703000009059906
vn 0.6473000049591064 -0.04270000010728836 -0.7609999775886536
vn 0.6471999883651733 0.047200001776218414 -0.7608000040054321
vn 0.5823000073432922 0.08739999681711197 -0.8083000183105469
vn 0.5716000199317932 0.18039999902248383 -0.8004999756813049
vn 0.5062999725341797 0.2134000062942505 -0.8355000019073486
vn 0.4853000044822693 0.30250000953674316 -0.8202999830245972
vn 0.4255000054836273 0.32760000228881836 -0.8435999751091003
vn 0.39640000462532043 0.40779998898506165 -0.8224999904632568
vn 0.34549999237060547 0.42559999227523804 -0.8363000154495239
vn 0.21209999918937683 0.42559999227523804 -0.8797000050544739
vn 0.15160000324249268 0.32760000228881836 -0.9326000213623047
vn 0.08150000125169754 0.2134000062942505 -0.9735999703407288
vn 0.004000000189989805 0.08739999681711197 -0.9962000250816345
vn -0.07639999687671661 -0.04270000010728836 -0.9962000250816345
vn -0.15440000593662262 -0.16830000281333923 -0.9735999703407288
vn -0.22519999742507935 -0.28209999203681946 -0.9326000213623047
vn 0.16279999911785126 0.40779998898506165 -0.8985000252723694
vn 0.08860000222921371 0.45350000262260437 -0.886900007724762
vn 0.08950000256299973 0.30250000953674316 -0.9488999843597412
vn 0.01549999974668026 0.3481999933719635 -0.9373000264167786
vn 0.026599999517202377 0.4284000098705292 -0.9031999707221985
vn -0.0494999997317791 0.47530001401901245 -0.8784000277519226
vn 0.008100000210106373 0.18039999902248383 -0.9836000204086304
vn -0.06549999862909317 0.22589999437332153 -0.972000002861023
vn -0.05739999935030937 0.31540000438690186 -0.9472000002861023
vn -0.1339000016450882 0.3625999987125397 -0.9222999811172485
vn -0.12280000001192093 0.4422999918460846 -0.8884000182151794
vn -0.19599999487400055 0.48750001192092896 -0.8507999777793884
vn -0.07639999687671661 0.047200001776218414 -0.9959999918937683
vn -0.14970000088214874 0.0925000011920929 -0.9843999743461609
vn -0.14560000598430634 0.18569999933242798 -0.9717000126838684
vn -0.22200000286102295 0.2328999936580658 -0.9467999935150146
vn -0.21400000154972076 0.3224000036716461 -0.9221000075340271
vn -0.2874000072479248 0.3677999973297119 -0.8844000101089478
vn -0.27639999985694885 0.4472000002861023 -0.850600004196167
vn -0.34150001406669617 0.48750001192092896 -0.8034999966621399
vn -0.15770000219345093 -0.08789999783039093 -0.9836000204086304
vn -0.2312999963760376 -0.042399998754262924 -0.972000002861023
vn -0.2312999963760376 0.047200001776218414 -0.9717000126838684
vn -0.3075999915599823 0.09440000355243683 -0.9467999935150146
vn -0.3034999966621399 0.1876000016927719 -0.9341999888420105
vn -0.37689998745918274 0.2328999936580658 -0.8964999914169312
vn -0.36890000104904175 0.3224000036716461 -0.8718000054359436
vn -0.43380001187324524 0.3625999987125397 -0.8248000144958496
vn -0.4228000044822693 0.4422999918460846 -0.7908999919891357
vn -0.4763000011444092 0.47530001401901245 -0.7397000193595886
vn -0.2305999994277954 -0.21539999544620514 -0.9488999843597412
vn -0.304500013589859 -0.1695999950170517 -0.9373000264167786
vn -0.3077999949455261 -0.08969999849796295 -0.9472000002861023
vn -0.38420000672340393 -0.042399998754262924 -0.9222999811172485
vn -0.3840999901294708 0.047200001776218414 -0.9221000075340271
vn -0.45750001072883606 0.0925000011920929 -0.8844000101089478
vn -0.45329999923706055 0.18569999933242798 -0.8718000054359436
vn -0.5182999968528748 0.22589999437332153 -0.8248000144958496
vn -0.5102999806404114 0.31540000438690186 -0.8001000285148621
vn -0.5633999705314636 0.3481999933719635 -0.7491999864578247
vn -0.5523999929428101 0.4284000098705292 -0.7150999903678894
vn -0.5929999947547913 0.45350000262260437 -0.6654000282287598
vn -0.29190000891685486 -0.3278999924659729 -0.8985000252723694
vn -0.3659000098705292 -0.28209999203681946 -0.886900007724762
vn -0.37119999527931213 -0.21539999544620514 -0.9031999707221985
vn -0.447299987077713 -0.16830000281333923 -0.8784000277519226
vn -0.4505000114440918 -0.08789999783039093 -0.8884000182151794
vn -0.5236999988555908 -0.04270000010728836 -0.8507999777793884
vn -0.5235999822616577 0.047200001776218414 -0.8507000207901001
vn -0.5888000130653381 0.08739999681711197 -0.8034999966621399
vn -0.5846999883651733 0.18039999902248383 -0.7908999919891357
vn -0.6381999850273132 0.2134000062942505 -0.7397000193595886
vn -0.6302000284194946 0.30250000953674316 -0.7150999903678894
vn -0.670799970626831 0.32760000228881836 -0.6654000282287598
vn -0.6597999930381775 0.40779998898506165 -0.6312000155448914
vn -0.6886000037193298 0.42559999227523804 -0.5870000123977661
vn -0.7710999846458435 0.42559999227523804 -0.47350001335144043
vn -0.8400999903678894 0.32760000228881836 -0.43230000138282776
vn -0.9006999731063843 0.2134000062942505 -0.3783000111579895
vn -0.9462000131607056 0.08739999681711197 -0.3116999864578247
vn -0.9710000157356262 -0.04270000010728836 -0.23520000278949738
vn -0.9735999703407288 -0.16830000281333923 -0.15399999916553497
vn -0.9564999938011169 -0.28209999203681946 -0.07400000095367432
vn -0.8041999936103821 0.40779998898506165 -0.4323999881744385
vn -0.816100001335144 0.45350000262260437 -0.35839998722076416
vn -0.8748000264167786 0.30250000953674316 -0.3783999979496002
vn -0.8866000175476074 0.3481999933719635 -0.3043000102043152
vn -0.8507999777793884 0.4284000098705292 -0.3043999969959259
vn -0.8507000207901001 0.47530001401901245 -0.22439999878406525
vn -0.9329000115394592 0.18039999902248383 -0.311599999666214
vn -0.944599986076355 0.22589999437332153 -0.23810000717639923
vn -0.9186000227928162 0.31540000438690186 -0.23810000717639923
vn -0.9185000061988831 0.3625999987125397 -0.15770000219345093
vn -0.8828999996185303 0.4422999918460846 -0.15770000219345093
vn -0.869700014591217 0.48750001192092896 -0.07649999856948853
vn -0.97079998254776 0.047200001776218414 -0.23510000109672546
vn -0.9825000166893005 0.0925000011920929 -0.16179999709129333
vn -0.9692000150680542 0.18569999933242798 -0.16179999709129333
vn -0.9690999984741211 0.2328999936580658 -0.08139999955892563
vn -0.9430999755859375 0.3224000036716461 -0.08139999955892563
vn -0.9298999905586243 0.3677999973297119 0.0
vn -0.8944000005722046 0.4472000002861023 0.0
vn -0.869700014591217 0.48750001192092896 0.07649999856948853
vn -0.9842000007629395 -0.08789999783039093 -0.15389999747276306
vn -0.9958999752998352 -0.042399998754262924 -0.0803999975323677
vn -0.9955999851226807 0.047200001776218414 -0.08030000329017639
vn -0.9955000281333923 0.09440000355243683 0.0
vn -0.982200026512146 0.1876000016927719 0.0
vn -0.9690999984741211 0.2328999936580658 0.08139999955892563
vn -0.9430999755859375 0.3224000036716461 0.08139999955892563
vn -0.9185000061988831 0.3625999987125397 0.15770000219345093
vn -0.8828999996185303 0.4422999918460846 0.15770000219345093
vn -0.8507000207901001 0.47530001401901245 0.22439999878406525
vn -0.9736999869346619 -0.21539999544620514 -0.07400000095367432
vn -0.9854999780654907 -0.1695999950170517 0.0
vn -0.9959999918937683 -0.08969999849796295 0.0
vn -0.9958999752998352 -0.042399998754262924 0.0803999975323677
vn -0.9955999851226807 0.047200001776218414 0.08030000329017639
vn -0.9825000166893005 0.0925000011920929 0.16179999709129333
vn -0.9692000150680542 0.18569999933242798 0.16179999709129333
vn -0.944599986076355 0.22589999437332153 0.23810000717639923
vn -0.9186000227928162 0.31540000438690186 0.23810000717639923
vn -0.8866000175476074 0.3481999933719635 0.3043000102043152
vn -0.8507999777793884 0.4284000098705292 0.3043999969959259
vn -0.816100001335144 0.45350000262260437 0.35839998722076416
vn -0.9447000026702881 -0.3278999924659729 0.0
vn -0.9564999938011169 -0.28209999203681946 0.07400000095367432
vn -0.9736999869346619 -0.21539999544620514 0.07400000095367432
vn -0.9735999703407288 -0.16830000281333923 0.15399999916553497
vn -0.9842000007629395 -0.08789999783039093 0.15389999747276306
vn -0.9710000157356262 -0.04270000010728836 0.23520000278949738
vn -0.97079998254776 0.047200001776218414 0.23510000109672546
vn -0.9462000131607056 0.08739999681711197 0.3116999864578247
vn -0.9329000115394592 0.18039999902248383 0.311599999666214
vn -0.9006999731063843 0.2134000062942505 0.3783000111579895
vn -0.8748000264167786 0.30250000953674316 0.3783999979496002
vn -0.8400999903678894 0.32760000228881836 0.43230000138282776
vn -0.8041999936103821 0.40779998898506165 0.4323999881744385
vn -0.7710999846458435 0.42559999227523804 0.47350001335144043
vn -0.6887000203132629 0.42559999227523804 0.5870000123977661
vn -0.670799970626831 0.32760000228881836 0.6654000282287598
vn -0.6381999850273132 0.2134000062942505 0.7397000193595886
vn -0.5888000130653381 0.08739999681711197 0.8034999966621399
vn -0.5236999988555908 -0.04270000010728836 0.8507999777793884
vn -0.447299987077713 -0.16830000281333923 0.8784000277519226
vn -0.3659000098705292 -0.28209999203681946 0.886900007724762
vn -0.6597999930381775 0.40779998898506165 0.6312000155448914
vn -0.5929999947547913 0.45350000262260437 0.6654000282287598
vn -0.6302000284194946 0.30250000953674316 0.7150999903678894
vn -0.5633999705314636 0.3481999933719635 0.7491999864578247
vn -0.5523999929428101 0.4284000098705292 0.7150999903678894
vn -0.4763000011444092 0.47530001401901245 0.7397000193595886
vn -0.5846999883651733 0.18039999902248383 0.7908999919891357
vn -0.5182999968528748 0.22589999437332153 0.8248000144958496
vn -0.5102999806404114 0.31540000438690186 0.8001000285148621
vn -0.43380001187324524 0.3625999987125397 0.8248000144958496
vn -0.4228000044822693 0.4422999918460846 0.7908999919891357
vn -0.34150001406669617 0.48750001192092896 0.8034999966621399
vn -0.5235999822616577 0.047200001776218414 0.8507000207901001
vn -0.45750001072883606 0.0925000011920929 0.8844000101089478
vn -0.45329999923706055 0.18569999933242798 0.8718000054359436
vn -0.37689998745918274 0.2328999936580658 0.8964999914169312
vn -0.36890000104904175 0.3224000036716461 0.8718000054359436
vn -0.2874000072479248 0.3677999973297119 0.8844000101089478
vn -0.27639999985694885 0.4472000002861023 0.850600004196167
vn -0.19599999487400055 0.48750001192092896 0.8507999777793884
vn -0.4505000114440918 -0.08789999783039093 0.8884000182151794
vn -0.38420000672340393 -0.042399998754262924 0.9222999811172485
vn -0.3840999901294708 0.047200001776218414 0.9221000075340271
vn -0.3075999915599823 0.09440000355243683 0.9467999935150146
vn -0.3034999966621399 0.1876000016927719 0.9341999888420105
vn -0.22200000286102295 0.2328999936580658 0.9467999935150146
vn -0.21400000154972076 0.3224000036716461 0.9221000075340271
vn -0.1339000016450882 0.3625999987125397 0.9222999811172485
vn -0.12280000001192093 0.4422999918460846 0.8884000182151794
vn -0.0494999997317791 0.47530001401901245 0.8784000277519226
vn -0.37119999527931213 -0.21539999544620514 0.9031999707221985
vn -0.304500013589859 -0.1695999950170517 0.9373000264167786
vn -0.3077999949455261 -0.08969999849796295 0.9472000002861023
vn -0.2312999963760376 -0.042399998754262924 0.972000002861023
vn -0.2312999963760376 0.047200001776218414 0.9717000126838684
vn -0.14970000088214874 0.0925000011920929 0.9843999743461609
vn -0.14560000598430634 0.18569999933242798 0.9717000126838684
vn -0.06549999862909317 0.22589999437332153 0.972000002861023
vn -0.05739999935030937 0.31540000438690186 0.9472000002861023
vn 0.01549999974668026 0.3481999933719635 0.9373000264167786
vn 0.026599999517202377 0.4284000098705292 0.9031999707221985
vn 0.08860000222921371 0.45350000262260437 0.886900007724762
vn -0.29190000891685486 -0.3278999924659729 0.8985000252723694
vn -0.22519999742507935 -0.28209999203681946 0.9326000213623047
vn -0.2305999994277954 -0.21539999544620514 0.9488999843597412
vn -0.15440000593662262 -0.16830000281333923 0.9735999703407288
vn -0.15770000219345093 -0.08789999783039093 0.9836000204086304
vn -0.07639999687671661 -0.04270000010728836 0.9962000250816345
vn -0.07639999687671661 0.047200001776218414 0.9959999918937683
vn 0.004000000189989805 0.08739999681711197 0.9962000250816345
vn 0.008100000210106373 0.18039999902248383 0.9836000204086304
vn 0.08150000125169754 0.2134000062942505 0.9735999703407288
vn 0.08950000256299973 0.30250000953674316 0.9488999843597412
vn 0.15160000324249268 0.32760000228881836 0.9326000213623047
vn 0.16279999911785126 0.40779998898506165 0.8985000252723694
vn 0.21209999918937683 0.42559999227523804 0.8797000050544739
vn 0.34549999237060547 0.42559999227523804 0.8363000154495239
vn 0.4255000054836273 0.32760000228881836 0.8435999751091003
vn 0.5062999725341797 0.2134000062942505 0.8355000019073486
vn 0.5823000073432922 0.08739999681711197 0.8083000183105469
vn 0.6473000049591064 -0.04270000010728836 0.7609999775886536
vn 0.6972000002861023 -0.16830000281333923 0.6967999935150146
vn 0.730400025844574 -0.28209999203681946 0.6220999956130981
vn 0.39640000462532043 0.40779998898506165 0.8224999904632568
vn 0.4496000111103058 0.45350000262260437 0.769599974155426
vn 0.4853000044822693 0.30250000953674316 0.8202999830245972
vn 0.5383999943733215 0.3481999933719635 0.7674000263214111
vn 0.5094000101089478 0.4284000098705292 0.746399998664856
vn 0.5564000010490417 0.47540000081062317 0.6815000176429749
vn 0.5716000199317932 0.18039999902248383 0.8004999756813049
vn 0.6243000030517578 0.22589999437332153 0.7477999925613403
vn 0.6032000184059143 0.31540000438690186 0.7325999736785889
vn 0.6503999829292297 0.3625999987125397 0.6675000190734863
vn 0.6215999722480774 0.4422999918460846 0.6466000080108643
vn 0.6586999893188477 0.48750001192092896 0.5730999708175659
vn 0.6471999883651733 0.047200001776218414 0.7608000040054321
vn 0.6998000144958496 0.0925000011920929 0.7084000110626221
vn 0.6890000104904175 0.18569999933242798 0.7005000114440918
vn 0.7361999750137329 0.2328999936580658 0.6355000138282776
vn 0.7150999903678894 0.3224000036716461 0.620199978351593
vn 0.7523000240325928 0.3677999973297119 0.5465999841690063
vn 0.7235999703407288 0.4472000002861023 0.5256999731063843
vn 0.7486000061035156 0.48750001192092896 0.44929999113082886
vn 0.7056999802589417 -0.08789999783039093 0.703000009059906
vn 0.758400022983551 -0.042399998754262924 0.6503999829292297
vn 0.7583000063896179 0.047200001776218414 0.6502000093460083
vn 0.805400013923645 0.09440000355243683 0.5852000117301941
vn 0.794700026512146 0.1876000016927719 0.5773000121116638
vn 0.8319000005722046 0.2328999936580658 0.5037000179290771
vn 0.8108000159263611 0.3224000036716461 0.4884999990463257
vn 0.8357999920845032 0.3625999987125397 0.4122999906539917
vn 0.8069999814033508 0.4422999918460846 0.3912999927997589
vn 0.8201000094413757 0.47530001401901245 0.31850001215934753
vn 0.7443000078201294 -0.21539999544620514 0.6322000026702881
vn 0.7972999811172485 -0.1695999950170517 0.5792999863624573
vn 0.8058000206947327 -0.08969999849796295 0.5853999853134155
vn 0.8529000282287598 -0.042399998754262924 0.5202999711036682
vn 0.8526999950408936 0.047200001776218414 0.5202000141143799
vn 0.8899000287055969 0.0925000011920929 0.4465999901294708
vn 0.8791999816894531 0.18569999933242798 0.43880000710487366
vn 0.9041000008583069 0.22589999437332153 0.3625999987125397
vn 0.8830999732017517 0.31540000438690186 0.3472999930381775
vn 0.8962000012397766 0.3481999933719635 0.27489998936653137
vn 0.8672000169754028 0.4284000098705292 0.25380000472068787
vn 0.8708000183105469 0.45350000262260437 0.18970000743865967
vn 0.7642999887466431 -0.3278999924659729 0.5552999973297119
vn 0.817300021648407 -0.28209999203681946 0.5023999810218811
vn 0.8312000036239624 -0.21539999544620514 0.512499988079071
vn 0.8781999945640564 -0.16830000281333923 0.44769999384880066
vn 0.8866999745368958 -0.08789999783039093 0.45399999618530273
vn 0.923799991607666 -0.04270000010728836 0.3804999887943268
vn 0.9236000180244446 0.047200001776218414 0.38040000200271606
vn 0.9487000107765198 0.08739999681711197 0.30399999022483826
vn 0.9379000067710876 0.18039999902248383 0.2962000072002411
vn 0.9510999917984009 0.2134000062942505 0.22339999675750732
vn 0.9301000237464905 0.30250000953674316 0.20810000598430634
vn 0.9337999820709229 0.32760000228881836 0.14399999380111694
vn 0.9047999978065491 0.40779998898506165 0.12280000001192093
vn 0.9021999835968018 0.42559999227523804 0.07020000368356705
vn 0.2858000099658966 0.3799999952316284 -0.8797000050544739
vn 0.3659000098705292 0.28209999203681946 -0.886900007724762
vn 0.447299987077713 0.16830000281333923 -0.8784000277519226
vn 0.5236999988555908 0.04270000010728836 -0.8507999777793884
vn 0.5888000130653381 -0.08739999681711197 -0.8034999966621399
vn 0.6381999850273132 -0.2134000062942505 -0.7397000193595886
vn 0.670799970626831 -0.32760000228881836 -0.6654000282287598
vn 0.29190000891685486 0.3278999924659729 -0.8985000252723694
vn 0.22519999742507935 0.28209999203681946 -0.9326000213623047
vn 0.37119999527931213 0.21539999544620514 -0.9031999707221985
vn 0.304500013589859 0.1695999950170517 -0.9373000264167786
vn 0.2305999994277954 0.21539999544620514 -0.9488999843597412
vn 0.15440000593662262 0.16830000281333923 -0.9735999703407288
vn 0.4505000114440918 0.08789999783039093 -0.8884000182151794
vn 0.38420000672340393 0.042399998754262924 -0.9222999811172485
vn 0.3077999949455261 0.08969999849796295 -0.9472000002861023
vn 0.2312999963760376 0.042399998754262924 -0.972000002861023
vn 0.15770000219345093 0.08789999783039093 -0.9836000204086304
vn 0.07639999687671661 0.04270000010728836 -0.9962000250816345
vn 0.5235999822616577 -0.047200001776218414 -0.850600004196167
vn 0.45750001072883606 -0.0925000011920929 -0.8844000101089478
vn 0.3840999901294708 -0.047200001776218414 -0.9221000075340271
vn 0.3075999915599823 -0.09440000355243683 -0.9467999935150146
vn 0.2312999963760376 -0.047200001776218414 -0.9717000126838684
vn 0.14970000088214874 -0.0925000011920929 -0.9843999743461609
vn 0.07639999687671661 -0.047200001776218414 -0.9959999918937683
vn -0.004000000189989805 -0.08739999681711197 -0.9962000250816345
vn 0.5846999883651733 -0.18039999902248383 -0.7908999919891357
vn 0.5182999968528748 -0.22589999437332153 -0.8248000144958496
vn 0.45329999923706055 -0.18569999933242798 -0.8718000054359436
vn 0.37689998745918274 -0.2328999936580658 -0.8964999914169312
vn 0.3034999966621399 -0.1876000016927719 -0.9341999888420105
vn 0.22200000286102295 -0.2328999936580658 -0.9467999935150146
vn 0.14560000598430634 -0.18569999933242798 -0.9717000126838684
vn 0.06549999862909317 -0.22589999437332153 -0.972000002861023
vn -0.008100000210106373 -0.18039999902248383 -0.9836000204086304
vn -0.08150000125169754 -0.2134000062942505 -0.9735999703407288
vn 0.6302000284194946 -0.30250000953674316 -0.7150999903678894
vn 0.5633999705314636 -0.3481999933719635 -0.7491999864578247
vn 0.5102999806404114 -0.31540000438690186 -0.8001000285148621
vn 0.43380001187324524 -0.3625999987125397 -0.8248000144958496
vn 0.36890000104904175 -0.3224000036716461 -0.8718000054359436
vn 0.2874000072479248 -0.3677999973297119 -0.8844000101089478
vn 0.21400000154972076 -0.3224000036716461 -0.9221000075340271
vn 0.1339000016450882 -0.3625999987125397 -0.9222999811172485
vn 0.05739999935030937 -0.31540000438690186 -0.9472000002861023
vn -0.01549999974668026 -0.3481999933719635 -0.9373000264167786
vn -0.08950000256299973 -0.30250000953674316 -0.9488999843597412
vn -0.15160000324249268 -0.32760000228881836 -0.9326000213623047
vn 0.6597999930381775 -0.40779998898506165 -0.6312000155448914
vn 0.5929999947547913 -0.45350000262260437 -0.6654000282287598
vn 0.5523999929428101 -0.4284000098705292 -0.7150999903678894
vn 0.4763000011444092 -0.47540000081062317 -0.7397000193595886
vn 0.4228000044822693 -0.4422999918460846 -0.7908999919891357
vn 0.34150001406669617 -0.48750001192092896 -0.8034999966621399
vn 0.27639999985694885 -0.4472000002861023 -0.850600004196167
vn 0.19599999487400055 -0.48750001192092896 -0.8507999777793884
vn 0.12280000001192093 -0.4422999918460846 -0.8884000182151794
vn 0.0494999997317791 -0.47540000081062317 -0.8784000277519226
vn -0.026599999517202377 -0.4284000098705292 -0.9031999707221985
vn -0.08860000222921371 -0.45350000262260437 -0.886900007724762
vn -0.16279999911785126 -0.40779998898506165 -0.8985000252723694
vn -0.21209999918937683 -0.42559999227523804 -0.8797000050544739
vn -0.7483000159263611 0.3799999952316284 -0.5436999797821045
vn -0.730400025844574 0.28209999203681946 -0.6220999956130981
vn -0.6972000002861023 0.16830000281333923 -0.6967999935150146
vn -0.6473000049591064 0.04270000010728836 -0.7609999775886536
vn -0.5823000073432922 -0.08739999681711197 -0.8083000183105469
vn -0.5062999725341797 -0.2134000062942505 -0.8355000019073486
vn -0.4255000054836273 -0.32760000228881836 -0.8435999751091003
vn -0.7642999887466431 0.3278999924659729 -0.5552999973297119
vn -0.817300021648407 0.28209999203681946 -0.5023999810218811
vn -0.7443000078201294 0.21539999544620514 -0.6322000026702881
vn -0.7972999811172485 0.1695999950170517 -0.5792999863624573
vn -0.8312000036239624 0.21539999544620514 -0.512499988079071
vn -0.8781999945640564 0.16830000281333923 -0.44769999384880066
vn -0.7056999802589417 0.08789999783039093 -0.703000009059906
vn -0.758400022983551 0.042399998754262924 -0.6503999829292297
vn -0.8058000206947327 0.08969999849796295 -0.5853999853134155
vn -0.8529000282287598 0.042399998754262924 -0.5202999711036682
vn -0.8866999745368958 0.08789999783039093 -0.45399999618530273
vn -0.923799991607666 0.04270000010728836 -0.3804999887943268
vn -0.6471999883651733 -0.047200001776218414 -0.7608000040054321
vn -0.6998000144958496 -0.0925000011920929 -0.7084000110626221
vn -0.7583000063896179 -0.047200001776218414 -0.6502000093460083
vn -0.805400013923645 -0.09440000355243683 -0.5852000117301941
vn -0.8526999950408936 -0.047200001776218414 -0.5202000141143799
vn -0.8899000287055969 -0.0925000011920929 -0.4465999901294708
vn -0.9236000180244446 -0.047200001776218414 -0.38040000200271606
vn -0.9487000107765198 -0.08739999681711197 -0.30399999022483826
vn -0.5716000199317932 -0.18039999902248383 -0.8004999756813049
vn -0.6243000030517578 -0.22589999437332153 -0.7477999925613403
vn -0.6890000104904175 -0.18569999933242798 -0.7005000114440918
vn -0.7361999750137329 -0.2328999936580658 -0.6355000138282776
vn -0.794700026512146 -0.1876000016927719 -0.5773000121116638
vn -0.8319000005722046 -0.2328999936580658 -0.5037999749183655
vn -0.8791999816894531 -0.18569999933242798 -0.43880000710487366
vn -0.9041000008583069 -0.22589999437332153 -0.3625999987125397
vn -0.9379000067710876 -0.18039999902248383 -0.2962000072002411
vn -0.9510999917984009 -0.2134000062942505 -0.22339999675750732
vn -0.4853000044822693 -0.30250000953674316 -0.8202999830245972
vn -0.5383999943733215 -0.3481999933719635 -0.7674000263214111
vn -0.6032000184059143 -0.31540000438690186 -0.7325999736785889
vn -0.6503999829292297 -0.3625999987125397 -0.6675000190734863
vn -0.7150999903678894 -0.3224000036716461 -0.620199978351593
vn -0.7523000240325928 -0.3677999973297119 -0.5465999841690063
vn -0.8108000159263611 -0.3224000036716461 -0.4884999990463257
vn -0.8357999920845032 -0.3625999987125397 -0.4122999906539917
vn -0.8830999732017517 -0.31540000438690186 -0.3472999930381775
vn -0.8962000012397766 -0.3481999933719635 -0.27489998936653137
vn -0.9301000237464905 -0.30250000953674316 -0.20810000598430634
vn -0.9337999820709229 -0.32760000228881836 -0.14399999380111694
vn -0.39640000462532043 -0.40779998898506165 -0.8224999904632568
vn -0.4496000111103058 -0.45350000262260437 -0.769599974155426
vn -0.5094000101089478 -0.4284000098705292 -0.746399998664856
vn -0.5564000010490417 -0.47530001401901245 -0.6815000176429749
vn -0.6215999722480774 -0.4422999918460846 -0.6466000080108643
vn -0.6586999893188477 -0.48750001192092896 -0.5730999708175659
vn -0.7235999703407288 -0.4472000002861023 -0.5256999731063843
vn -0.7486000061035156 -0.48750001192092896 -0.44929999113082886
vn -0.8069999814033508 -0.4422999918460846 -0.3912999927997589
vn -0.8201000094413757 -0.47530001401901245 -0.31850001215934753
vn -0.8672000169754028 -0.4284000098705292 -0.25380000472068787
vn -0.8708000183105469 -0.45350000262260437 -0.18970000743865967
vn -0.9047999978065491 -0.40779998898506165 -0.12280000001192093
vn -0.9021999835968018 -0.42559999227523804 -0.07020000368356705
vn -0.7483000159263611 0.3799999952316284 0.5436999797821045
vn -0.817300021648407 0.28209999203681946 0.5023999810218811
vn -0.8781999945640564 0.16830000281333923 0.44769999384880066
vn -0.923799991607666 0.04270000010728836 0.3804999887943268
vn -0.9487000107765198 -0.08739999681711197 0.30399999022483826
vn -0.9510999917984009 -0.2134000062942505 0.22339999675750732
vn -0.9337999820709229 -0.32760000228881836 0.14399999380111694
vn -0.7642999887466431 0.3278999924659729 0.5552999973297119
vn -0.730400025844574 0.28209999203681946 0.6220999956130981
vn -0.8312000036239624 0.21539999544620514 0.512499988079071
vn -0.7972999811172485 0.1695999950170517 0.5792999863624573
vn -0.7443000078201294 0.21539999544620514 0.6322000026702881
vn -0.6972000002861023 0.16830000281333923 0.6967999935150146
vn -0.8866999745368958 0.08789999783039093 0.45399999618530273
vn -0.8529000282287598 0.042399998754262924 0.5202999711036682
vn -0.8058000206947327 0.08969999849796295 0.5853999853134155
vn -0.758400022983551 0.042399998754262924 0.6503999829292297
vn -0.7056999802589417 0.08789999783039093 0.703000009059906
vn -0.6473000049591064 0.04270000010728836 0.7609999775886536
vn -0.9236000180244446 -0.047200001776218414 0.38040000200271606
vn -0.8899000287055969 -0.0925000011920929 0.4465999901294708
vn -0.8526999950408936 -0.047200001776218414 0.5202000141143799
vn -0.805400013923645 -0.09440000355243683 0.5852000117301941
vn -0.7583000063896179 -0.047200001776218414 0.6502000093460083
vn -0.6998000144958496 -0.0925000011920929 0.7084000110626221
vn -0.6471999883651733 -0.047200001776218414 0.7608000040054321
vn -0.5823000073432922 -0.08739999681711197 0.8083000183105469
vn -0.9379000067710876 -0.18039999902248383 0.2962000072002411
vn -0.9041000008583069 -0.22589999437332153 0.3625999987125397
vn -0.8791999816894531 -0.18569999933242798 0.43880000710487366
vn -0.8319000005722046 -0.2328999936580658 0.5037999749183655
vn -0.794700026512146 -0.1876000016927719 0.5773000121116638
vn -0.7361999750137329 -0.2328999936580658 0.6355000138282776
vn -0.6890000104904175 -0.18569999933242798 0.7005000114440918
vn -0.6243000030517578 -0.22589999437332153 0.7477999925613403
vn -0.5716000199317932 -0.18039999902248383 0.8004999756813049
vn -0.5062999725341797 -0.2134000062942505 0.8355000019073486
vn -0.9301000237464905 -0.30250000953674316 0.20810000598430634
vn -0.8962000012397766 -0.3481999933719635 0.27489998936653137
vn -0.8830999732017517 -0.31540000438690186 0.3472999930381775
vn -0.8357999920845032 -0.3625999987125397 0.4122999906539917
vn -0.8108000159263611 -0.3224000036716461 0.4884999990463257
vn -0.7523000240325928 -0.3677999973297119 0.5465999841690063
vn -0.7150999903678894 -0.3224000036716461 0.620199978351593
vn -0.6503999829292297 -0.3625999987125397 0.6675000190734863
vn -0.6032000184059143 -0.31540000438690186 0.7325999736785889
vn -0.5383999943733215 -0.3481999933719635 0.7674000263214111
vn -0.4853000044822693 -0.30250000953674316 0.8202999830245972
vn -0.4255000054836273 -0.32760000228881836 0.8435999751091003
vn -0.9047999978065491 -0.40779998898506165 0.12280000001192093
vn -0.8708000183105469 -0.45350000262260437 0.18970000743865967
vn -0.8672000169754028 -0.4284000098705292 0.25380000472068787
vn -0.8201000094413757 -0.47530001401901245 0.31850001215934753
vn -0.8069999814033508 -0.4422999918460846 0.3912999927997589
vn -0.7486000061035156 -0.48750001192092896 0.44929999113082886
vn -0.7235999703407288 -0.4472000002861023 0.5256999731063843
vn -0.6586999893188477 -0.48750001192092896 0.5730999708175659
vn -0.6215999722480774 -0.4422999918460846 0.6466000080108643
vn -0.5564000010490417 -0.47530001401901245 0.6815000176429749
vn -0.5094000101089478 -0.4284000098705292 0.746399998664856
vn -0.4496000111103058 -0.45350000262260437 0.769599974155426
vn -0.39640000462532043 -0.40779998898506165 0.8224999904632568
vn -0.34549999237060547 -0.42559999227523804 0.8363000154495239
vn 0.2858000099658966 0.3799999952316284 0.8797000050544739
vn 0.22519999742507935 0.28209999203681946 0.9326000213623047
vn 0.15440000593662262 0.16830000281333923 0.9735999703407288
vn 0.07639999687671661 0.04270000010728836 0.9962000250816345
vn -0.004000000189989805 -0.08739999681711197 0.9962000250816345
vn -0.08150000125169754 -0.2134000062942505 0.9735999703407288
vn -0.15160000324249268 -0.32760000228881836 0.9326000213623047
vn 0.29190000891685486 0.3278999924659729 0.8985000252723694
vn 0.3659000098705292 0.28209999203681946 0.886900007724762
vn 0.2305999994277954 0.21539999544620514 0.9488999843597412
vn 0.304500013589859 0.1695999950170517 0.9373000264167786
vn 0.37119999527931213 0.21539999544620514 0.9031999707221985
vn 0.447299987077713 0.16830000281333923 0.8784000277519226
vn 0.15770000219345093 0.08789999783039093 0.9836000204086304
vn 0.2312999963760376 0.042399998754262924 0.972000002861023
vn 0.3077999949455261 0.08969999849796295 0.9472000002861023
vn 0.38420000672340393 0.042399998754262924 0.9222999811172485
vn 0.4505000114440918 0.08789999783039093 0.8884000182151794
vn 0.5236999988555908 0.04270000010728836 0.8507999777793884
vn 0.07639999687671661 -0.047200001776218414 0.9959999918937683
vn 0.14970000088214874 -0.0925000011920929 0.9843999743461609
vn 0.2312999963760376 -0.047200001776218414 0.9717000126838684
vn 0.3075999915599823 -0.09440000355243683 0.9467999935150146
vn 0.3840999901294708 -0.047200001776218414 0.9221000075340271
vn 0.45750001072883606 -0.0925000011920929 0.8844000101089478
vn 0.5235999822616577 -0.047200001776218414 0.8507000207901001
vn 0.5888000130653381 -0.08739999681711197 0.8034999966621399
vn -0.008100000210106373 -0.18039999902248383 0.9836000204086304
vn 0.06549999862909317 -0.22589999437332153 0.972000002861023
vn 0.14560000598430634 -0.18569999933242798 0.9717000126838684
vn 0.22200000286102295 -0.2328999936580658 0.9467999935150146
vn 0.3034999966621399 -0.1876000016927719 0.9341999888420105
vn 0.37689998745918274 -0.2328999936580658 0.8964999914169312
vn 0.45329999923706055 -0.18569999933242798 0.8718000054359436
vn 0.5182999968528748 -0.22589999437332153 0.8248000144958496
vn 0.5846999883651733 -0.18039999902248383 0.7908999919891357
vn 0.6381999850273132 -0.2134000062942505 0.7397000193595886
vn -0.08950000256299973 -0.30250000953674316 0.9488999843597412
vn -0.01549999974668026 -0.3481999933719635 0.9373000264167786
vn 0.05739999935030937 -0.31540000438690186 0.9472000002861023
vn 0.1339000016450882 -0.3625999987125397 0.9222999811172485
vn 0.21400000154972076 -0.3224000036716461 0.9221000075340271
vn 0.2874000072479248 -0.3677999973297119 0.8844000101089478
vn 0.36890000104904175 -0.3224000036716461 0.8718000054359436
vn 0.43380001187324524 -0.3625999987125397 0.8248000144958496
vn 0.5102999806404114 -0.31540000438690186 0.8001000285148621
vn 0.5633999705314636 -0.3481999933719635 0.7491999864578247
vn 0.6302000284194946 -0.30250000953674316 0.7150999903678894
vn 0.670799970626831 -0.32760000228881836 0.6654000282287598
vn -0.16279999911785126 -0.40779998898506165 0.8985000252723694
vn -0.08860000222921371 -0.45350000262260437 0.886900007724762
vn -0.026599999517202377 -0.4284000098705292 0.9031999707221985
vn 0.0494999997317791 -0.47530001401901245 0.8784000277519226
vn 0.12280000001192093 -0.4422999918460846 0.8884000182151794
vn 0.19599999487400055 -0.48750001192092896 0.8507999777793884
vn 0.27639999985694885 -0.4472000002861023 0.850600004196167
vn 0.34150001406669617 -0.48750001192092896 0.8034999966621399
vn 0.4228000044822693 -0.4422999918460846 0.7908999919891357
vn 0.4763000011444092 -0.47540000081062317 0.7397000193595886
vn 0.5523999929428101 -0.4284000098705292 0.7150999903678894
vn 0.5929999947547913 -0.45350000262260437 0.6654000282287598
vn 0.6597999930381775 -0.40779998898506165 0.6312000155448914
vn 0.6886000037193298 -0.42559999227523804 0.5870000123977661
vn 0.925000011920929 0.3799999952316284 0.0
vn 0.9564999938011169 0.28209999203681946 0.07400000095367432
vn 0.9735999703407288 0.16830000281333923 0.15399999916553497
vn 0.9710000157356262 0.04270000010728836 0.23520000278949738
vn 0.9462000131607056 -0.08739999681711197 0.3116999864578247
vn 0.9006999731063843 -0.2134000062942505 0.3783000111579895
vn 0.8400999903678894 -0.32760000228881836 0.43230000138282776
vn 0.9447000026702881 0.3278999924659729 0.0
vn 0.9564999938011169 0.28209999203681946 -0.07400000095367432
vn 0.9736999869346619 0.21539999544620514 0.07400000095367432
vn 0.9854999780654907 0.1695999950170517 0.0
vn 0.9736999869346619 0.21539999544620514 -0.07400000095367432
vn 0.9735999703407288 0.16830000281333923 -0.15399999916553497
vn 0.9842000007629395 0.08789999783039093 0.15389999747276306
vn 0.9958999752998352 0.042399998754262924 0.0803999975323677
vn 0.9959999918937683 0.08969999849796295 0.0
vn 0.9958999752998352 0.042399998754262924 -0.0803999975323677
vn 0.9842000007629395 0.08789999783039093 -0.15389999747276306
vn 0.9710000157356262 0.04270000010728836 -0.23520000278949738
vn 0.97079998254776 -0.047200001776218414 0.23510000109672546
vn 0.9825000166893005 -0.0925000011920929 0.16179999709129333
vn 0.9955999851226807 -0.047200001776218414 0.08030000329017639
vn 0.9955000281333923 -0.09440000355243683 0.0
vn 0.9955999851226807 -0.047200001776218414 -0.08030000329017639
vn 0.9825000166893005 -0.0925000011920929 -0.16179999709129333
vn 0.97079998254776 -0.047200001776218414 -0.23510000109672546
vn 0.9462000131607056 -0.08739999681711197 -0.3116999864578247
vn 0.9329000115394592 -0.18039999902248383 0.311599999666214
vn 0.944599986076355 -0.22589999437332153 0.23810000717639923
vn 0.9692000150680542 -0.18569999933242798 0.16179999709129333
vn 0.9690999984741211 -0.2328999936580658 0.08139999955892563
vn 0.982200026512146 -0.1876000016927719 0.0
vn 0.9690999984741211 -0.2328999936580658 -0.08139999955892563
vn 0.9692000150680542 -0.18569999933242798 -0.16179999709129333
vn 0.944599986076355 -0.22589999437332153 -0.23810000717639923
vn 0.9329000115394592 -0.18039999902248383 -0.311599999666214
vn 0.9006999731063843 -0.2134000062942505 -0.3783000111579895
vn 0.8748000264167786 -0.30250000953674316 0.3783999979496002
vn 0.8866000175476074 -0.3481999933719635 0.3043000102043152
vn 0.9186000227928162 -0.31540000438690186 0.23810000717639923
vn 0.9185000061988831 -0.3625999987125397 0.15770000219345093
vn 0.9430999755859375 -0.3224000036716461 0.08139999955892563
vn 0.9298999905586243 -0.3677999973297119 0.0
vn 0.9430999755859375 -0.3224000036716461 -0.08139999955892563
vn 0.9185000061988831 -0.3625999987125397 -0.15770000219345093
vn 0.9186000227928162 -0.31540000438690186 -0.23810000717639923
vn 0.8866000175476074 -0.3481999933719635 -0.3043000102043152
vn 0.8748000264167786 -0.30250000953674316 -0.3783999979496002
vn 0.8400999903678894 -0.32760000228881836 -0.43230000138282776
vn 0.8041999936103821 -0.40779998898506165 0.4323999881744385
vn 0.816100001335144 -0.45350000262260437 0.35839998722076416
vn 0.8507999777793884 -0.4284000098705292 0.3043999969959259
vn 0.8507000207901001 -0.47530001401901245 0.22439999878406525
vn 0.8828999996185303 -0.4422999918460846 0.15770000219345093
vn 0.869700014591217 -0.48750001192092896 0.07649999856948853
vn 0.8944000005722046 -0.4472000002861023 0.0
vn 0.869700014591217 -0.48750001192092896 -0.07649999856948853
vn 0.8828999996185303 -0.4422999918460846 -0.15770000219345093
vn 0.8507000207901001 -0.47530001401901245 -0.22439999878406525
vn 0.8507999777793884 -0.4284000098705292 -0.3043999969959259
vn 0.816100001335144 -0.45350000262260437 -0.35839998722076416
vn 0.8041999936103821 -0.40779998898506165 -0.4323999881744385
vn 0.7710999846458435 -0.42559999227523804 -0.47350001335144043
vn 0.6746000051498413 -0.49939998984336853 -0.5436999797821045
vn 0.6177999973297119 -0.6049000024795532 -0.5023999810218811
vn 0.5432999730110168 -0.7102000117301941 -0.44769999384880066
vn 0.4512999951839447 -0.807200014591217 -0.3804999887943268
vn 0.34599998593330383 -0.8876000046730042 -0.30399999022483826
vn 0.2345000058412552 -0.9460999965667725 -0.22339999675750732
vn 0.12460000067949295 -0.9817000031471252 -0.14399999380111694
vn 0.6351000070571899 -0.536899983882904 -0.5552999973297119
vn 0.5788999795913696 -0.5271000266075134 -0.6220999956130981
vn 0.5644000172615051 -0.6471999883651733 -0.512499988079071
vn 0.5081999897956848 -0.6373000144958496 -0.5792999863624573
vn 0.5254999995231628 -0.5694000124931335 -0.6322000026702881
vn 0.46230000257492065 -0.54830002784729 -0.6967999935150146
vn 0.47519999742507935 -0.7537000179290771 -0.453900009393692
vn 0.41940000653266907 -0.7439000010490417 -0.5202999711036682
vn 0.4406000077724457 -0.6805999875068665 -0.5853999853134155
vn 0.37709999084472656 -0.6593999862670898 -0.6503999829292297
vn 0.39430001378059387 -0.5918999910354614 -0.703000009059906
vn 0.3276999890804291 -0.5598999857902527 -0.7609999775886536
vn 0.3707999885082245 -0.8471999764442444 -0.38040000200271606
vn 0.31520000100135803 -0.8374000191688538 -0.4465999901294708
vn 0.3391000032424927 -0.7838000059127808 -0.5202000141143799
vn 0.27570000290870667 -0.7626000046730042 -0.5852000117301941
vn 0.2969000041484833 -0.6992999911308289 -0.6502000093460083
vn 0.23019999265670776 -0.6672999858856201 -0.7084000110626221
vn 0.24719999730587006 -0.6000000238418579 -0.7608000040054321
vn 0.18219999969005585 -0.5598999857902527 -0.8083000183105469
vn 0.2581000030040741 -0.9196000099182129 -0.2962000072002411
vn 0.20229999721050262 -0.9096999764442444 -0.3625999987125397
vn 0.22709999978542328 -0.8694000244140625 -0.43880000710487366
vn 0.16369999945163727 -0.8482000231742859 -0.5037000179290771
vn 0.1876000016927719 -0.794700026512146 -0.5773000121116638
vn 0.120899997651577 -0.7626000046730042 -0.6355000138282776
vn 0.1420000046491623 -0.6992999911308289 -0.7005000114440918
vn 0.07720000296831131 -0.6593999862670898 -0.7477999925613403
vn 0.094200000166893 -0.5918999910354614 -0.8004999756813049
vn 0.035599999129772186 -0.54830002784729 -0.8355000019073486
vn 0.1454000025987625 -0.967199981212616 -0.20810000598430634
vn 0.0892999991774559 -0.9573000073432922 -0.27489998936653137
vn 0.11289999634027481 -0.930899977684021 -0.3472999930381775
vn 0.0494999997317791 -0.9096999764442444 -0.4122999906539917
vn 0.07419999688863754 -0.8694000244140625 -0.4884999990463257
vn 0.007499999832361937 -0.8374000191688538 -0.5465999841690063
vn 0.03139999881386757 -0.7838000059127808 -0.620199978351593
vn -0.033399999141693115 -0.7439000010490417 -0.6675000190734863
vn -0.012299999594688416 -0.6805999875068665 -0.7325999736785889
vn -0.07069999724626541 -0.6373000144958496 -0.7674000263214111
vn -0.05350000038743019 -0.5694000124931335 -0.8202999830245972
vn -0.10270000249147415 -0.5271000266075134 -0.8435999751091003
vn 0.039900001138448715 -0.991599977016449 -0.12290000170469284
vn -0.016100000590085983 -0.9817000031471252 -0.18970000743865967
vn 0.004699999932199717 -0.967199981212616 -0.25380000472068787
vn -0.058400001376867294 -0.9460999965667725 -0.31850001215934753
vn -0.034699998795986176 -0.9196000099182129 -0.3912999927997589
vn -0.10130000114440918 -0.8876000046730042 -0.44929999113082886
vn -0.07639999687671661 -0.8471999764442444 -0.5256999731063843
vn -0.14149999618530273 -0.807200014591217 -0.5730999708175659
vn -0.11760000139474869 -0.7537000179290771 -0.6466000080108643
vn -0.17630000412464142 -0.7102000117301941 -0.6815000176429749
vn -0.15530000627040863 -0.6471999883651733 -0.746399998664856
vn -0.2045000046491623 -0.6049000024795532 -0.769599974155426
vn -0.1873999983072281 -0.536899983882904 -0.8224999904632568
vn -0.22619999945163727 -0.49939998984336853 -0.8363000154495239
vn -0.3086000084877014 -0.49939998984336853 -0.8095999956130981
vn -0.28690001368522644 -0.6049000024795532 -0.7427999973297119
vn -0.2578999996185303 -0.7102000117301941 -0.6549999713897705
vn -0.2223999947309494 -0.807200014591217 -0.5468000173568726
vn -0.18219999969005585 -0.8876000046730042 -0.4230000078678131
vn -0.14000000059604645 -0.9460999965667725 -0.2919999957084656
vn -0.09849999845027924 -0.9817000031471252 -0.16300000250339508
vn -0.33180001378059387 -0.536899983882904 -0.775600016117096
vn -0.41269999742507935 -0.5271000266075134 -0.7427999973297119
vn -0.31299999356269836 -0.6471999883651733 -0.6951000094413757
vn -0.3939000070095062 -0.6373000144958496 -0.6622999906539917
vn -0.4388999938964844 -0.5694000124931335 -0.6951000094413757
vn -0.5199000239372253 -0.54830002784729 -0.6549999713897705
vn -0.2849000096321106 -0.7537000179290771 -0.592199981212616
vn -0.3652999997138977 -0.7439000010490417 -0.5595999956130981
vn -0.4205999970436096 -0.6805999875068665 -0.5999000072479248
vn -0.5019999742507935 -0.6593999862670898 -0.5595999956130981
vn -0.5468000173568726 -0.5918999910354614 -0.592199981212616
vn -0.6225000023841858 -0.5598999857902527 -0.5468000173568726
vn -0.24719999730587006 -0.8471999764442444 -0.4702000021934509
vn -0.3273000121116638 -0.8374000191688538 -0.43779999017715454
vn -0.38999998569488525 -0.7838000059127808 -0.48330000042915344
vn -0.47130000591278076 -0.7626000046730042 -0.4431000053882599
vn -0.5267000198364258 -0.6992999911308289 -0.48330000042915344
vn -0.6025999784469604 -0.6672999858856201 -0.43779999017715454
vn -0.6471999883651733 -0.6000000238418579 -0.4702000021934509
vn -0.7124000191688538 -0.5598999857902527 -0.4230000078678131
vn -0.20200000703334808 -0.9196000099182129 -0.3370000123977661
vn -0.2824000120162964 -0.9096999764442444 -0.304500013589859
vn -0.3472000062465668 -0.8694000244140625 -0.351500004529953
vn -0.4284999966621399 -0.8482000231742859 -0.31130000948905945
vn -0.491100013256073 -0.794700026512146 -0.35679998993873596
vn -0.5669999718666077 -0.7626000046730042 -0.31130000948905945
vn -0.6223999857902527 -0.6992999911308289 -0.351500004529953
vn -0.6873999834060669 -0.6593999862670898 -0.304500013589859
vn -0.732200026512146 -0.5918999910354614 -0.3370000123977661
vn -0.7835999727249146 -0.54830002784729 -0.2919999957084656
vn -0.15299999713897705 -0.967199981212616 -0.20260000228881836
vn -0.23389999568462372 -0.9573000073432922 -0.16990000009536743
vn -0.2955000102519989 -0.930899977684021 -0.21469999849796295
vn -0.376800000667572 -0.9096999764442444 -0.1745000034570694
vn -0.4415999948978424 -0.8694000244140625 -0.2214999943971634
vn -0.5174999833106995 -0.8374000191688538 -0.17599999904632568
vn -0.5800999999046326 -0.7838000059127808 -0.2214999943971634
vn -0.6450999975204468 -0.7439000010490417 -0.1745000034570694
vn -0.7005000114440918 -0.6805999875068665 -0.21469999849796295
vn -0.7516000270843506 -0.6373000144958496 -0.16990000009536743
vn -0.7967000007629395 -0.5694000124931335 -0.20260000228881836
vn -0.8339999914169312 -0.5271000266075134 -0.16300000250339508
vn -0.10450000315904617 -0.991599977016449 -0.07590000331401825
vn -0.18539999425411224 -0.9817000031471252 -0.043299999088048935
vn -0.23989999294281006 -0.967199981212616 -0.08290000259876251
vn -0.32100000977516174 -0.9460999965667725 -0.042899999767541885
vn -0.3828999996185303 -0.9196000099182129 -0.08789999783039093
vn -0.4586000144481659 -0.8876000046730042 -0.042500000447034836
vn -0.5235999822616577 -0.8471999764442444 -0.08980000019073486
vn -0.5888000130653381 -0.807200014591217 -0.042500000447034836
vn -0.6513000130653381 -0.7537000179290771 -0.08789999783039093
vn -0.7027000188827515 -0.7102000117301941 -0.042899999767541885
vn -0.7577999830245972 -0.6471999883651733 -0.08290000259876251
vn -0.7950999736785889 -0.6049000024795532 -0.043299999088048935
vn -0.8402000069618225 -0.536899983882904 -0.07590000331401825
vn -0.8652999997138977 -0.49939998984336853 -0.04340000078082085
vn -0.8652999997138977 -0.49939998984336853 0.04340000078082085
vn -0.7950999736785889 -0.6049000024795532 0.043299999088048935
vn -0.7027000188827515 -0.7102000117301941 0.042899999767541885
vn -0.5888000130653381 -0.807200014591217 0.042500000447034836
vn -0.4586000144481659 -0.8876000046730042 0.042500000447034836
vn -0.32100000977516174 -0.9460999965667725 0.042899999767541885
vn -0.18539999425411224 -0.9817000031471252 0.043299999088048935
vn -0.8402000069618225 -0.536899983882904 0.07590000331401825
vn -0.8339999914169312 -0.5271000266075134 0.16300000250339508
vn -0.7577999830245972 -0.6471999883651733 0.08290000259876251
vn -0.7516000270843506 -0.6373000144958496 0.16990000009536743
vn -0.7967000007629395 -0.5694000124931335 0.20260000228881836
vn -0.7835999727249146 -0.54830002784729 0.2919999957084656
vn -0.6513000130653381 -0.7537000179290771 0.08789999783039093
vn -0.6450999975204468 -0.7439000010490417 0.1745000034570694
vn -0.7005000114440918 -0.6805999875068665 0.21469999849796295
vn -0.6873999834060669 -0.6593999862670898 0.304500013589859
vn -0.732200026512146 -0.5918999910354614 0.3370000123977661
vn -0.7124000191688538 -0.5598999857902527 0.4230000078678131
vn -0.5235999822616577 -0.8471999764442444 0.08980000019073486
vn -0.5174999833106995 -0.8374000191688538 0.17599999904632568
vn -0.5800999999046326 -0.7838000059127808 0.2214999943971634
vn -0.5669999718666077 -0.7626000046730042 0.31130000948905945
vn -0.6223999857902527 -0.6992999911308289 0.351500004529953
vn -0.6025999784469604 -0.6672999858856201 0.43779999017715454
vn -0.6471999883651733 -0.6000000238418579 0.4702000021934509
vn -0.6225000023841858 -0.5598999857902527 0.5468000173568726
vn -0.3828999996185303 -0.9196000099182129 0.08789999783039093
vn -0.376800000667572 -0.9096999764442444 0.1745000034570694
vn -0.4415999948978424 -0.8694000244140625 0.2214999943971634
vn -0.4284999966621399 -0.8482000231742859 0.31130000948905945
vn -0.491100013256073 -0.794700026512146 0.35679998993873596
vn -0.47130000591278076 -0.7626000046730042 0.4431000053882599
vn -0.5267000198364258 -0.6992999911308289 0.48330000042915344
vn -0.5019999742507935 -0.6593999862670898 0.5595999956130981
vn -0.5468000173568726 -0.5918999910354614 0.592199981212616
vn -0.5199000239372253 -0.54830002784729 0.6549999713897705
vn -0.23989999294281006 -0.967199981212616 0.08290000259876251
vn -0.23389999568462372 -0.9573000073432922 0.16990000009536743
vn -0.2955000102519989 -0.930899977684021 0.21469999849796295
vn -0.2824000120162964 -0.9096999764442444 0.304500013589859
vn -0.3472000062465668 -0.8694000244140625 0.351500004529953
vn -0.3273000121116638 -0.8374000191688538 0.43779999017715454
vn -0.38999998569488525 -0.7838000059127808 0.48330000042915344
vn -0.3652999997138977 -0.7439000010490417 0.5595999956130981
vn -0.4205999970436096 -0.6805999875068665 0.5999000072479248
vn -0.3939000070095062 -0.6373000144958496 0.6622999906539917
vn -0.4388999938964844 -0.5694000124931335 0.6951000094413757
vn -0.41269999742507935 -0.5271000266075134 0.7427999973297119
vn -0.10450000315904617 -0.991599977016449 0.07590000331401825
vn -0.09849999845027924 -0.9817000031471252 0.16300000250339508
vn -0.15299999713897705 -0.967199981212616 0.20260000228881836
vn -0.14000000059604645 -0.9460999965667725 0.2919999957084656
vn -0.20200000703334808 -0.9196000099182129 0.3370000123977661
vn -0.18219999969005585 -0.8876000046730042 0.4230000078678131
vn -0.24719999730587006 -0.8471999764442444 0.4702000021934509
vn -0.2223999947309494 -0.807200014591217 0.5468000173568726
vn -0.2849000096321106 -0.7537000179290771 0.592199981212616
vn -0.2578999996185303 -0.7102000117301941 0.6549999713897705
vn -0.31299999356269836 -0.6471999883651733 0.6951000094413757
vn -0.28690001368522644 -0.6049000024795532 0.7427999973297119
vn -0.33180001378059387 -0.536899983882904 0.775600016117096
vn -0.3086000084877014 -0.49939998984336853 0.8095999956130981
vn 0.7254999876022339 -0.49939998984336853 -0.47350001335144043
vn 0.7705000042915344 -0.5271000266075134 -0.35839998722076416
vn 0.8055999875068665 -0.54830002784729 -0.22439999878406525
vn 0.824999988079071 -0.5598999857902527 -0.07649999856948853
vn 0.824999988079071 -0.5598999857902527 0.07649999856948853
vn 0.8055999875068665 -0.54830002784729 0.22439999878406525
vn 0.7705000042915344 -0.5271000266075134 0.35839998722076416
vn 0.724399983882904 -0.536899983882904 -0.4323999881744385
vn 0.6686999797821045 -0.6049000024795532 -0.43230000138282776
vn 0.7635999917984009 -0.5694000124931335 -0.3043999969959259
vn 0.7080000042915344 -0.6373000144958496 -0.3043000102043152
vn 0.6618000268936157 -0.6471999883651733 -0.3783999979496002
vn 0.5936999917030334 -0.7102000117301941 -0.3783000111579895
vn 0.7904000282287598 -0.5918999910354614 -0.15770000219345093
vn 0.7350999712944031 -0.6593999862670898 -0.15770000219345093
vn 0.6929000020027161 -0.6805999875068665 -0.23810000717639923
vn 0.6244999766349792 -0.7439000010490417 -0.23810000717639923
vn 0.5785999894142151 -0.7537000179290771 -0.311599999666214
vn 0.5012999773025513 -0.807200014591217 -0.3116999864578247
vn 0.800000011920929 -0.6000000238418579 0.0
vn 0.7447999715805054 -0.6672999858856201 0.0
vn 0.710099995136261 -0.6992999911308289 -0.08139999955892563
vn 0.641700029373169 -0.7626000046730042 -0.08139999955892563
vn 0.5996000170707703 -0.7838000059127808 -0.16179999709129333
vn 0.5221999883651733 -0.8374000191688538 -0.16179999709129333
vn 0.4763999879360199 -0.8471999764442444 -0.23510000109672546
vn 0.3959999978542328 -0.8876000046730042 -0.23520000278949738
vn 0.7904000282287598 -0.5918999910354614 0.15770000219345093
vn 0.7350999712944031 -0.6593999862670898 0.15770000219345093
vn 0.710099995136261 -0.6992999911308289 0.08139999955892563
vn 0.641700029373169 -0.7626000046730042 0.08139999955892563
vn 0.6071000099182129 -0.794700026512146 -0.0
vn 0.529699981212616 -0.8482000231742859 0.0
vn 0.48750001192092896 -0.8694000244140625 -0.08030000329017639
vn 0.4074000120162964 -0.9096999764442444 -0.0803999975323677
vn 0.36149999499320984 -0.9196000099182129 -0.15389999747276306
vn 0.2849000096321106 -0.9460999965667725 -0.15399999916553497
vn 0.7635999917984009 -0.5694000124931335 0.3043999969959259
vn 0.7080000042915344 -0.6373000144958496 0.3043000102043152
vn 0.6929000020027161 -0.6805999875068665 0.23810000717639923
vn 0.6244999766349792 -0.7439000010490417 0.23810000717639923
vn 0.5996000170707703 -0.7838000059127808 0.16179999709129333
vn 0.5221999883651733 -0.8374000191688538 0.16179999709129333
vn 0.48750001192092896 -0.8694000244140625 0.08030000329017639
vn 0.4074000120162964 -0.9096999764442444 0.0803999975323677
vn 0.365200012922287 -0.930899977684021 0.0
vn 0.2890999913215637 -0.9573000073432922 0.0
vn 0.24279999732971191 -0.967199981212616 -0.07400000095367432
vn 0.17550000548362732 -0.9817000031471252 -0.07400000095367432
vn 0.724399983882904 -0.536899983882904 0.4323999881744385
vn 0.6686999797821045 -0.6049000024795532 0.43230000138282776
vn 0.6618000268936157 -0.6471999883651733 0.3783999979496002
vn 0.5936999917030334 -0.7102000117301941 0.3783000111579895
vn 0.5785999894142151 -0.7537000179290771 0.311599999666214
vn 0.5012999773025513 -0.807200014591217 0.3116999864578247
vn 0.4763999879360199 -0.8471999764442444 0.23510000109672546
vn 0.3959999978542328 -0.8876000046730042 0.23520000278949738
vn 0.36149999499320984 -0.9196000099182129 0.15389999747276306
vn 0.2849000096321106 -0.9460999965667725 0.15399999916553497
vn 0.24279999732971191 -0.967199981212616 0.07400000095367432
vn 0.17550000548362732 -0.9817000031471252 0.07400000095367432
vn 0.12919999659061432 -0.991599977016449 0.0
vn 0.0737999975681305 -0.9973000288009644 0.0
vn -0.22619999945163727 -0.49939998984336853 0.8363000154495239
vn -0.2045000046491623 -0.6049000024795532 0.769599974155426
vn -0.17630000412464142 -0.7102000117301941 0.6815000176429749
vn -0.14149999618530273 -0.807200014591217 0.5730999708175659
vn -0.10130000114440918 -0.8876000046730042 0.44929999113082886
vn -0.058400001376867294 -0.9460999965667725 0.31850001215934753
vn -0.016100000590085983 -0.9817000031471252 0.18970000743865967
vn -0.1873999983072281 -0.536899983882904 0.8224999904632568
vn -0.10270000249147415 -0.5271000266075134 0.8435999751091003
vn -0.15530000627040863 -0.6471999883651733 0.7462999820709229
vn -0.07069999724626541 -0.6373000144958496 0.7674000263214111
vn -0.05350000038743019 -0.5694000124931335 0.8202999830245972
vn 0.035599999129772186 -0.54830002784729 0.8355000019073486
vn -0.11760000139474869 -0.7537000179290771 0.6466000080108643
vn -0.033399999141693115 -0.7439000010490417 0.6675000190734863
vn -0.012299999594688416 -0.6805999875068665 0.7325999736785889
vn 0.07720000296831131 -0.6593999862670898 0.7477999925613403
vn 0.094200000166893 -0.5918999910354614 0.8004999756813049
vn 0.18219999969005585 -0.5598999857902527 0.8083000183105469
vn -0.07639999687671661 -0.8471999764442444 0.5256999731063843
vn 0.007499999832361937 -0.8374000191688538 0.5465999841690063
vn 0.03139999881386757 -0.7838000059127808 0.620199978351593
vn 0.120899997651577 -0.7626000046730042 0.6355000138282776
vn 0.1420000046491623 -0.6992999911308289 0.7005000114440918
vn 0.23019999265670776 -0.6672999858856201 0.7084000110626221
vn 0.24719999730587006 -0.6000000238418579 0.7608000040054321
vn 0.3276999890804291 -0.5598999857902527 0.7609999775886536
vn -0.034699998795986176 -0.9196000099182129 0.3912999927997589
vn 0.0494999997317791 -0.9096999764442444 0.4122999906539917
vn 0.07419999688863754 -0.8694000244140625 0.4884999990463257
vn 0.16369999945163727 -0.8482000231742859 0.5037000179290771
vn 0.1876000016927719 -0.794700026512146 0.5773000121116638
vn 0.27570000290870667 -0.7626000046730042 0.5852000117301941
vn 0.2969000041484833 -0.6992999911308289 0.6502000093460083
vn 0.37709999084472656 -0.6593999862670898 0.6503999829292297
vn 0.39430001378059387 -0.5918999910354614 0.703000009059906
vn 0.46230000257492065 -0.54830002784729 0.6967999935150146
vn 0.004699999932199717 -0.967199981212616 0.25380000472068787
vn 0.0892999991774559 -0.9573000073432922 0.27489998936653137
vn 0.11289999634027481 -0.930899977684021 0.3472999930381775
vn 0.20229999721050262 -0.9096999764442444 0.3625999987125397
vn 0.22709999978542328 -0.8694000244140625 0.43880000710487366
vn 0.31520000100135803 -0.8374000191688538 0.4465999901294708
vn 0.3391000032424927 -0.7838000059127808 0.5202000141143799
vn 0.41940000653266907 -0.7439000010490417 0.5202999711036682
vn 0.4406000077724457 -0.6805999875068665 0.5853999853134155
vn 0.5081999897956848 -0.6373000144958496 0.5792999863624573
vn 0.5254999995231628 -0.5694000124931335 0.6322000026702881
vn 0.5788999795913696 -0.5271000266075134 0.6220999956130981
vn 0.039900001138448715 -0.991599977016449 0.12280000001192093
vn 0.12460000067949295 -0.9817000031471252 0.14399999380111694
vn 0.1454000025987625 -0.967199981212616 0.20810000598430634
vn 0.2345000058412552 -0.9460999965667725 0.22339999675750732
vn 0.2581000030040741 -0.9196000099182129 0.2962000072002411
vn 0.34599998593330383 -0.8876000046730042 0.30399999022483826
vn 0.3707999885082245 -0.8471999764442444 0.38040000200271606
vn 0.4512999951839447 -0.807200014591217 0.3804999887943268
vn 0.47519999742507935 -0.7537000179290771 0.453900009393692
vn 0.5432999730110168 -0.7102000117301941 0.44769999384880066
vn 0.5644000172615051 -0.6471999883651733 0.512499988079071
vn 0.6177999973297119 -0.6049000024795532 0.5023999810218811
vn 0.6351000070571899 -0.536899983882904 0.5552999973297119
vn 0.6746000051498413 -0.49939998984336853 0.5436999797821045
s 1 
g pMesh1
usemtl defaultMat
f  1/1/1 20/2/1 19/3/1
f  2/4/2 26/5/2 40/6/2
f  1/7/3 19/8/3 54/9/3
f  1/10/4 54/11/4 68/12/4
f  1/13/5 68/14/5 41/15/5
f  2/4/6 40/6/6 89/16/6
f  3/17/7 33/18/7 103/19/7
f  4/20/8 61/21/8 117/22/8
f  5/23/9 75/24/9 131/25/9
f  6/26/10 82/27/10 145/28/10
f  2/4/11 89/16/11 104/29/11
f  3/17/12 103/19/12 118/30/12
f  4/20/13 117/22/13 132/31/13
f  5/23/14 131/25/14 146/32/14
f  6/26/15 145/28/15 90/33/15
f  7/34/16 159/35/16 194/36/16
f  8/37/17 166/38/17 208/39/17
f  9/40/18 173/41/18 215/42/18
f  10/43/19 180/44/19 222/45/19
f  11/46/20 187/47/20 195/48/20
f  201/49/21 216/50/21 12/51/21
f  200/52/22 223/53/22 201/49/22
f  199/54/23 224/55/23 200/52/23
f  198/56/24 226/57/24 199/54/24
f  197/58/25 229/59/25 198/56/25
f  196/60/26 233/61/26 197/58/26
f  195/48/27 238/62/27 196/60/27
f  201/49/28 223/53/28 216/50/28
f  223/53/29 217/63/29 216/50/29
f  200/52/30 224/55/30 223/53/30
f  224/55/31 225/64/31 223/53/31
f  223/53/32 225/64/32 217/63/32
f  225/64/33 218/65/33 217/63/33
f  199/54/34 226/57/34 224/55/34
f  226/57/35 227/66/35 224/55/35
f  224/55/36 227/66/36 225/64/36
f  227/66/37 228/67/37 225/64/37
f  225/64/38 228/67/38 218/65/38
f  228/67/39 219/68/39 218/65/39
f  198/56/40 229/59/40 226/57/40
f  229/59/41 230/69/41 226/57/41
f  226/57/42 230/69/42 227/66/42
f  230/69/43 231/70/43 227/66/43
f  227/66/44 231/70/44 228/67/44
f  231/70/45 232/71/45 228/67/45
f  228/67/46 232/71/46 219/68/46
f  232/71/47 220/72/47 219/68/47
f  197/58/48 233/61/48 229/59/48
f  233/61/49 234/73/49 229/59/49
f  229/59/50 234/73/50 230/69/50
f  234/73/51 235/74/51 230/69/51
f  230/69/52 235/74/52 231/70/52
f  235/74/53 236/75/53 231/70/53
f  231/70/54 236/75/54 232/71/54
f  236/75/55 237/76/55 232/71/55
f  232/71/56 237/76/56 220/72/56
f  237/76/57 221/77/57 220/72/57
f  196/60/58 238/62/58 233/61/58
f  238/62/59 239/78/59 233/61/59
f  233/61/60 239/78/60 234/73/60
f  239/78/61 240/79/61 234/73/61
f  234/73/62 240/79/62 235/74/62
f  240/79/63 241/80/63 235/74/63
f  235/74/64 241/80/64 236/75/64
f  241/80/65 242/81/65 236/75/65
f  236/75/66 242/81/66 237/76/66
f  242/81/67 243/82/67 237/76/67
f  237/76/68 243/82/68 221/77/68
f  243/82/69 222/83/69 221/77/69
f  195/48/70 187/47/70 238/62/70
f  187/47/71 186/84/71 238/62/71
f  238/62/72 186/84/72 239/78/72
f  186/84/73 185/85/73 239/78/73
f  239/78/74 185/85/74 240/79/74
f  185/85/75 184/86/75 240/79/75
f  240/79/76 184/86/76 241/80/76
f  184/86/77 183/87/77 241/80/77
f  241/80/78 183/87/78 242/81/78
f  183/87/79 182/88/79 242/81/79
f  242/81/80 182/88/80 243/82/80
f  182/88/81 181/89/81 243/82/81
f  243/82/82 181/89/82 222/83/82
f  181/89/83 10/43/83 222/83/83
f  216/90/84 209/91/84 12/92/84
f  217/93/85 244/94/85 216/90/85
f  218/95/86 245/96/86 217/93/86
f  219/97/87 247/98/87 218/95/87
f  220/99/88 250/100/88 219/97/88
f  221/101/89 254/102/89 220/99/89
f  222/45/90 259/103/90 221/101/90
f  216/90/91 244/94/91 209/91/91
f  244/94/92 210/104/92 209/91/92
f  217/93/93 245/96/93 244/94/93
f  245/96/94 246/105/94 244/94/94
f  244/94/95 246/105/95 210/104/95
f  246/105/96 211/106/96 210/104/96
f  218/95/97 247/98/97 245/96/97
f  247/98/98 248/107/98 245/96/98
f  245/96/99 248/107/99 246/105/99
f  248/107/100 249/108/100 246/105/100
f  246/105/101 249/108/101 211/106/101
f  249/108/102 212/109/102 211/106/102
f  219/97/103 250/100/103 247/98/103
f  250/100/104 251/110/104 247/98/104
f  247/98/105 251/110/105 248/107/105
f  251/110/106 252/111/106 248/107/106
f  248/107/107 252/111/107 249/108/107
f  252/111/108 253/112/108 249/108/108
f  249/108/109 253/112/109 212/109/109
f  253/112/110 213/113/110 212/109/110
f  220/99/111 254/102/111 250/100/111
f  254/102/112 255/114/112 250/100/112
f  250/100/113 255/114/113 251/110/113
f  255/114/114 256/115/114 251/110/114
f  251/110/115 256/115/115 252/111/115
f  256/115/116 257/116/116 252/111/116
f  252/111/117 257/116/117 253/112/117
f  257/116/118 258/117/118 253/112/118
f  253/112/119 258/117/119 213/113/119
f  258/117/120 214/118/120 213/113/120
f  221/101/121 259/103/121 254/102/121
f  259/103/122 260/119/122 254/102/122
f  254/102/123 260/119/123 255/114/123
f  260/119/124 261/120/124 255/114/124
f  255/114/125 261/120/125 256/115/125
f  261/120/126 262/121/126 256/115/126
f  256/115/127 262/121/127 257/116/127
f  262/121/128 263/122/128 257/116/128
f  257/116/129 263/122/129 258/117/129
f  263/122/130 264/123/130 258/117/130
f  258/117/131 264/123/131 214/118/131
f  264/123/132 215/124/132 214/118/132
f  222/45/133 180/44/133 259/103/133
f  180/44/134 179/125/134 259/103/134
f  259/103/135 179/125/135 260/119/135
f  179/125/136 178/126/136 260/119/136
f  260/119/137 178/126/137 261/120/137
f  178/126/138 177/127/138 261/120/138
f  261/120/139 177/127/139 262/121/139
f  177/127/140 176/128/140 262/121/140
f  262/121/141 176/128/141 263/122/141
f  176/128/142 175/129/142 263/122/142
f  263/122/143 175/129/143 264/123/143
f  175/129/144 174/130/144 264/123/144
f  264/123/145 174/130/145 215/124/145
f  174/130/146 9/40/146 215/124/146
f  209/131/147 202/132/147 12/133/147
f  210/134/148 265/135/148 209/131/148
f  211/136/149 266/137/149 210/134/149
f  212/138/150 268/139/150 211/136/150
f  213/140/151 271/141/151 212/138/151
f  214/142/152 275/143/152 213/140/152
f  215/42/153 280/144/153 214/142/153
f  209/131/154 265/135/154 202/132/154
f  265/135/155 203/145/155 202/132/155
f  210/134/156 266/137/156 265/135/156
f  266/137/157 267/146/157 265/135/157
f  265/135/158 267/146/158 203/145/158
f  267/146/159 204/147/159 203/145/159
f  211/136/160 268/139/160 266/137/160
f  268/139/161 269/148/161 266/137/161
f  266/137/162 269/148/162 267/146/162
f  269/148/163 270/149/163 267/146/163
f  267/146/164 270/149/164 204/147/164
f  270/149/165 205/150/165 204/147/165
f  212/138/166 271/141/166 268/139/166
f  271/141/167 272/151/167 268/139/167
f  268/139/168 272/151/168 269/148/168
f  272/151/169 273/152/169 269/148/169
f  269/148/170 273/152/170 270/149/170
f  273/152/171 274/153/171 270/149/171
f  270/149/172 274/153/172 205/150/172
f  274/153/173 206/154/173 205/150/173
f  213/140/174 275/143/174 271/141/174
f  275/143/175 276/155/175 271/141/175
f  271/141/176 276/155/176 272/151/176
f  276/155/177 277/156/177 272/151/177
f  272/151/178 277/156/178 273/152/178
f  277/156/179 278/157/179 273/152/179
f  273/152/180 278/157/180 274/153/180
f  278/157/181 279/158/181 274/153/181
f  274/153/182 279/158/182 206/154/182
f  279/158/183 207/159/183 206/154/183
f  214/142/184 280/144/184 275/143/184
f  280/144/185 281/160/185 275/143/185
f  275/143/186 281/160/186 276/155/186
f  281/160/187 282/161/187 276/155/187
f  276/155/188 282/161/188 277/156/188
f  282/161/189 283/162/189 277/156/189
f  277/156/190 283/162/190 278/157/190
f  283/162/191 284/163/191 278/157/191
f  278/157/192 284/163/192 279/158/192
f  284/163/193 285/164/193 279/158/193
f  279/158/194 285/164/194 207/159/194
f  285/164/195 208/165/195 207/159/195
f  215/42/196 173/41/196 280/144/196
f  173/41/197 172/166/197 280/144/197
f  280/144/198 172/166/198 281/160/198
f  172/166/199 171/167/199 281/160/199
f  281/160/200 171/167/200 282/161/200
f  171/167/201 170/168/201 282/161/201
f  282/161/202 170/168/202 283/162/202
f  170/168/203 169/169/203 283/162/203
f  283/162/204 169/169/204 284/163/204
f  169/169/205 168/170/205 284/163/205
f  284/163/206 168/170/206 285/164/206
f  168/170/207 167/171/207 285/164/207
f  285/164/208 167/171/208 208/165/208
f  167/171/209 8/172/209 208/165/209
f  202/173/210 188/174/210 12/175/210
f  203/176/211 286/177/211 202/173/211
f  204/178/212 287/179/212 203/176/212
f  205/180/213 289/181/213 204/178/213
f  206/182/214 292/183/214 205/180/214
f  207/184/215 296/185/215 206/182/215
f  208/39/216 301/186/216 207/184/216
f  202/173/217 286/177/217 188/174/217
f  286/177/218 189/187/218 188/174/218
f  203/176/219 287/179/219 286/177/219
f  287/179/220 288/188/220 286/177/220
f  286/177/221 288/188/221 189/187/221
f  288/188/222 190/189/222 189/187/222
f  204/178/223 289/181/223 287/179/223
f  289/181/224 290/190/224 287/179/224
f  287/179/225 290/190/225 288/188/225
f  290/190/226 291/191/226 288/188/226
f  288/188/227 291/191/227 190/189/227
f  291/191/228 191/192/228 190/189/228
f  205/180/229 292/183/229 289/181/229
f  292/183/230 293/193/230 289/181/230
f  289/181/231 293/193/231 290/190/231
f  293/193/232 294/194/232 290/190/232
f  290/190/233 294/194/233 291/191/233
f  294/194/234 295/195/234 291/191/234
f  291/191/235 295/195/235 191/192/235
f  295/195/236 192/196/236 191/192/236
f  206/182/237 296/185/237 292/183/237
f  296/185/238 297/197/238 292/183/238
f  292/183/239 297/197/239 293/193/239
f  297/197/240 298/198/240 293/193/240
f  293/193/241 298/198/241 294/194/241
f  298/198/242 299/199/242 294/194/242
f  294/194/243 299/199/243 295/195/243
f  299/199/244 300/200/244 295/195/244
f  295/195/245 300/200/245 192/196/245
f  300/200/246 193/201/246 192/196/246
f  207/184/247 301/186/247 296/185/247
f  301/186/248 302/202/248 296/185/248
f  296/185/249 302/202/249 297/197/249
f  302/202/250 303/203/250 297/197/250
f  297/197/251 303/203/251 298/198/251
f  303/203/252 304/204/252 298/198/252
f  298/198/253 304/204/253 299/199/253
f  304/204/254 305/205/254 299/199/254
f  299/199/255 305/205/255 300/200/255
f  305/205/256 306/206/256 300/200/256
f  300/200/257 306/206/257 193/201/257
f  306/206/258 194/207/258 193/201/258
f  208/39/259 166/38/259 301/186/259
f  166/38/260 165/208/260 301/186/260
f  301/186/261 165/208/261 302/202/261
f  165/208/262 164/209/262 302/202/262
f  302/202/263 164/209/263 303/203/263
f  164/209/264 163/210/264 303/203/264
f  303/203/265 163/210/265 304/204/265
f  163/210/266 162/211/266 304/204/266
f  304/204/267 162/211/267 305/205/267
f  162/211/268 161/212/268 305/205/268
f  305/205/269 161/212/269 306/206/269
f  161/212/270 160/213/270 306/206/270
f  306/206/271 160/213/271 194/207/271
f  160/213/272 7/34/272 194/207/272
f  188/214/273 201/215/273 12/216/273
f  189/217/274 307/218/274 188/214/274
f  190/219/275 308/220/275 189/217/275
f  191/221/276 310/222/276 190/219/276
f  192/223/277 313/224/277 191/221/277
f  193/225/278 317/226/278 192/223/278
f  194/36/279 322/227/279 193/225/279
f  188/214/280 307/218/280 201/215/280
f  307/218/281 200/228/281 201/215/281
f  189/217/282 308/220/282 307/218/282
f  308/220/283 309/229/283 307/218/283
f  307/218/284 309/229/284 200/228/284
f  309/229/285 199/230/285 200/228/285
f  190/219/286 310/222/286 308/220/286
f  310/222/287 311/231/287 308/220/287
f  308/220/288 311/231/288 309/229/288
f  311/231/289 312/232/289 309/229/289
f  309/229/290 312/232/290 199/230/290
f  312/232/291 198/233/291 199/230/291
f  191/221/292 313/224/292 310/222/292
f  313/224/293 314/234/293 310/222/293
f  310/222/294 314/234/294 311/231/294
f  314/234/295 315/235/295 311/231/295
f  311/231/296 315/235/296 312/232/296
f  315/235/297 316/236/297 312/232/297
f  312/232/298 316/236/298 198/233/298
f  316/236/299 197/237/299 198/233/299
f  192/223/300 317/226/300 313/224/300
f  317/226/301 318/238/301 313/224/301
f  313/224/302 318/238/302 314/234/302
f  318/238/303 319/239/303 314/234/303
f  314/234/304 319/239/304 315/235/304
f  319/239/305 320/240/305 315/235/305
f  315/235/306 320/240/306 316/236/306
f  320/240/307 321/241/307 316/236/307
f  316/236/308 321/241/308 197/237/308
f  321/241/309 196/242/309 197/237/309
f  193/225/310 322/227/310 317/226/310
f  322/227/311 323/243/311 317/226/311
f  317/226/312 323/243/312 318/238/312
f  323/243/313 324/244/313 318/238/313
f  318/238/314 324/244/314 319/239/314
f  324/244/315 325/245/315 319/239/315
f  319/239/316 325/245/316 320/240/316
f  325/245/317 326/246/317 320/240/317
f  320/240/318 326/246/318 321/241/318
f  326/246/319 327/247/319 321/241/319
f  321/241/320 327/247/320 196/242/320
f  327/247/321 195/248/321 196/242/321
f  194/36/322 159/35/322 322/227/322
f  159/35/323 158/249/323 322/227/323
f  322/227/324 158/249/324 323/243/324
f  158/249/325 157/250/325 323/243/325
f  323/243/326 157/250/326 324/244/326
f  157/250/327 156/251/327 324/244/327
f  324/244/328 156/251/328 325/245/328
f  156/251/329 155/252/329 325/245/329
f  325/245/330 155/252/330 326/246/330
f  155/252/331 154/253/331 326/246/331
f  326/246/332 154/253/332 327/247/332
f  154/253/333 153/254/333 327/247/333
f  327/247/334 153/254/334 195/248/334
f  153/254/335 11/46/335 195/248/335
f  96/255/336 187/47/336 11/46/336
f  95/256/337 328/257/337 96/255/337
f  94/258/338 329/259/338 95/256/338
f  93/260/339 331/261/339 94/258/339
f  92/262/340 334/263/340 93/260/340
f  91/264/341 338/265/341 92/262/341
f  90/33/342 343/266/342 91/264/342
f  96/255/343 328/257/343 187/47/343
f  328/257/344 186/84/344 187/47/344
f  95/256/345 329/259/345 328/257/345
f  329/259/346 330/267/346 328/257/346
f  328/257/347 330/267/347 186/84/347
f  330/267/348 185/85/348 186/84/348
f  94/258/349 331/261/349 329/259/349
f  331/261/350 332/268/350 329/259/350
f  329/259/351 332/268/351 330/267/351
f  332/268/352 333/269/352 330/267/352
f  330/267/353 333/269/353 185/85/353
f  333/269/354 184/86/354 185/85/354
f  93/260/355 334/263/355 331/261/355
f  334/263/356 335/270/356 331/261/356
f  331/261/357 335/270/357 332/268/357
f  335/270/358 336/271/358 332/268/358
f  332/268/359 336/271/359 333/269/359
f  336/271/360 337/272/360 333/269/360
f  333/269/361 337/272/361 184/86/361
f  337/272/362 183/87/362 184/86/362
f  92/262/363 338/265/363 334/263/363
f  338/265/364 339/273/364 334/263/364
f  334/263/365 339/273/365 335/270/365
f  339/273/366 340/274/366 335/270/366
f  335/270/367 340/274/367 336/271/367
f  340/274/368 341/275/368 336/271/368
f  336/271/369 341/275/369 337/272/369
f  341/275/370 342/276/370 337/272/370
f  337/272/371 342/276/371 183/87/371
f  342/276/372 182/88/372 183/87/372
f  91/264/373 343/266/373 338/265/373
f  343/266/374 344/277/374 338/265/374
f  338/265/375 344/277/375 339/273/375
f  344/277/376 345/278/376 339/273/376
f  339/273/377 345/278/377 340/274/377
f  345/278/378 346/279/378 340/274/378
f  340/274/379 346/279/379 341/275/379
f  346/279/380 347/280/380 341/275/380
f  341/275/381 347/280/381 342/276/381
f  347/280/382 348/281/382 342/276/382
f  342/276/383 348/281/383 182/88/383
f  348/281/384 181/89/384 182/88/384
f  90/33/385 145/28/385 343/266/385
f  145/28/386 144/282/386 343/266/386
f  343/266/387 144/282/387 344/277/387
f  144/282/388 143/283/388 344/277/388
f  344/277/389 143/283/389 345/278/389
f  143/283/390 142/284/390 345/278/390
f  345/278/391 142/284/391 346/279/391
f  142/284/392 141/285/392 346/279/392
f  346/279/393 141/285/393 347/280/393
f  141/285/394 140/286/394 347/280/394
f  347/280/395 140/286/395 348/281/395
f  140/286/396 139/287/396 348/281/396
f  348/281/397 139/287/397 181/89/397
f  139/287/398 10/43/398 181/89/398
f  152/288/399 180/44/399 10/43/399
f  151/289/400 349/290/400 152/288/400
f  150/291/401 350/292/401 151/289/401
f  149/293/402 352/294/402 150/291/402
f  148/295/403 355/296/403 149/293/403
f  147/297/404 359/298/404 148/295/404
f  146/32/405 364/299/405 147/297/405
f  152/288/406 349/290/406 180/44/406
f  349/290/407 179/125/407 180/44/407
f  151/289/408 350/292/408 349/290/408
f  350/292/409 351/300/409 349/290/409
f  349/290/410 351/300/410 179/125/410
f  351/300/411 178/126/411 179/125/411
f  150/291/412 352/294/412 350/292/412
f  352/294/413 353/301/413 350/292/413
f  350/292/414 353/301/414 351/300/414
f  353/301/415 354/302/415 351/300/415
f  351/300/416 354/302/416 178/126/416
f  354/302/417 177/127/417 178/126/417
f  149/293/418 355/296/418 352/294/418
f  355/296/419 356/303/419 352/294/419
f  352/294/420 356/303/420 353/301/420
f  356/303/421 357/304/421 353/301/421
f  353/301/422 357/304/422 354/302/422
f  357/304/423 358/305/423 354/302/423
f  354/302/424 358/305/424 177/127/424
f  358/305/425 176/128/425 177/127/425
f  148/295/426 359/298/426 355/296/426
f  359/298/427 360/306/427 355/296/427
f  355/296/428 360/306/428 356/303/428
f  360/306/429 361/307/429 356/303/429
f  356/303/430 361/307/430 357/304/430
f  361/307/431 362/308/431 357/304/431
f  357/304/432 362/308/432 358/305/432
f  362/308/433 363/309/433 358/305/433
f  358/305/434 363/309/434 176/128/434
f  363/309/435 175/129/435 176/128/435
f  147/297/436 364/299/436 359/298/436
f  364/299/437 365/310/437 359/298/437
f  359/298/438 365/310/438 360/306/438
f  365/310/439 366/311/439 360/306/439
f  360/306/440 366/311/440 361/307/440
f  366/311/441 367/312/441 361/307/441
f  361/307/442 367/312/442 362/308/442
f  367/312/443 368/313/443 362/308/443
f  362/308/444 368/313/444 363/309/444
f  368/313/445 369/314/445 363/309/445
f  363/309/446 369/314/446 175/129/446
f  369/314/447 174/130/447 175/129/447
f  146/32/448 131/25/448 364/299/448
f  131/25/449 130/315/449 364/299/449
f  364/299/450 130/315/450 365/310/450
f  130/315/451 129/316/451 365/310/451
f  365/310/452 129/316/452 366/311/452
f  129/316/453 128/317/453 366/311/453
f  366/311/454 128/317/454 367/312/454
f  128/317/455 127/318/455 367/312/455
f  367/312/456 127/318/456 368/313/456
f  127/318/457 126/319/457 368/313/457
f  368/313/458 126/319/458 369/314/458
f  126/319/459 125/320/459 369/314/459
f  369/314/460 125/320/460 174/130/460
f  125/320/461 9/40/461 174/130/461
f  138/321/462 173/41/462 9/40/462
f  137/322/463 370/323/463 138/321/463
f  136/324/464 371/325/464 137/322/464
f  135/326/465 373/327/465 136/324/465
f  134/328/466 376/329/466 135/326/466
f  133/330/467 380/331/467 134/328/467
f  132/31/468 385/332/468 133/330/468
f  138/321/469 370/323/469 173/41/469
f  370/323/470 172/166/470 173/41/470
f  137/322/471 371/325/471 370/323/471
f  371/325/472 372/333/472 370/323/472
f  370/323/473 372/333/473 172/166/473
f  372/333/474 171/167/474 172/166/474
f  136/324/475 373/327/475 371/325/475
f  373/327/476 374/334/476 371/325/476
f  371/325/477 374/334/477 372/333/477
f  374/334/478 375/335/478 372/333/478
f  372/333/479 375/335/479 171/167/479
f  375/335/480 170/168/480 171/167/480
f  135/326/481 376/329/481 373/327/481
f  376/329/482 377/336/482 373/327/482
f  373/327/483 377/336/483 374/334/483
f  377/336/484 378/337/484 374/334/484
f  374/334/485 378/337/485 375/335/485
f  378/337/486 379/338/486 375/335/486
f  375/335/487 379/338/487 170/168/487
f  379/338/488 169/169/488 170/168/488
f  134/328/489 380/331/489 376/329/489
f  380/331/490 381/339/490 376/329/490
f  376/329/491 381/339/491 377/336/491
f  381/339/492 382/340/492 377/336/492
f  377/336/493 382/340/493 378/337/493
f  382/340/494 383/341/494 378/337/494
f  378/337/495 383/341/495 379/338/495
f  383/341/496 384/342/496 379/338/496
f  379/338/497 384/342/497 169/169/497
f  384/342/498 168/170/498 169/169/498
f  133/330/499 385/332/499 380/331/499
f  385/332/500 386/343/500 380/331/500
f  380/331/501 386/343/501 381/339/501
f  386/343/502 387/344/502 381/339/502
f  381/339/503 387/344/503 382/340/503
f  387/344/504 388/345/504 382/340/504
f  382/340/505 388/345/505 383/341/505
f  388/345/506 389/346/506 383/341/506
f  383/341/507 389/346/507 384/342/507
f  389/346/508 390/347/508 384/342/508
f  384/342/509 390/347/509 168/170/509
f  390/347/510 167/171/510 168/170/510
f  132/31/511 117/22/511 385/332/511
f  117/22/512 116/348/512 385/332/512
f  385/332/513 116/348/513 386/343/513
f  116/348/514 115/349/514 386/343/514
f  386/343/515 115/349/515 387/344/515
f  115/349/516 114/350/516 387/344/516
f  387/344/517 114/350/517 388/345/517
f  114/350/518 113/351/518 388/345/518
f  388/345/519 113/351/519 389/346/519
f  113/351/520 112/352/520 389/346/520
f  389/346/521 112/352/521 390/347/521
f  112/352/522 111/353/522 390/347/522
f  390/347/523 111/353/523 167/171/523
f  111/353/524 8/172/524 167/171/524
f  124/354/525 166/38/525 8/37/525
f  123/355/526 391/356/526 124/354/526
f  122/357/527 392/358/527 123/355/527
f  121/359/528 394/360/528 122/357/528
f  120/361/529 397/362/529 121/359/529
f  119/363/530 401/364/530 120/361/530
f  118/30/531 406/365/531 119/363/531
f  124/354/532 391/356/532 166/38/532
f  391/356/533 165/208/533 166/38/533
f  123/355/534 392/358/534 391/356/534
f  392/358/535 393/366/535 391/356/535
f  391/356/536 393/366/536 165/208/536
f  393/366/537 164/209/537 165/208/537
f  122/357/538 394/360/538 392/358/538
f  394/360/539 395/367/539 392/358/539
f  392/358/540 395/367/540 393/366/540
f  395/367/541 396/368/541 393/366/541
f  393/366/542 396/368/542 164/209/542
f  396/368/543 163/210/543 164/209/543
f  121/359/544 397/362/544 394/360/544
f  397/362/545 398/369/545 394/360/545
f  394/360/546 398/369/546 395/367/546
f  398/369/547 399/370/547 395/367/547
f  395/367/548 399/370/548 396/368/548
f  399/370/549 400/371/549 396/368/549
f  396/368/550 400/371/550 163/210/550
f  400/371/551 162/211/551 163/210/551
f  120/361/552 401/364/552 397/362/552
f  401/364/553 402/372/553 397/362/553
f  397/362/554 402/372/554 398/369/554
f  402/372/555 403/373/555 398/369/555
f  398/369/556 403/373/556 399/370/556
f  403/373/557 404/374/557 399/370/557
f  399/370/558 404/374/558 400/371/558
f  404/374/559 405/375/559 400/371/559
f  400/371/560 405/375/560 162/211/560
f  405/375/561 161/212/561 162/211/561
f  119/363/562 406/365/562 401/364/562
f  406/365/563 407/376/563 401/364/563
f  401/364/564 407/376/564 402/372/564
f  407/376/565 408/377/565 402/372/565
f  402/372/566 408/377/566 403/373/566
f  408/377/567 409/378/567 403/373/567
f  403/373/568 409/378/568 404/374/568
f  409/378/569 410/379/569 404/374/569
f  404/374/570 410/379/570 405/375/570
f  410/379/571 411/380/571 405/375/571
f  405/375/572 411/380/572 161/212/572
f  411/380/573 160/213/573 161/212/573
f  118/30/574 103/19/574 406/365/574
f  103/19/575 102/381/575 406/365/575
f  406/365/576 102/381/576 407/376/576
f  102/381/577 101/382/577 407/376/577
f  407/376/578 101/382/578 408/377/578
f  101/382/579 100/383/579 408/377/579
f  408/377/580 100/383/580 409/378/580
f  100/383/581 99/384/581 409/378/581
f  409/378/582 99/384/582 410/379/582
f  99/384/583 98/385/583 410/379/583
f  410/379/584 98/385/584 411/380/584
f  98/385/585 97/386/585 411/380/585
f  411/380/586 97/386/586 160/213/586
f  97/386/587 7/34/587 160/213/587
f  110/387/588 159/35/588 7/34/588
f  109/388/589 412/389/589 110/387/589
f  108/390/590 413/391/590 109/388/590
f  107/392/591 415/393/591 108/390/591
f  106/394/592 418/395/592 107/392/592
f  105/396/593 422/397/593 106/394/593
f  104/29/594 427/398/594 105/396/594
f  110/387/595 412/389/595 159/35/595
f  412/389/596 158/249/596 159/35/596
f  109/388/597 413/391/597 412/389/597
f  413/391/598 414/399/598 412/389/598
f  412/389/599 414/399/599 158/249/599
f  414/399/600 157/250/600 158/249/600
f  108/390/601 415/393/601 413/391/601
f  415/393/602 416/400/602 413/391/602
f  413/391/603 416/400/603 414/399/603
f  416/400/604 417/401/604 414/399/604
f  414/399/605 417/401/605 157/250/605
f  417/401/606 156/251/606 157/250/606
f  107/392/607 418/395/607 415/393/607
f  418/395/608 419/402/608 415/393/608
f  415/393/609 419/402/609 416/400/609
f  419/402/610 420/403/610 416/400/610
f  416/400/611 420/403/611 417/401/611
f  420/403/612 421/404/612 417/401/612
f  417/401/613 421/404/613 156/251/613
f  421/404/614 155/252/614 156/251/614
f  106/394/615 422/397/615 418/395/615
f  422/397/616 423/405/616 418/395/616
f  418/395/617 423/405/617 419/402/617
f  423/405/618 424/406/618 419/402/618
f  419/402/619 424/406/619 420/403/619
f  424/406/620 425/407/620 420/403/620
f  420/403/621 425/407/621 421/404/621
f  425/407/622 426/408/622 421/404/622
f  421/404/623 426/408/623 155/252/623
f  426/408/624 154/253/624 155/252/624
f  105/396/625 427/398/625 422/397/625
f  427/398/626 428/409/626 422/397/626
f  422/397/627 428/409/627 423/405/627
f  428/409/628 429/410/628 423/405/628
f  423/405/629 429/410/629 424/406/629
f  429/410/630 430/411/630 424/406/630
f  424/406/631 430/411/631 425/407/631
f  430/411/632 431/412/632 425/407/632
f  425/407/633 431/412/633 426/408/633
f  431/412/634 432/413/634 426/408/634
f  426/408/635 432/413/635 154/253/635
f  432/413/636 153/254/636 154/253/636
f  104/29/637 89/16/637 427/398/637
f  89/16/638 88/414/638 427/398/638
f  427/398/639 88/414/639 428/409/639
f  88/414/640 87/415/640 428/409/640
f  428/409/641 87/415/641 429/410/641
f  87/415/642 86/416/642 429/410/642
f  429/410/643 86/416/643 430/411/643
f  86/416/644 85/417/644 430/411/644
f  430/411/645 85/417/645 431/412/645
f  85/417/646 84/418/646 431/412/646
f  431/412/647 84/418/647 432/413/647
f  84/418/648 83/419/648 432/413/648
f  432/413/649 83/419/649 153/254/649
f  83/419/650 11/46/650 153/254/650
f  139/287/651 152/288/651 10/43/651
f  140/286/652 433/420/652 139/287/652
f  141/285/653 434/421/653 140/286/653
f  142/284/654 436/422/654 141/285/654
f  143/283/655 439/423/655 142/284/655
f  144/282/656 443/424/656 143/283/656
f  145/28/657 448/425/657 144/282/657
f  139/287/658 433/420/658 152/288/658
f  433/420/659 151/289/659 152/288/659
f  140/286/660 434/421/660 433/420/660
f  434/421/661 435/426/661 433/420/661
f  433/420/662 435/426/662 151/289/662
f  435/426/663 150/291/663 151/289/663
f  141/285/664 436/422/664 434/421/664
f  436/422/665 437/427/665 434/421/665
f  434/421/666 437/427/666 435/426/666
f  437/427/667 438/428/667 435/426/667
f  435/426/668 438/428/668 150/291/668
f  438/428/669 149/293/669 150/291/669
f  142/284/670 439/423/670 436/422/670
f  439/423/671 440/429/671 436/422/671
f  436/422/672 440/429/672 437/427/672
f  440/429/673 441/430/673 437/427/673
f  437/427/674 441/430/674 438/428/674
f  441/430/675 442/431/675 438/428/675
f  438/428/676 442/431/676 149/293/676
f  442/431/677 148/295/677 149/293/677
f  143/283/678 443/424/678 439/423/678
f  443/424/679 444/432/679 439/423/679
f  439/423/680 444/432/680 440/429/680
f  444/432/681 445/433/681 440/429/681
f  440/429/682 445/433/682 441/430/682
f  445/433/683 446/434/683 441/430/683
f  441/430/684 446/434/684 442/431/684
f  446/434/685 447/435/685 442/431/685
f  442/431/686 447/435/686 148/295/686
f  447/435/687 147/297/687 148/295/687
f  144/282/688 448/425/688 443/424/688
f  448/425/689 449/436/689 443/424/689
f  443/424/690 449/436/690 444/432/690
f  449/436/691 450/437/691 444/432/691
f  444/432/692 450/437/692 445/433/692
f  450/437/693 451/438/693 445/433/693
f  445/433/694 451/438/694 446/434/694
f  451/438/695 452/439/695 446/434/695
f  446/434/696 452/439/696 447/435/696
f  452/439/697 453/440/697 447/435/697
f  447/435/698 453/440/698 147/297/698
f  453/440/699 146/32/699 147/297/699
f  145/28/700 82/27/700 448/425/700
f  82/27/701 81/441/701 448/425/701
f  448/425/702 81/441/702 449/436/702
f  81/441/703 80/442/703 449/436/703
f  449/436/704 80/442/704 450/437/704
f  80/442/705 79/443/705 450/437/705
f  450/437/706 79/443/706 451/438/706
f  79/443/707 78/444/707 451/438/707
f  451/438/708 78/444/708 452/439/708
f  78/444/709 77/445/709 452/439/709
f  452/439/710 77/445/710 453/440/710
f  77/445/711 76/446/711 453/440/711
f  453/440/712 76/446/712 146/32/712
f  76/446/713 5/23/713 146/32/713
f  125/320/714 138/321/714 9/40/714
f  126/319/715 454/447/715 125/320/715
f  127/318/716 455/448/716 126/319/716
f  128/317/717 457/449/717 127/318/717
f  129/316/718 460/450/718 128/317/718
f  130/315/719 464/451/719 129/316/719
f  131/25/720 469/452/720 130/315/720
f  125/320/721 454/447/721 138/321/721
f  454/447/722 137/322/722 138/321/722
f  126/319/723 455/448/723 454/447/723
f  455/448/724 456/453/724 454/447/724
f  454/447/725 456/453/725 137/322/725
f  456/453/726 136/324/726 137/322/726
f  127/318/727 457/449/727 455/448/727
f  457/449/728 458/454/728 455/448/728
f  455/448/729 458/454/729 456/453/729
f  458/454/730 459/455/730 456/453/730
f  456/453/731 459/455/731 136/324/731
f  459/455/732 135/326/732 136/324/732
f  128/317/733 460/450/733 457/449/733
f  460/450/734 461/456/734 457/449/734
f  457/449/735 461/456/735 458/454/735
f  461/456/736 462/457/736 458/454/736
f  458/454/737 462/457/737 459/455/737
f  462/457/738 463/458/738 459/455/738
f  459/455/739 463/458/739 135/326/739
f  463/458/740 134/328/740 135/326/740
f  129/316/741 464/451/741 460/450/741
f  464/451/742 465/459/742 460/450/742
f  460/450/743 465/459/743 461/456/743
f  465/459/744 466/460/744 461/456/744
f  461/456/745 466/460/745 462/457/745
f  466/460/746 467/461/746 462/457/746
f  462/457/747 467/461/747 463/458/747
f  467/461/748 468/462/748 463/458/748
f  463/458/749 468/462/749 134/328/749
f  468/462/750 133/330/750 134/328/750
f  130/315/751 469/452/751 464/451/751
f  469/452/752 470/463/752 464/451/752
f  464/451/753 470/463/753 465/459/753
f  470/463/754 471/464/754 465/459/754
f  465/459/755 471/464/755 466/460/755
f  471/464/756 472/465/756 466/460/756
f  466/460/757 472/465/757 467/461/757
f  472/465/758 473/466/758 467/461/758
f  467/461/759 473/466/759 468/462/759
f  473/466/760 474/467/760 468/462/760
f  468/462/761 474/467/761 133/330/761
f  474/467/762 132/31/762 133/330/762
f  131/25/763 75/24/763 469/452/763
f  75/24/764 74/468/764 469/452/764
f  469/452/765 74/468/765 470/463/765
f  74/468/766 73/469/766 470/463/766
f  470/463/767 73/469/767 471/464/767
f  73/469/768 72/470/768 471/464/768
f  471/464/769 72/470/769 472/465/769
f  72/470/770 71/471/770 472/465/770
f  472/465/771 71/471/771 473/466/771
f  71/471/772 70/472/772 473/466/772
f  473/466/773 70/472/773 474/467/773
f  70/472/774 69/473/774 474/467/774
f  474/467/775 69/473/775 132/31/775
f  69/473/776 4/20/776 132/31/776
f  111/353/777 124/474/777 8/172/777
f  112/352/778 475/475/778 111/353/778
f  113/351/779 476/476/779 112/352/779
f  114/350/780 478/477/780 113/351/780
f  115/349/781 481/478/781 114/350/781
f  116/348/782 485/479/782 115/349/782
f  117/22/783 490/480/783 116/348/783
f  111/353/784 475/475/784 124/474/784
f  475/475/785 123/481/785 124/474/785
f  112/352/786 476/476/786 475/475/786
f  476/476/787 477/482/787 475/475/787
f  475/475/788 477/482/788 123/481/788
f  477/482/789 122/483/789 123/481/789
f  113/351/790 478/477/790 476/476/790
f  478/477/791 479/484/791 476/476/791
f  476/476/792 479/484/792 477/482/792
f  479/484/793 480/485/793 477/482/793
f  477/482/794 480/485/794 122/483/794
f  480/485/795 121/486/795 122/483/795
f  114/350/796 481/478/796 478/477/796
f  481/478/797 482/487/797 478/477/797
f  478/477/798 482/487/798 479/484/798
f  482/487/799 483/488/799 479/484/799
f  479/484/800 483/488/800 480/485/800
f  483/488/801 484/489/801 480/485/801
f  480/485/802 484/489/802 121/486/802
f  484/489/803 120/490/803 121/486/803
f  115/349/804 485/479/804 481/478/804
f  485/479/805 486/491/805 481/478/805
f  481/478/806 486/491/806 482/487/806
f  486/491/807 487/492/807 482/487/807
f  482/487/808 487/492/808 483/488/808
f  487/492/809 488/493/809 483/488/809
f  483/488/810 488/493/810 484/489/810
f  488/493/811 489/494/811 484/489/811
f  484/489/812 489/494/812 120/490/812
f  489/494/813 119/495/813 120/490/813
f  116/348/814 490/480/814 485/479/814
f  490/480/815 491/496/815 485/479/815
f  485/479/816 491/496/816 486/491/816
f  491/496/817 492/497/817 486/491/817
f  486/491/818 492/497/818 487/492/818
f  492/497/819 493/498/819 487/492/819
f  487/492/820 493/498/820 488/493/820
f  493/498/821 494/499/821 488/493/821
f  488/493/822 494/499/822 489/494/822
f  494/499/823 495/500/823 489/494/823
f  489/494/824 495/500/824 119/495/824
f  495/500/825 118/501/825 119/495/825
f  117/22/826 61/21/826 490/480/826
f  61/21/827 60/502/827 490/480/827
f  490/480/828 60/502/828 491/496/828
f  60/502/829 59/503/829 491/496/829
f  491/496/830 59/503/830 492/497/830
f  59/503/831 58/504/831 492/497/831
f  492/497/832 58/504/832 493/498/832
f  58/504/833 57/505/833 493/498/833
f  493/498/834 57/505/834 494/499/834
f  57/505/835 56/506/835 494/499/835
f  494/499/836 56/506/836 495/500/836
f  56/506/837 55/507/837 495/500/837
f  495/500/838 55/507/838 118/501/838
f  55/507/839 3/508/839 118/501/839
f  97/386/840 110/387/840 7/34/840
f  98/385/841 496/509/841 97/386/841
f  99/384/842 497/510/842 98/385/842
f  100/383/843 499/511/843 99/384/843
f  101/382/844 502/512/844 100/383/844
f  102/381/845 506/513/845 101/382/845
f  103/19/846 511/514/846 102/381/846
f  97/386/847 496/509/847 110/387/847
f  496/509/848 109/388/848 110/387/848
f  98/385/849 497/510/849 496/509/849
f  497/510/850 498/515/850 496/509/850
f  496/509/851 498/515/851 109/388/851
f  498/515/852 108/390/852 109/388/852
f  99/384/853 499/511/853 497/510/853
f  499/511/854 500/516/854 497/510/854
f  497/510/855 500/516/855 498/515/855
f  500/516/856 501/517/856 498/515/856
f  498/515/857 501/517/857 108/390/857
f  501/517/858 107/392/858 108/390/858
f  100/383/859 502/512/859 499/511/859
f  502/512/860 503/518/860 499/511/860
f  499/511/861 503/518/861 500/516/861
f  503/518/862 504/519/862 500/516/862
f  500/516/863 504/519/863 501/517/863
f  504/519/864 505/520/864 501/517/864
f  501/517/865 505/520/865 107/392/865
f  505/520/866 106/394/866 107/392/866
f  101/382/867 506/513/867 502/512/867
f  506/513/868 507/521/868 502/512/868
f  502/512/869 507/521/869 503/518/869
f  507/521/870 508/522/870 503/518/870
f  503/518/871 508/522/871 504/519/871
f  508/522/872 509/523/872 504/519/872
f  504/519/873 509/523/873 505/520/873
f  509/523/874 510/524/874 505/520/874
f  505/520/875 510/524/875 106/394/875
f  510/524/876 105/396/876 106/394/876
f  102/381/877 511/514/877 506/513/877
f  511/514/878 512/525/878 506/513/878
f  506/513/879 512/525/879 507/521/879
f  512/525/880 513/526/880 507/521/880
f  507/521/881 513/526/881 508/522/881
f  513/526/882 514/527/882 508/522/882
f  508/522/883 514/527/883 509/523/883
f  514/527/884 515/528/884 509/523/884
f  509/523/885 515/528/885 510/524/885
f  515/528/886 516/529/886 510/524/886
f  510/524/887 516/529/887 105/396/887
f  516/529/888 104/29/888 105/396/888
f  103/19/889 33/18/889 511/514/889
f  33/18/890 32/530/890 511/514/890
f  511/514/891 32/530/891 512/525/891
f  32/530/892 31/531/892 512/525/892
f  512/525/893 31/531/893 513/526/893
f  31/531/894 30/532/894 513/526/894
f  513/526/895 30/532/895 514/527/895
f  30/532/896 29/533/896 514/527/896
f  514/527/897 29/533/897 515/528/897
f  29/533/898 28/534/898 515/528/898
f  515/528/899 28/534/899 516/529/899
f  28/534/900 27/535/900 516/529/900
f  516/529/901 27/535/901 104/29/901
f  27/535/902 2/4/902 104/29/902
f  83/419/903 96/255/903 11/46/903
f  84/418/904 517/536/904 83/419/904
f  85/417/905 518/537/905 84/418/905
f  86/416/906 520/538/906 85/417/906
f  87/415/907 523/539/907 86/416/907
f  88/414/908 527/540/908 87/415/908
f  89/16/909 532/541/909 88/414/909
f  83/419/910 517/536/910 96/255/910
f  517/536/911 95/256/911 96/255/911
f  84/418/912 518/537/912 517/536/912
f  518/537/913 519/542/913 517/536/913
f  517/536/914 519/542/914 95/256/914
f  519/542/915 94/258/915 95/256/915
f  85/417/916 520/538/916 518/537/916
f  520/538/917 521/543/917 518/537/917
f  518/537/918 521/543/918 519/542/918
f  521/543/919 522/544/919 519/542/919
f  519/542/920 522/544/920 94/258/920
f  522/544/921 93/260/921 94/258/921
f  86/416/922 523/539/922 520/538/922
f  523/539/923 524/545/923 520/538/923
f  520/538/924 524/545/924 521/543/924
f  524/545/925 525/546/925 521/543/925
f  521/543/926 525/546/926 522/544/926
f  525/546/927 526/547/927 522/544/927
f  522/544/928 526/547/928 93/260/928
f  526/547/929 92/262/929 93/260/929
f  87/415/930 527/540/930 523/539/930
f  527/540/931 528/548/931 523/539/931
f  523/539/932 528/548/932 524/545/932
f  528/548/933 529/549/933 524/545/933
f  524/545/934 529/549/934 525/546/934
f  529/549/935 530/550/935 525/546/935
f  525/546/936 530/550/936 526/547/936
f  530/550/937 531/551/937 526/547/937
f  526/547/938 531/551/938 92/262/938
f  531/551/939 91/264/939 92/262/939
f  88/414/940 532/541/940 527/540/940
f  532/541/941 533/552/941 527/540/941
f  527/540/942 533/552/942 528/548/942
f  533/552/943 534/553/943 528/548/943
f  528/548/944 534/553/944 529/549/944
f  534/553/945 535/554/945 529/549/945
f  529/549/946 535/554/946 530/550/946
f  535/554/947 536/555/947 530/550/947
f  530/550/948 536/555/948 531/551/948
f  536/555/949 537/556/949 531/551/949
f  531/551/950 537/556/950 91/264/950
f  537/556/951 90/33/951 91/264/951
f  89/16/952 40/6/952 532/541/952
f  40/6/953 39/557/953 532/541/953
f  532/541/954 39/557/954 533/552/954
f  39/557/955 38/558/955 533/552/955
f  533/552/956 38/558/956 534/553/956
f  38/558/957 37/559/957 534/553/957
f  534/553/958 37/559/958 535/554/958
f  37/559/959 36/560/959 535/554/959
f  535/554/960 36/560/960 536/555/960
f  36/560/961 35/561/961 536/555/961
f  536/555/962 35/561/962 537/556/962
f  35/561/963 34/562/963 537/556/963
f  537/556/964 34/562/964 90/33/964
f  34/562/965 6/26/965 90/33/965
f  47/563/966 82/27/966 6/26/966
f  46/564/967 538/565/967 47/563/967
f  45/566/968 539/567/968 46/564/968
f  44/568/969 541/569/969 45/566/969
f  43/570/970 544/571/970 44/568/970
f  42/572/971 548/573/971 43/570/971
f  41/15/972 553/574/972 42/572/972
f  47/563/973 538/565/973 82/27/973
f  538/565/974 81/441/974 82/27/974
f  46/564/975 539/567/975 538/565/975
f  539/567/976 540/575/976 538/565/976
f  538/565/977 540/575/977 81/441/977
f  540/575/978 80/442/978 81/441/978
f  45/566/979 541/569/979 539/567/979
f  541/569/980 542/576/980 539/567/980
f  539/567/981 542/576/981 540/575/981
f  542/576/982 543/577/982 540/575/982
f  540/575/983 543/577/983 80/442/983
f  543/577/984 79/443/984 80/442/984
f  44/568/985 544/571/985 541/569/985
f  544/571/986 545/578/986 541/569/986
f  541/569/987 545/578/987 542/576/987
f  545/578/988 546/579/988 542/576/988
f  542/576/989 546/579/989 543/577/989
f  546/579/990 547/580/990 543/577/990
f  543/577/991 547/580/991 79/443/991
f  547/580/992 78/444/992 79/443/992
f  43/570/993 548/573/993 544/571/993
f  548/573/994 549/581/994 544/571/994
f  544/571/995 549/581/995 545/578/995
f  549/581/996 550/582/996 545/578/996
f  545/578/997 550/582/997 546/579/997
f  550/582/998 551/583/998 546/579/998
f  546/579/999 551/583/999 547/580/999
f  551/583/1000 552/584/1000 547/580/1000
f  547/580/1001 552/584/1001 78/444/1001
f  552/584/1002 77/445/1002 78/444/1002
f  42/572/1003 553/574/1003 548/573/1003
f  553/574/1004 554/585/1004 548/573/1004
f  548/573/1005 554/585/1005 549/581/1005
f  554/585/1006 555/586/1006 549/581/1006
f  549/581/1007 555/586/1007 550/582/1007
f  555/586/1008 556/587/1008 550/582/1008
f  550/582/1009 556/587/1009 551/583/1009
f  556/587/1010 557/588/1010 551/583/1010
f  551/583/1011 557/588/1011 552/584/1011
f  557/588/1012 558/589/1012 552/584/1012
f  552/584/1013 558/589/1013 77/445/1013
f  558/589/1014 76/446/1014 77/445/1014
f  41/15/1015 68/14/1015 553/574/1015
f  68/14/1016 67/590/1016 553/574/1016
f  553/574/1017 67/590/1017 554/585/1017
f  67/590/1018 66/591/1018 554/585/1018
f  554/585/1019 66/591/1019 555/586/1019
f  66/591/1020 65/592/1020 555/586/1020
f  555/586/1021 65/592/1021 556/587/1021
f  65/592/1022 64/593/1022 556/587/1022
f  556/587/1023 64/593/1023 557/588/1023
f  64/593/1024 63/594/1024 557/588/1024
f  557/588/1025 63/594/1025 558/589/1025
f  63/594/1026 62/595/1026 558/589/1026
f  558/589/1027 62/595/1027 76/446/1027
f  62/595/1028 5/23/1028 76/446/1028
f  62/596/1029 75/24/1029 5/23/1029
f  63/597/1030 559/598/1030 62/596/1030
f  64/599/1031 560/600/1031 63/597/1031
f  65/601/1032 562/602/1032 64/599/1032
f  66/603/1033 565/604/1033 65/601/1033
f  67/605/1034 569/606/1034 66/603/1034
f  68/12/1035 574/607/1035 67/605/1035
f  62/596/1036 559/598/1036 75/24/1036
f  559/598/1037 74/468/1037 75/24/1037
f  63/597/1038 560/600/1038 559/598/1038
f  560/600/1039 561/608/1039 559/598/1039
f  559/598/1040 561/608/1040 74/468/1040
f  561/608/1041 73/469/1041 74/468/1041
f  64/599/1042 562/602/1042 560/600/1042
f  562/602/1043 563/609/1043 560/600/1043
f  560/600/1044 563/609/1044 561/608/1044
f  563/609/1045 564/610/1045 561/608/1045
f  561/608/1046 564/610/1046 73/469/1046
f  564/610/1047 72/470/1047 73/469/1047
f  65/601/1048 565/604/1048 562/602/1048
f  565/604/1049 566/611/1049 562/602/1049
f  562/602/1050 566/611/1050 563/609/1050
f  566/611/1051 567/612/1051 563/609/1051
f  563/609/1052 567/612/1052 564/610/1052
f  567/612/1053 568/613/1053 564/610/1053
f  564/610/1054 568/613/1054 72/470/1054
f  568/613/1055 71/471/1055 72/470/1055
f  66/603/1056 569/606/1056 565/604/1056
f  569/606/1057 570/614/1057 565/604/1057
f  565/604/1058 570/614/1058 566/611/1058
f  570/614/1059 571/615/1059 566/611/1059
f  566/611/1060 571/615/1060 567/612/1060
f  571/615/1061 572/616/1061 567/612/1061
f  567/612/1062 572/616/1062 568/613/1062
f  572/616/1063 573/617/1063 568/613/1063
f  568/613/1064 573/617/1064 71/471/1064
f  573/617/1065 70/472/1065 71/471/1065
f  67/605/1066 574/607/1066 569/606/1066
f  574/607/1067 575/618/1067 569/606/1067
f  569/606/1068 575/618/1068 570/614/1068
f  575/618/1069 576/619/1069 570/614/1069
f  570/614/1070 576/619/1070 571/615/1070
f  576/619/1071 577/620/1071 571/615/1071
f  571/615/1072 577/620/1072 572/616/1072
f  577/620/1073 578/621/1073 572/616/1073
f  572/616/1074 578/621/1074 573/617/1074
f  578/621/1075 579/622/1075 573/617/1075
f  573/617/1076 579/622/1076 70/472/1076
f  579/622/1077 69/473/1077 70/472/1077
f  68/12/1078 54/11/1078 574/607/1078
f  54/11/1079 53/623/1079 574/607/1079
f  574/607/1080 53/623/1080 575/618/1080
f  53/623/1081 52/624/1081 575/618/1081
f  575/618/1082 52/624/1082 576/619/1082
f  52/624/1083 51/625/1083 576/619/1083
f  576/619/1084 51/625/1084 577/620/1084
f  51/625/1085 50/626/1085 577/620/1085
f  577/620/1086 50/626/1086 578/621/1086
f  50/626/1087 49/627/1087 578/621/1087
f  578/621/1088 49/627/1088 579/622/1088
f  49/627/1089 48/628/1089 579/622/1089
f  579/622/1090 48/628/1090 69/473/1090
f  48/628/1091 4/20/1091 69/473/1091
f  48/629/1092 61/21/1092 4/20/1092
f  49/630/1093 580/631/1093 48/629/1093
f  50/632/1094 581/633/1094 49/630/1094
f  51/634/1095 583/635/1095 50/632/1095
f  52/636/1096 586/637/1096 51/634/1096
f  53/638/1097 590/639/1097 52/636/1097
f  54/9/1098 595/640/1098 53/638/1098
f  48/629/1099 580/631/1099 61/21/1099
f  580/631/1100 60/502/1100 61/21/1100
f  49/630/1101 581/633/1101 580/631/1101
f  581/633/1102 582/641/1102 580/631/1102
f  580/631/1103 582/641/1103 60/502/1103
f  582/641/1104 59/503/1104 60/502/1104
f  50/632/1105 583/635/1105 581/633/1105
f  583/635/1106 584/642/1106 581/633/1106
f  581/633/1107 584/642/1107 582/641/1107
f  584/642/1108 585/643/1108 582/641/1108
f  582/641/1109 585/643/1109 59/503/1109
f  585/643/1110 58/504/1110 59/503/1110
f  51/634/1111 586/637/1111 583/635/1111
f  586/637/1112 587/644/1112 583/635/1112
f  583/635/1113 587/644/1113 584/642/1113
f  587/644/1114 588/645/1114 584/642/1114
f  584/642/1115 588/645/1115 585/643/1115
f  588/645/1116 589/646/1116 585/643/1116
f  585/643/1117 589/646/1117 58/504/1117
f  589/646/1118 57/505/1118 58/504/1118
f  52/636/1119 590/639/1119 586/637/1119
f  590/639/1120 591/647/1120 586/637/1120
f  586/637/1121 591/647/1121 587/644/1121
f  591/647/1122 592/648/1122 587/644/1122
f  587/644/1123 592/648/1123 588/645/1123
f  592/648/1124 593/649/1124 588/645/1124
f  588/645/1125 593/649/1125 589/646/1125
f  593/649/1126 594/650/1126 589/646/1126
f  589/646/1127 594/650/1127 57/505/1127
f  594/650/1128 56/506/1128 57/505/1128
f  53/638/1129 595/640/1129 590/639/1129
f  595/640/1130 596/651/1130 590/639/1130
f  590/639/1131 596/651/1131 591/647/1131
f  596/651/1132 597/652/1132 591/647/1132
f  591/647/1133 597/652/1133 592/648/1133
f  597/652/1134 598/653/1134 592/648/1134
f  592/648/1135 598/653/1135 593/649/1135
f  598/653/1136 599/654/1136 593/649/1136
f  593/649/1137 599/654/1137 594/650/1137
f  599/654/1138 600/655/1138 594/650/1138
f  594/650/1139 600/655/1139 56/506/1139
f  600/655/1140 55/507/1140 56/506/1140
f  54/9/1141 19/8/1141 595/640/1141
f  19/8/1142 18/656/1142 595/640/1142
f  595/640/1143 18/656/1143 596/651/1143
f  18/656/1144 17/657/1144 596/651/1144
f  596/651/1145 17/657/1145 597/652/1145
f  17/657/1146 16/658/1146 597/652/1146
f  597/652/1147 16/658/1147 598/653/1147
f  16/658/1148 15/659/1148 598/653/1148
f  598/653/1149 15/659/1149 599/654/1149
f  15/659/1150 14/660/1150 599/654/1150
f  599/654/1151 14/660/1151 600/655/1151
f  14/660/1152 13/661/1152 600/655/1152
f  600/655/1153 13/661/1153 55/507/1153
f  13/661/1154 3/508/1154 55/507/1154
f  34/562/1155 47/662/1155 6/26/1155
f  35/561/1156 601/663/1156 34/562/1156
f  36/560/1157 602/664/1157 35/561/1157
f  37/559/1158 604/665/1158 36/560/1158
f  38/558/1159 607/666/1159 37/559/1159
f  39/557/1160 611/667/1160 38/558/1160
f  40/6/1161 616/668/1161 39/557/1161
f  34/562/1162 601/663/1162 47/662/1162
f  601/663/1163 46/669/1163 47/662/1163
f  35/561/1164 602/664/1164 601/663/1164
f  602/664/1165 603/670/1165 601/663/1165
f  601/663/1166 603/670/1166 46/669/1166
f  603/670/1167 45/671/1167 46/669/1167
f  36/560/1168 604/665/1168 602/664/1168
f  604/665/1169 605/672/1169 602/664/1169
f  602/664/1170 605/672/1170 603/670/1170
f  605/672/1171 606/673/1171 603/670/1171
f  603/670/1172 606/673/1172 45/671/1172
f  606/673/1173 44/674/1173 45/671/1173
f  37/559/1174 607/666/1174 604/665/1174
f  607/666/1175 608/675/1175 604/665/1175
f  604/665/1176 608/675/1176 605/672/1176
f  608/675/1177 609/676/1177 605/672/1177
f  605/672/1178 609/676/1178 606/673/1178
f  609/676/1179 610/677/1179 606/673/1179
f  606/673/1180 610/677/1180 44/674/1180
f  610/677/1181 43/678/1181 44/674/1181
f  38/558/1182 611/667/1182 607/666/1182
f  611/667/1183 612/679/1183 607/666/1183
f  607/666/1184 612/679/1184 608/675/1184
f  612/679/1185 613/680/1185 608/675/1185
f  608/675/1186 613/680/1186 609/676/1186
f  613/680/1187 614/681/1187 609/676/1187
f  609/676/1188 614/681/1188 610/677/1188
f  614/681/1189 615/682/1189 610/677/1189
f  610/677/1190 615/682/1190 43/678/1190
f  615/682/1191 42/683/1191 43/678/1191
f  39/557/1192 616/668/1192 611/667/1192
f  616/668/1193 617/684/1193 611/667/1193
f  611/667/1194 617/684/1194 612/679/1194
f  617/684/1195 618/685/1195 612/679/1195
f  612/679/1196 618/685/1196 613/680/1196
f  618/685/1197 619/686/1197 613/680/1197
f  613/680/1198 619/686/1198 614/681/1198
f  619/686/1199 620/687/1199 614/681/1199
f  614/681/1200 620/687/1200 615/682/1200
f  620/687/1201 621/688/1201 615/682/1201
f  615/682/1202 621/688/1202 42/683/1202
f  621/688/1203 41/689/1203 42/683/1203
f  40/6/1204 26/5/1204 616/668/1204
f  26/5/1205 25/690/1205 616/668/1205
f  616/668/1206 25/690/1206 617/684/1206
f  25/690/1207 24/691/1207 617/684/1207
f  617/684/1208 24/691/1208 618/685/1208
f  24/691/1209 23/692/1209 618/685/1209
f  618/685/1210 23/692/1210 619/686/1210
f  23/692/1211 22/693/1211 619/686/1211
f  619/686/1212 22/693/1212 620/687/1212
f  22/693/1213 21/694/1213 620/687/1213
f  620/687/1214 21/694/1214 621/688/1214
f  21/694/1215 20/695/1215 621/688/1215
f  621/688/1216 20/695/1216 41/689/1216
f  20/695/1217 1/696/1217 41/689/1217
f  13/697/1218 33/18/1218 3/17/1218
f  14/698/1219 622/699/1219 13/697/1219
f  15/700/1220 623/701/1220 14/698/1220
f  16/702/1221 625/703/1221 15/700/1221
f  17/704/1222 628/705/1222 16/702/1222
f  18/706/1223 632/707/1223 17/704/1223
f  19/3/1224 637/708/1224 18/706/1224
f  13/697/1225 622/699/1225 33/18/1225
f  622/699/1226 32/530/1226 33/18/1226
f  14/698/1227 623/701/1227 622/699/1227
f  623/701/1228 624/709/1228 622/699/1228
f  622/699/1229 624/709/1229 32/530/1229
f  624/709/1230 31/531/1230 32/530/1230
f  15/700/1231 625/703/1231 623/701/1231
f  625/703/1232 626/710/1232 623/701/1232
f  623/701/1233 626/710/1233 624/709/1233
f  626/710/1234 627/711/1234 624/709/1234
f  624/709/1235 627/711/1235 31/531/1235
f  627/711/1236 30/532/1236 31/531/1236
f  16/702/1237 628/705/1237 625/703/1237
f  628/705/1238 629/712/1238 625/703/1238
f  625/703/1239 629/712/1239 626/710/1239
f  629/712/1240 630/713/1240 626/710/1240
f  626/710/1241 630/713/1241 627/711/1241
f  630/713/1242 631/714/1242 627/711/1242
f  627/711/1243 631/714/1243 30/532/1243
f  631/714/1244 29/533/1244 30/532/1244
f  17/704/1245 632/707/1245 628/705/1245
f  632/707/1246 633/715/1246 628/705/1246
f  628/705/1247 633/715/1247 629/712/1247
f  633/715/1248 634/716/1248 629/712/1248
f  629/712/1249 634/716/1249 630/713/1249
f  634/716/1250 635/717/1250 630/713/1250
f  630/713/1251 635/717/1251 631/714/1251
f  635/717/1252 636/718/1252 631/714/1252
f  631/714/1253 636/718/1253 29/533/1253
f  636/718/1254 28/534/1254 29/533/1254
f  18/706/1255 637/708/1255 632/707/1255
f  637/708/1256 638/719/1256 632/707/1256
f  632/707/1257 638/719/1257 633/715/1257
f  638/719/1258 639/720/1258 633/715/1258
f  633/715/1259 639/720/1259 634/716/1259
f  639/720/1260 640/721/1260 634/716/1260
f  634/716/1261 640/721/1261 635/717/1261
f  640/721/1262 641/722/1262 635/717/1262
f  635/717/1263 641/722/1263 636/718/1263
f  641/722/1264 642/723/1264 636/718/1264
f  636/718/1265 642/723/1265 28/534/1265
f  642/723/1266 27/535/1266 28/534/1266
f  19/3/1267 20/2/1267 637/708/1267
f  20/2/1268 21/724/1268 637/708/1268
f  637/708/1269 21/724/1269 638/719/1269
f  21/724/1270 22/725/1270 638/719/1270
f  638/719/1271 22/725/1271 639/720/1271
f  22/725/1272 23/726/1272 639/720/1272
f  639/720/1273 23/726/1273 640/721/1273
f  23/726/1274 24/727/1274 640/721/1274
f  640/721/1275 24/727/1275 641/722/1275
f  24/727/1276 25/728/1276 641/722/1276
f  641/722/1277 25/728/1277 642/723/1277
f  25/728/1278 26/729/1278 642/723/1278
f  642/723/1279 26/729/1279 27/535/1279
f  26/729/1280 2/4/1280 27/535/1280
